datum,relation,trailer_geplant,trailer_benoetigt,trailer_linie_gefahren,sonderfahrten,trailer_ueberzaehlig,lademeter_aufkommen,lademeter_verschoben_auf_folgetag,auslastung_pct
2024-01-02,R01,4,4,4,0,0,46.9,0.0,86.2
2024-01-03,R01,2,2,2,0,0,20.3,0.0,74.6
2024-01-04,R01,4,5,4,1,0,55.5,0.0,81.6
2024-01-05,R01,2,3,2,1,0,34.9,0.0,85.5
2024-01-08,R01,4,4,4,0,0,43.0,0.0,79.0
2024-01-09,R01,4,6,4,1,0,62.9,0.3,92.5
2024-01-10,R01,2,4,2,0,0,40.2,15.5,100.0
2024-01-11,R01,5,6,5,0,0,49.3,2.3,95.3
2024-01-12,R01,2,3,2,1,0,30.2,0.0,79.5
2024-01-15,R01,5,3,5,0,2,35.6,0.0,52.4
2024-01-16,R01,6,6,6,0,0,63.3,0.0,77.6
2024-01-17,R01,3,3,3,0,0,26.2,0.0,64.2
2024-01-18,R01,6,4,6,0,2,44.1,0.0,54.0
2024-01-19,R01,3,3,3,0,0,30.2,0.0,74.0
2024-01-22,R01,4,3,4,0,1,31.2,0.0,57.4
2024-01-23,R01,7,5,7,0,2,59.6,0.0,62.6
2024-01-24,R01,4,2,4,0,2,24.1,0.0,44.3
2024-01-25,R01,5,5,5,0,0,53.4,0.0,78.5
2024-01-26,R01,3,3,3,0,0,35.8,0.0,87.7
2024-01-29,R01,4,4,4,0,0,43.2,0.0,79.4
2024-01-30,R01,5,5,5,0,0,58.7,0.0,86.3
2024-01-31,R01,2,4,2,1,0,41.0,3.5,100.0
2024-02-01,R01,4,7,4,0,0,73.7,27.1,100.0
2024-02-02,R01,2,5,2,2,0,25.6,2.7,96.9
2024-02-05,R01,4,4,4,0,0,36.7,0.0,67.5
2024-02-06,R01,5,5,5,0,0,60.4,0.0,88.8
2024-02-07,R01,3,4,3,1,0,43.2,0.0,79.4
2024-02-08,R01,6,5,6,0,1,50.8,0.0,62.3
2024-02-09,R01,4,3,4,0,1,30.0,0.0,55.1
2024-02-12,R01,5,3,5,0,2,36.4,0.0,53.5
2024-02-13,R01,5,5,5,0,0,58.4,0.0,85.9
2024-02-14,R01,4,4,4,0,0,38.6,0.0,71.0
2024-02-15,R01,6,6,6,0,0,69.3,0.0,84.9
2024-02-16,R01,3,3,3,0,0,33.1,0.0,81.1
2024-02-19,R01,4,3,4,0,1,35.0,0.0,64.3
2024-02-20,R01,5,5,5,0,0,54.5,0.0,80.1
2024-02-21,R01,5,3,5,0,2,34.5,0.0,50.7
2024-02-22,R01,6,6,6,0,0,63.7,0.0,78.1
2024-02-23,R01,3,2,3,0,1,22.1,0.0,54.2
2024-02-26,R01,4,4,4,0,0,41.2,0.0,75.7
2024-02-27,R01,5,4,5,0,1,44.7,0.0,65.7
2024-02-28,R01,3,3,3,0,0,29.5,0.0,72.3
2024-02-29,R01,7,5,7,0,2,61.3,0.0,64.4
2024-03-01,R01,2,3,2,0,0,28.9,3.9,100.0
2024-03-04,R01,4,4,4,0,0,38.8,0.0,71.3
2024-03-05,R01,4,5,4,0,0,61.1,11.1,100.0
2024-03-06,R01,3,4,3,1,0,35.5,0.0,85.6
2024-03-07,R01,5,6,5,1,0,74.3,0.0,91.1
2024-03-08,R01,2,3,2,0,0,29.6,4.6,100.0
2024-03-11,R01,5,4,5,0,1,38.0,0.0,55.9
2024-03-12,R01,4,5,4,1,0,57.1,0.0,84.0
2024-03-13,R01,4,3,4,0,1,26.7,0.0,49.1
2024-03-14,R01,5,6,5,1,0,68.8,0.0,84.3
2024-03-15,R01,3,2,3,0,1,18.7,0.0,45.8
2024-03-18,R01,5,4,5,0,1,47.6,0.0,70.0
2024-03-19,R01,5,4,5,0,1,44.7,0.0,65.7
2024-03-20,R01,4,5,4,0,0,51.6,1.6,94.9
2024-03-21,R01,6,4,6,0,2,47.1,0.0,59.6
2024-03-22,R01,2,3,2,1,0,36.3,0.0,89.0
2024-03-25,R01,5,3,5,0,2,32.7,0.0,48.1
2024-03-26,R01,5,6,5,0,0,72.9,10.3,100.0
2024-03-27,R01,4,5,4,0,0,41.5,1.8,95.3
2024-03-28,R01,5,7,5,0,0,83.2,22.4,100.0
2024-04-02,R01,7,7,7,0,0,57.6,0.0,60.5
2024-04-03,R01,6,3,6,0,3,35.6,0.0,43.6
2024-04-04,R01,8,6,8,0,2,67.7,0.0,62.2
2024-04-05,R01,3,3,3,0,0,36.9,0.0,90.4
2024-04-08,R01,3,4,3,0,0,40.0,2.5,98.0
2024-04-09,R01,7,7,7,0,0,82.1,0.0,88.8
2024-04-10,R01,4,3,4,0,1,34.3,0.0,63.1
2024-04-11,R01,7,5,7,0,2,58.6,0.0,61.6
2024-04-12,R01,4,3,4,0,1,31.3,0.0,57.5
2024-04-15,R01,4,4,4,0,0,42.3,0.0,77.8
2024-04-16,R01,8,6,8,0,2,66.2,0.0,60.8
2024-04-17,R01,3,3,3,0,0,30.5,0.0,74.8
2024-04-18,R01,5,5,5,0,0,60.0,0.0,88.2
2024-04-19,R01,3,3,3,0,0,29.4,0.0,72.1
2024-04-22,R01,4,5,4,0,0,53.9,3.9,99.1
2024-04-23,R01,6,6,6,0,0,61.9,0.0,80.6
2024-04-24,R01,3,4,3,0,0,41.8,4.3,100.0
2024-04-25,R01,4,6,4,0,0,58.4,12.6,100.0
2024-04-26,R01,3,5,3,1,0,37.9,0.5,92.9
2024-04-29,R01,5,4,5,0,1,43.9,0.0,64.6
2024-04-30,R01,5,7,5,2,0,85.3,0.0,89.6
2024-05-02,R01,6,5,6,0,1,61.0,0.0,74.8
2024-05-03,R01,4,2,4,0,2,23.2,0.0,42.6
2024-05-06,R01,4,5,4,0,0,51.4,1.4,94.5
2024-05-07,R01,7,5,7,0,2,59.5,0.0,63.9
2024-05-08,R01,4,3,4,0,1,36.6,0.0,67.3
2024-05-10,R01,3,3,3,0,0,26.1,0.0,64.0
2024-05-13,R01,5,5,5,0,0,56.4,0.0,82.9
2024-05-14,R01,6,5,6,0,1,57.3,0.0,70.2
2024-05-15,R01,4,3,4,0,1,36.5,0.0,67.1
2024-05-16,R01,5,5,5,0,0,51.1,0.0,75.1
2024-05-17,R01,2,4,2,2,0,47.0,0.0,86.4
2024-05-21,R01,5,5,5,0,0,53.2,0.0,78.2
2024-05-22,R01,3,4,3,1,0,43.9,0.0,80.7
2024-05-23,R01,6,5,6,0,1,56.3,0.0,69.0
2024-05-24,R01,3,3,3,0,0,34.0,0.0,83.3
2024-05-27,R01,5,4,5,0,1,46.7,0.0,68.7
2024-05-28,R01,5,6,5,1,0,73.4,0.0,90.0
2024-05-29,R01,3,5,3,2,0,62.1,0.0,91.3
2024-05-31,R01,3,2,3,0,1,22.4,0.0,54.9
2024-06-03,R01,5,3,5,0,2,37.0,0.0,54.4
2024-06-04,R01,6,5,6,0,1,62.1,0.0,76.1
2024-06-05,R01,5,4,5,0,1,43.0,0.0,63.2
2024-06-06,R01,5,5,5,0,0,52.2,0.0,76.8
2024-06-07,R01,2,3,2,0,0,36.7,11.7,100.0
2024-06-10,R01,4,5,4,0,0,42.5,4.1,78.1
2024-06-11,R01,6,5,6,0,1,57.3,0.0,75.3
2024-06-12,R01,5,3,5,0,2,32.5,0.0,47.8
2024-06-13,R01,6,5,6,0,1,60.4,0.0,74.0
2024-06-14,R01,2,3,2,0,0,28.7,3.7,100.0
2024-06-17,R01,4,5,4,1,0,51.7,0.0,76.0
2024-06-18,R01,5,5,5,0,0,53.3,0.0,78.4
2024-06-19,R01,3,3,3,0,0,35.2,0.0,86.3
2024-06-20,R01,5,4,5,0,1,48.4,0.0,71.2
2024-06-21,R01,3,4,3,0,0,39.3,1.8,96.3
2024-06-24,R01,5,5,5,0,0,49.7,0.0,73.1
2024-06-25,R01,5,5,5,0,0,59.7,0.0,87.8
2024-06-26,R01,4,4,4,0,0,49.9,0.0,91.7
2024-06-27,R01,4,6,4,2,0,73.0,0.0,89.5
2024-06-28,R01,3,3,3,0,0,32.6,0.0,79.9
2024-07-01,R01,6,4,6,0,2,42.7,0.0,52.3
2024-07-02,R01,5,6,5,0,0,63.6,1.0,93.5
2024-07-03,R01,4,4,4,0,0,36.8,0.0,69.6
2024-07-04,R01,6,5,6,0,1,54.2,0.0,66.4
2024-07-05,R01,3,3,3,0,0,30.9,0.0,75.7
2024-07-08,R01,5,4,5,0,1,43.9,0.0,64.6
2024-07-09,R01,6,5,6,0,1,57.8,0.0,70.8
2024-07-10,R01,4,3,4,0,1,33.9,0.0,62.3
2024-07-11,R01,5,5,5,0,0,53.7,0.0,79.0
2024-07-12,R01,3,4,3,0,0,41.5,4.0,100.0
2024-07-15,R01,4,5,4,1,0,51.2,0.0,75.3
2024-07-16,R01,5,6,5,1,0,72.5,0.0,88.8
2024-07-17,R01,4,3,4,0,1,31.0,0.0,57.0
2024-07-18,R01,5,6,5,0,0,63.8,1.2,93.8
2024-07-19,R01,4,3,4,0,1,33.4,0.0,63.7
2024-07-22,R01,5,4,5,0,1,42.1,0.0,61.9
2024-07-23,R01,5,5,5,0,0,52.6,0.0,77.4
2024-07-24,R01,3,4,3,0,0,39.5,2.0,96.8
2024-07-25,R01,7,5,7,0,2,54.2,0.0,59.0
2024-07-26,R01,3,2,3,0,1,22.2,0.0,54.4
2024-07-29,R01,5,3,5,0,2,32.5,0.0,47.8
2024-07-30,R01,6,6,6,0,0,64.3,0.0,78.8
2024-07-31,R01,4,3,4,0,1,25.1,0.0,46.1
2024-08-01,R01,5,5,5,0,0,53.3,0.0,78.4
2024-08-02,R01,2,2,2,0,0,22.9,0.0,84.2
2024-08-05,R01,4,3,4,0,1,35.0,0.0,64.3
2024-08-06,R01,6,6,6,0,0,63.4,0.0,77.7
2024-08-07,R01,3,3,3,0,0,36.3,0.0,89.0
2024-08-08,R01,5,4,5,0,1,48.2,0.0,70.9
2024-08-09,R01,2,3,2,0,0,25.8,0.8,94.9
2024-08-12,R01,4,4,4,0,0,37.2,0.0,68.4
2024-08-13,R01,7,4,7,0,3,49.5,0.0,52.0
2024-08-14,R01,4,3,4,0,1,33.3,0.0,61.2
2024-08-15,R01,4,5,4,1,0,56.8,0.0,83.5
2024-08-16,R01,3,4,3,1,0,44.8,0.0,82.4
2024-08-19,R01,4,4,4,0,0,40.9,0.0,75.2
2024-08-20,R01,5,6,5,1,0,69.8,0.0,85.5
2024-08-21,R01,2,3,2,0,0,33.2,8.2,100.0
2024-08-22,R01,5,4,5,0,1,41.0,0.0,72.3
2024-08-23,R01,4,3,4,0,1,33.3,0.0,61.2
2024-08-26,R01,5,3,5,0,2,37.2,0.0,54.7
2024-08-27,R01,6,4,6,0,2,49.7,0.0,60.9
2024-08-28,R01,3,2,3,0,1,23.5,0.0,57.6
2024-08-29,R01,4,5,4,0,0,59.9,9.9,100.0
2024-08-30,R01,3,3,3,0,0,25.4,0.0,86.4
2024-09-02,R01,3,4,3,0,0,40.3,2.8,98.8
2024-09-03,R01,4,5,4,1,0,59.5,0.0,91.6
2024-09-04,R01,2,3,2,1,0,31.0,0.0,76.0
2024-09-05,R01,4,5,4,0,0,54.6,4.6,100.0
2024-09-06,R01,3,4,3,0,0,33.5,0.5,93.3
2024-09-09,R01,4,4,4,0,0,45.9,0.0,84.4
2024-09-10,R01,4,7,4,2,0,79.7,4.6,97.7
2024-09-11,R01,2,4,2,1,0,39.4,6.5,100.0
2024-09-12,R01,4,7,4,3,0,80.7,0.0,91.6
2024-09-13,R01,3,4,3,0,0,39.0,1.5,95.6
2024-09-16,R01,5,4,5,0,1,41.7,0.0,61.3
2024-09-17,R01,6,6,6,0,0,66.6,0.0,81.6
2024-09-18,R01,3,3,3,0,0,28.4,0.0,69.6
2024-09-19,R01,6,6,6,0,0,64.2,0.0,78.7
2024-09-20,R01,4,3,4,0,1,37.3,0.0,68.6
2024-09-23,R01,4,4,4,0,0,46.4,0.0,85.3
2024-09-24,R01,6,4,6,0,2,44.0,0.0,53.9
2024-09-25,R01,3,4,3,0,0,38.9,1.4,95.3
2024-09-26,R01,7,6,7,0,1,66.6,0.0,71.4
2024-09-27,R01,3,3,3,0,0,30.7,0.0,75.2
2024-09-30,R01,4,4,4,0,0,48.4,0.0,89.0
2024-10-01,R01,5,6,5,1,0,69.3,0.0,84.9
2024-10-02,R01,3,4,3,1,0,43.7,0.0,80.3
2024-10-04,R01,3,2,3,0,1,23.3,0.0,57.1
2024-10-07,R01,5,3,5,0,2,36.5,0.0,53.7
2024-10-08,R01,5,6,5,1,0,68.6,0.0,84.1
2024-10-09,R01,4,3,4,0,1,31.9,0.0,58.6
2024-10-10,R01,6,5,6,0,1,57.1,0.0,70.0
2024-10-11,R01,3,3,3,0,0,31.1,0.0,76.2
2024-10-14,R01,4,3,4,0,1,36.0,0.0,66.2
2024-10-15,R01,6,6,6,0,0,64.1,0.0,78.6
2024-10-16,R01,3,3,3,0,0,35.8,0.0,87.7
2024-10-17,R01,5,5,5,0,0,54.5,0.0,80.1
2024-10-18,R01,2,3,2,0,0,25.4,0.4,93.4
2024-10-21,R01,4,4,4,0,0,43.7,0.0,80.3
2024-10-22,R01,6,5,6,0,1,54.9,0.0,67.3
2024-10-23,R01,3,5,3,1,0,50.2,0.2,92.3
2024-10-24,R01,5,6,5,0,0,63.1,0.7,93.0
2024-10-25,R01,3,3,3,0,0,29.8,0.0,74.7
2024-10-28,R01,4,4,4,0,0,43.8,0.0,80.5
2024-10-29,R01,6,6,6,0,0,64.5,0.0,79.0
2024-10-30,R01,4,4,4,0,0,43.3,0.0,79.6
2024-10-31,R01,5,7,5,0,0,75.8,13.2,100.0
2024-11-04,R01,4,5,4,0,0,38.1,1.3,70.0
2024-11-05,R01,5,5,5,0,0,53.9,0.0,81.2
2024-11-06,R01,4,3,4,0,1,27.7,0.0,50.9
2024-11-07,R01,7,5,7,0,2,51.7,0.0,54.3
2024-11-08,R01,3,3,3,0,0,35.0,0.0,85.8
2024-11-11,R01,5,4,5,0,1,48.1,0.0,70.7
2024-11-12,R01,5,5,5,0,0,55.6,0.0,81.8
2024-11-13,R01,4,4,4,0,0,39.3,0.0,72.2
2024-11-14,R01,5,3,5,0,2,32.6,0.0,47.9
2024-11-15,R01,2,5,2,0,0,59.1,34.1,100.0
2024-11-18,R01,4,7,4,3,0,46.6,0.0,48.9
2024-11-19,R01,5,7,5,1,0,80.0,4.9,98.0
2024-11-20,R01,4,4,4,0,0,36.7,0.0,76.5
2024-11-21,R01,4,5,4,0,0,62.4,12.4,100.0
2024-11-22,R01,4,3,4,0,1,23.3,0.0,65.5
2024-11-25,R01,6,4,6,0,2,40.5,0.0,49.6
2024-11-26,R01,6,5,6,0,1,51.9,0.0,63.6
2024-11-27,R01,4,3,4,0,1,37.4,0.0,68.8
2024-11-28,R01,4,5,4,1,0,61.2,0.0,90.0
2024-11-29,R01,4,3,4,0,1,30.6,0.0,56.2
2024-12-02,R01,5,4,5,0,1,47.5,0.0,69.9
2024-12-03,R01,5,5,5,0,0,58.3,0.0,85.7
2024-12-04,R01,4,4,4,0,0,46.0,0.0,84.6
2024-12-05,R01,5,6,5,1,0,70.5,0.0,86.4
2024-12-06,R01,3,2,3,0,1,22.9,0.0,56.1
2024-12-09,R01,4,4,4,0,0,44.7,0.0,82.2
2024-12-10,R01,5,5,5,0,0,60.0,0.0,88.2
2024-12-11,R01,4,3,4,0,1,32.0,0.0,58.8
2024-12-12,R01,6,5,6,0,1,60.9,0.0,74.6
2024-12-13,R01,2,3,2,1,0,37.2,0.0,91.2
2024-12-16,R01,4,4,4,0,0,49.7,0.0,91.4
2024-12-17,R01,5,6,5,1,0,70.0,0.0,85.8
2024-12-18,R01,3,4,3,0,0,37.7,0.2,92.4
2024-12-19,R01,5,5,5,0,0,57.6,0.0,84.9
2024-12-20,R01,3,3,3,0,0,33.5,0.0,82.1
2024-12-23,R01,4,3,4,0,1,25.4,0.0,46.7
2024-12-24,R01,5,5,5,0,0,53.6,0.0,78.8
2024-12-27,R01,3,1,3,0,2,9.0,0.0,22.1
2024-12-30,R01,4,3,4,0,1,27.0,0.0,49.6
2024-12-31,R01,4,4,4,0,0,41.7,0.0,76.7
2025-01-02,R01,5,3,5,0,2,29.6,0.0,43.5
2025-01-03,R01,2,2,2,0,0,16.1,0.0,59.2
2025-01-07,R01,4,5,4,1,0,55.8,0.0,82.1
2025-01-08,R01,4,3,4,0,1,30.5,0.0,56.1
2025-01-09,R01,4,6,4,2,0,68.7,0.0,84.2
2025-01-10,R01,2,3,2,0,0,29.2,4.2,100.0
2025-01-13,R01,3,3,3,0,0,26.9,0.0,65.9
2025-01-14,R01,5,5,5,0,0,57.0,0.0,83.8
2025-01-15,R01,2,3,2,1,0,30.8,0.0,75.5
2025-01-16,R01,5,5,5,0,0,56.0,0.0,82.4
2025-01-17,R01,3,3,3,0,0,31.1,0.0,76.2
2025-01-20,R01,4,4,4,0,0,37.7,0.0,69.3
2025-01-21,R01,5,5,5,0,0,54.7,0.0,80.4
2025-01-22,R01,3,5,3,1,0,50.8,0.8,93.4
2025-01-23,R01,5,5,5,0,0,51.8,0.0,77.3
2025-01-24,R01,2,2,2,0,0,22.6,0.0,83.1
2025-01-27,R01,4,3,4,0,1,32.0,0.0,58.8
2025-01-28,R01,4,5,4,1,0,57.8,0.0,85.0
2025-01-29,R01,4,3,4,0,1,35.2,0.0,64.7
2025-01-30,R01,6,7,6,0,0,82.0,6.9,100.0
2025-01-31,R01,3,3,3,0,0,30.0,0.0,90.5
2025-02-03,R01,4,4,4,0,0,43.9,0.0,80.7
2025-02-04,R01,5,5,5,0,0,58.2,0.0,85.6
2025-02-05,R01,4,4,4,0,0,39.6,0.0,72.8
2025-02-06,R01,5,4,5,0,1,46.0,0.0,67.6
2025-02-07,R01,3,4,3,0,0,43.6,6.1,100.0
2025-02-10,R01,4,4,4,0,0,33.8,0.0,62.1
2025-02-11,R01,5,6,5,0,0,65.3,2.7,96.0
2025-02-12,R01,4,3,4,0,1,34.1,0.0,67.7
2025-02-13,R01,5,5,5,0,0,58.5,0.0,86.0
2025-02-14,R01,3,3,3,0,0,31.9,0.0,78.2
2025-02-17,R01,4,4,4,0,0,38.4,0.0,70.6
2025-02-18,R01,5,6,5,0,0,66.2,3.6,97.4
2025-02-19,R01,3,4,3,1,0,39.4,0.0,79.1
2025-02-20,R01,5,5,5,0,0,57.1,0.0,84.0
2025-02-21,R01,2,3,2,0,0,26.4,1.4,97.1
2025-02-24,R01,4,4,4,0,0,48.4,0.0,89.0
2025-02-25,R01,5,5,5,0,0,54.3,0.0,79.9
2025-02-26,R01,4,4,4,0,0,38.1,0.0,70.0
2025-02-27,R01,5,4,5,0,1,49.2,0.0,72.4
2025-02-28,R01,3,3,3,0,0,26.3,0.0,64.5
2025-03-03,R01,4,5,4,0,0,53.7,3.7,98.7
2025-03-04,R01,5,5,5,0,0,54.1,0.0,84.9
2025-03-05,R01,4,4,4,0,0,39.5,0.0,72.6
2025-03-06,R01,5,5,5,0,0,58.5,0.0,86.0
2025-03-07,R01,3,3,3,0,0,34.3,0.0,84.1
2025-03-10,R01,5,4,5,0,1,48.7,0.0,71.6
2025-03-11,R01,5,7,5,1,0,77.3,2.2,94.7
2025-03-12,R01,4,4,4,0,0,42.7,0.0,82.6
2025-03-13,R01,6,5,6,0,1,51.7,0.0,63.4
2025-03-14,R01,3,3,3,0,0,36.9,0.0,90.4
2025-03-17,R01,5,4,5,0,1,41.5,0.0,61.0
2025-03-18,R01,6,5,6,0,1,53.8,0.0,65.9
2025-03-19,R01,4,3,4,0,1,34.2,0.0,62.9
2025-03-20,R01,5,5,5,0,0,53.2,0.0,78.2
2025-03-21,R01,3,3,3,0,0,29.2,0.0,71.6
2025-03-24,R01,4,4,4,0,0,43.7,0.0,80.3
2025-03-25,R01,5,7,5,2,0,81.4,0.0,85.5
2025-03-26,R01,4,4,4,0,0,43.7,0.0,80.3
2025-03-27,R01,5,5,5,0,0,59.1,0.0,86.9
2025-03-28,R01,3,3,3,0,0,35.9,0.0,88.0
2025-03-31,R01,5,3,5,0,2,36.3,0.0,53.4
2025-04-01,R01,6,5,6,0,1,54.4,0.0,66.7
2025-04-02,R01,4,5,4,0,0,51.1,1.1,93.9
2025-04-03,R01,5,6,5,1,0,68.1,0.0,84.7
2025-04-04,R01,3,2,3,0,1,22.4,0.0,54.9
2025-04-07,R01,4,4,4,0,0,47.3,0.0,86.9
2025-04-08,R01,6,6,6,0,0,74.9,0.0,91.8
2025-04-09,R01,4,4,4,0,0,41.4,0.0,76.1
2025-04-10,R01,6,6,6,0,0,74.8,0.0,91.7
2025-04-11,R01,3,3,3,0,0,25.7,0.0,63.0
2025-04-14,R01,4,5,4,0,0,51.3,1.3,94.3
2025-04-15,R01,5,6,5,1,0,69.3,0.0,86.5
2025-04-16,R01,4,4,4,0,0,47.0,0.0,86.4
2025-04-17,R01,5,5,5,0,0,60.3,0.0,88.7
2025-04-22,R01,6,6,6,0,0,70.5,0.0,86.4
2025-04-23,R01,4,3,4,0,1,35.7,0.0,65.6
2025-04-24,R01,6,6,6,0,0,66.4,0.0,81.4
2025-04-25,R01,4,3,4,0,1,29.0,0.0,53.3
2025-04-28,R01,5,4,5,0,1,44.2,0.0,65.0
2025-04-29,R01,6,6,6,0,0,63.5,0.0,77.8
2025-04-30,R01,3,4,3,0,0,38.9,1.4,95.3
2025-05-02,R01,2,3,2,0,0,25.9,2.2,95.2
2025-05-05,R01,5,5,5,0,0,48.2,0.0,70.9
2025-05-06,R01,6,5,6,0,1,50.5,0.0,61.9
2025-05-07,R01,4,4,4,0,0,39.9,0.0,73.3
2025-05-08,R01,6,6,6,0,0,65.8,0.0,80.6
2025-05-09,R01,3,3,3,0,0,28.2,0.0,69.1
2025-05-12,R01,5,4,5,0,1,43.6,0.0,64.1
2025-05-13,R01,5,6,5,1,0,73.5,0.0,90.1
2025-05-14,R01,4,3,4,0,1,33.3,0.0,61.2
2025-05-15,R01,5,5,5,0,0,58.6,0.0,86.2
2025-05-16,R01,2,3,2,1,0,30.4,0.0,74.5
2025-05-19,R01,4,4,4,0,0,45.1,0.0,82.9
2025-05-20,R01,6,7,6,0,0,76.9,1.8,94.2
2025-05-21,R01,4,4,4,0,0,36.0,0.0,69.5
2025-05-22,R01,6,5,6,0,1,57.9,0.0,71.0
2025-05-23,R01,3,3,3,0,0,31.2,0.0,76.5
2025-05-26,R01,4,4,4,0,0,47.2,0.0,86.8
2025-05-27,R01,8,6,8,0,2,68.1,0.0,62.6
2025-05-28,R01,4,4,4,0,0,39.2,0.0,72.1
2025-05-30,R01,2,2,2,0,0,17.5,0.0,64.3
2025-06-02,R01,4,4,4,0,0,38.6,0.0,71.0
2025-06-03,R01,7,5,7,0,2,57.7,0.0,60.6
2025-06-04,R01,4,4,4,0,0,48.2,0.0,88.6
2025-06-05,R01,5,6,5,1,0,69.6,0.0,85.3
2025-06-06,R01,2,4,2,1,0,40.2,2.7,98.5
2025-06-10,R01,5,6,5,0,0,64.7,4.8,95.1
2025-06-11,R01,3,4,3,0,0,33.0,0.3,92.7
2025-06-12,R01,4,6,4,1,0,70.9,8.6,100.0
2025-06-13,R01,3,4,3,0,0,33.5,4.6,100.0
2025-06-16,R01,5,5,5,0,0,47.3,0.0,69.6
2025-06-17,R01,5,5,5,0,0,56.4,0.0,82.9
2025-06-18,R01,3,4,3,1,0,45.6,0.0,83.8
2025-06-20,R01,4,3,4,0,1,27.6,0.0,50.7
2025-06-23,R01,5,4,5,0,1,46.1,0.0,67.8
2025-06-24,R01,5,7,5,1,0,76.6,1.5,93.9
2025-06-25,R01,4,4,4,0,0,41.3,0.0,78.7
2025-06-26,R01,7,7,7,0,0,82.1,0.0,86.2
2025-06-27,R01,3,4,3,1,0,48.1,0.0,88.4
2025-06-30,R01,4,4,4,0,0,49.0,0.0,90.1
2025-07-01,R01,6,6,6,0,0,70.1,0.0,85.9
2025-07-02,R01,5,4,5,0,1,42.3,0.0,62.2
2025-07-03,R01,6,6,6,0,0,70.7,0.0,86.6
2025-07-04,R01,3,3,3,0,0,34.7,0.0,85.0
2025-07-07,R01,5,6,5,0,0,63.9,1.3,94.0
2025-07-08,R01,6,6,6,0,0,66.7,0.0,83.4
2025-07-09,R01,4,4,4,0,0,37.8,0.0,69.5
2025-07-10,R01,6,7,6,0,0,78.4,3.3,96.1
2025-07-11,R01,4,4,4,0,0,34.5,0.0,69.5
2025-07-14,R01,5,5,5,0,0,55.1,0.0,81.0
2025-07-15,R01,7,6,7,0,1,68.8,0.0,72.3
2025-07-16,R01,4,4,4,0,0,46.5,0.0,85.5
2025-07-17,R01,7,4,7,0,3,48.1,0.0,50.5
2025-07-18,R01,4,4,4,0,0,46.8,0.0,86.0
2025-07-21,R01,5,4,5,0,1,44.0,0.0,64.7
2025-07-22,R01,6,6,6,0,0,70.3,0.0,86.2
2025-07-23,R01,5,3,5,0,2,36.1,0.0,53.1
2025-07-24,R01,6,6,6,0,0,64.3,0.0,78.8
2025-07-25,R01,4,3,4,0,1,37.2,0.0,68.4
2025-07-28,R01,5,4,5,0,1,39.7,0.0,58.4
2025-07-29,R01,6,6,6,0,0,67.1,0.0,82.2
2025-07-30,R01,3,4,3,0,0,41.0,3.5,100.0
2025-07-31,R01,5,6,5,0,0,64.2,5.1,99.5
2025-08-01,R01,3,3,3,0,0,29.2,0.0,84.1
2025-08-04,R01,5,3,5,0,2,34.8,0.0,51.2
2025-08-05,R01,7,5,7,0,2,59.9,0.0,62.9
2025-08-06,R01,4,3,4,0,1,27.6,0.0,50.7
2025-08-07,R01,6,4,6,0,2,46.1,0.0,56.5
2025-08-08,R01,3,2,3,0,1,24.3,0.0,59.6
2025-08-11,R01,4,3,4,0,1,35.8,0.0,65.8
2025-08-12,R01,6,5,6,0,1,51.4,0.0,63.0
2025-08-13,R01,4,3,4,0,1,32.5,0.0,59.7
2025-08-14,R01,6,6,6,0,0,65.9,0.0,80.8
2025-08-15,R01,3,3,3,0,0,28.8,0.0,70.6
2025-08-18,R01,3,4,3,0,0,38.8,1.3,95.1
2025-08-19,R01,6,5,6,0,1,57.7,0.0,72.3
2025-08-20,R01,3,3,3,0,0,34.2,0.0,83.8
2025-08-21,R01,5,6,5,1,0,68.8,0.0,84.3
2025-08-22,R01,3,2,3,0,1,21.1,0.0,51.7
2025-08-25,R01,4,3,4,0,1,34.2,0.0,62.9
2025-08-26,R01,5,5,5,0,0,60.6,0.0,89.1
2025-08-27,R01,3,4,3,1,0,44.0,0.0,80.9
2025-08-28,R01,7,6,7,0,1,70.3,0.0,73.8
2025-08-29,R01,3,2,3,0,1,19.2,0.0,47.1
2025-09-01,R01,4,3,4,0,1,30.7,0.0,56.4
2025-09-02,R01,4,4,4,0,0,44.6,0.0,82.0
2025-09-03,R01,3,3,3,0,0,30.7,0.0,75.2
2025-09-04,R01,5,5,5,0,0,56.9,0.0,83.7
2025-09-05,R01,2,2,2,0,0,21.9,0.0,80.5
2025-09-08,R01,3,3,3,0,0,33.1,0.0,81.1
2025-09-09,R01,5,6,5,0,0,64.6,2.0,95.0
2025-09-10,R01,3,4,3,0,0,38.1,2.6,98.4
2025-09-11,R01,6,5,6,0,1,57.6,0.0,73.8
2025-09-12,R01,2,3,2,0,0,28.2,3.2,100.0
2025-09-15,R01,3,5,3,0,0,47.6,13.2,100.0
2025-09-16,R01,5,8,5,3,0,83.1,0.0,88.5
2025-09-17,R01,4,4,4,0,0,46.1,0.0,84.7
2025-09-18,R01,6,6,6,0,0,64.0,0.0,78.4
2025-09-19,R01,2,4,2,0,0,42.3,17.3,100.0
2025-09-22,R01,4,5,4,0,0,37.4,4.6,68.8
2025-09-23,R01,7,6,7,0,1,61.0,0.0,68.9
2025-09-24,R01,4,4,4,0,0,40.1,0.0,73.7
2025-09-25,R01,5,7,5,0,0,77.0,14.4,100.0
2025-09-26,R01,3,4,3,1,0,28.5,0.0,78.9
2025-09-29,R01,5,5,5,0,0,57.3,0.0,84.3
2025-09-30,R01,7,6,7,0,1,64.4,0.0,67.6
2025-10-01,R01,4,3,4,0,1,31.3,0.0,57.5
2025-10-02,R01,6,6,6,0,0,65.6,0.0,80.4
2025-10-06,R01,5,5,5,0,0,52.2,0.0,76.8
2025-10-07,R01,6,5,6,0,1,58.7,0.0,71.9
2025-10-08,R01,3,4,3,1,0,45.9,0.0,84.4
2025-10-09,R01,6,5,6,0,1,54.8,0.0,67.2
2025-10-10,R01,3,3,3,0,0,29.8,0.0,73.0
2025-10-13,R01,5,4,5,0,1,41.5,0.0,61.0
2025-10-14,R01,5,7,5,2,0,84.2,0.0,88.4
2025-10-15,R01,3,4,3,1,0,44.6,0.0,82.0
2025-10-16,R01,5,6,5,0,0,65.7,3.1,96.6
2025-10-17,R01,3,3,3,0,0,30.3,0.0,82.0
2025-10-20,R01,4,4,4,0,0,38.3,0.0,70.4
2025-10-21,R01,6,6,6,0,0,74.3,0.0,91.1
2025-10-22,R01,4,4,4,0,0,43.3,0.0,79.6
2025-10-23,R01,6,5,6,0,1,55.8,0.0,68.4
2025-10-24,R01,3,3,3,0,0,29.8,0.0,73.0
2025-10-27,R01,4,5,4,0,0,51.8,1.8,95.2
2025-10-28,R01,5,5,5,0,0,58.8,0.0,89.0
2025-10-29,R01,4,4,4,0,0,39.9,0.0,73.3
2025-10-30,R01,6,5,6,0,1,54.3,0.0,66.5
2025-10-31,R01,3,4,3,1,0,43.6,0.0,80.1
2025-11-03,R01,5,4,5,0,1,48.3,0.0,71.0
2025-11-04,R01,5,6,5,1,0,71.8,0.0,88.0
2025-11-05,R01,4,4,4,0,0,39.7,0.0,73.0
2025-11-06,R01,5,5,5,0,0,54.1,0.0,79.6
2025-11-07,R01,3,4,3,0,0,40.6,3.1,99.5
2025-11-10,R01,4,4,4,0,0,37.9,0.0,69.7
2025-11-11,R01,6,6,6,0,0,68.5,0.0,83.9
2025-11-12,R01,4,4,4,0,0,41.8,0.0,76.8
2025-11-13,R01,4,6,4,0,0,69.4,19.4,100.0
2025-11-14,R01,4,4,4,0,0,26.3,0.0,83.9
2025-11-17,R01,6,4,6,0,2,40.4,0.0,49.5
2025-11-18,R01,6,4,6,0,2,46.7,0.0,57.2
2025-11-19,R01,4,4,4,0,0,38.0,0.0,69.9
2025-11-20,R01,6,5,6,0,1,56.2,0.0,68.9
2025-11-21,R01,3,2,3,0,1,21.4,0.0,52.5
2025-11-24,R01,5,4,5,0,1,40.0,0.0,58.8
2025-11-25,R01,5,6,5,0,0,68.0,5.4,100.0
2025-11-26,R01,3,4,3,0,0,34.4,2.3,97.6
2025-11-27,R01,6,5,6,0,1,49.8,0.0,63.9
2025-11-28,R01,2,3,2,0,0,36.6,11.6,100.0
2025-12-01,R01,5,4,5,0,1,29.8,0.0,43.8
2025-12-02,R01,5,5,5,0,0,62.0,0.0,91.2
2025-12-03,R01,4,3,4,0,1,32.7,0.0,60.1
2025-12-04,R01,4,6,4,1,0,63.9,1.3,94.0
2025-12-05,R01,2,3,2,0,0,27.6,3.9,100.0
2025-12-08,R01,4,4,4,0,0,33.7,0.0,61.9
2025-12-09,R01,4,5,4,1,0,59.4,0.0,87.4
2025-12-10,R01,4,3,4,0,1,32.1,0.0,59.0
2025-12-11,R01,5,5,5,0,0,55.5,0.0,81.6
2025-12-12,R01,3,3,3,0,0,28.0,0.0,68.6
2025-12-15,R01,5,3,5,0,2,29.4,0.0,43.2
2025-12-16,R01,5,6,5,0,0,63.3,0.7,93.1
2025-12-17,R01,3,3,3,0,0,24.5,0.0,61.9
2025-12-18,R01,5,6,5,1,0,69.8,0.0,85.5
2025-12-19,R01,3,3,3,0,0,28.9,0.0,70.8
2025-12-22,R01,3,3,3,0,0,26.2,0.0,64.2
2025-12-23,R01,5,4,5,0,1,40.0,0.0,58.8
2025-12-24,R01,3,3,3,0,0,25.5,0.0,62.5
2025-12-29,R01,4,2,4,0,2,20.3,0.0,37.3
2025-12-30,R01,5,4,5,0,1,42.7,0.0,62.8
2025-12-31,R01,3,2,3,0,1,24.9,0.0,61.0
2026-01-02,R01,2,1,2,0,1,9.1,0.0,33.5
2026-01-05,R01,3,4,3,1,0,45.1,0.0,82.9
2026-01-07,R01,3,3,3,0,0,26.4,0.0,64.7
2026-01-08,R01,6,4,6,0,2,47.5,0.0,58.2
2026-01-09,R01,2,3,2,0,0,25.5,0.5,93.8
2026-01-12,R01,3,3,3,0,0,27.4,0.0,67.2
2026-01-13,R01,5,4,5,0,1,47.7,0.0,70.1
2026-01-14,R01,3,3,3,0,0,37.4,0.0,91.7
2026-01-15,R01,4,5,4,1,0,58.9,0.0,86.6
2026-01-16,R01,2,3,2,0,0,27.6,2.6,100.0
2026-01-19,R01,4,3,4,0,1,32.1,0.0,59.0
2026-01-20,R01,4,4,4,0,0,46.5,0.0,85.5
2026-01-21,R01,4,4,4,0,0,38.7,0.0,71.1
2026-01-22,R01,5,5,5,0,0,58.4,0.0,85.9
2026-01-23,R01,3,3,3,0,0,26.3,0.0,64.5
2026-01-26,R01,3,4,3,0,0,38.3,0.8,93.9
2026-01-27,R01,5,5,5,0,0,54.0,0.0,80.5
2026-01-28,R01,3,2,3,0,1,21.0,0.0,51.5
2026-01-29,R01,6,6,6,0,0,66.4,0.0,81.4
2026-01-30,R01,3,4,3,0,0,37.9,0.4,92.9
2026-02-02,R01,4,4,4,0,0,40.8,0.0,75.0
2026-02-03,R01,6,6,6,0,0,63.6,0.0,77.9
2026-02-04,R01,3,4,3,0,0,39.0,1.5,95.6
2026-02-05,R01,5,5,5,0,0,59.9,0.0,90.2
2026-02-06,R01,3,2,3,0,1,20.6,0.0,50.5
2026-02-09,R01,4,5,4,0,0,52.8,2.8,97.1
2026-02-10,R01,6,6,6,0,0,61.4,0.0,78.6
2026-02-11,R01,3,4,3,0,0,39.5,2.0,96.8
2026-02-12,R01,6,6,6,0,0,62.8,0.0,79.4
2026-02-13,R01,2,4,2,0,0,39.1,14.1,100.0
2026-02-16,R01,5,5,5,0,0,45.6,0.0,67.1
2026-02-17,R01,6,6,6,0,0,68.8,0.0,84.3
2026-02-18,R01,5,4,5,0,1,40.1,0.0,59.0
2026-02-19,R01,5,4,5,0,1,48.1,0.0,70.7
2026-02-20,R01,3,4,3,0,0,38.2,0.7,93.6
2026-02-23,R01,5,3,5,0,2,33.7,0.0,49.6
2026-02-24,R01,5,6,5,0,0,66.1,3.5,97.2
2026-02-25,R01,4,4,4,0,0,38.1,0.0,76.5
2026-02-26,R01,4,5,4,1,0,61.0,0.0,89.7
2026-02-27,R01,5,4,5,0,1,39.4,0.0,57.9
2026-03-02,R01,4,4,4,0,0,40.9,0.0,75.2
2026-03-03,R01,6,8,6,1,0,88.0,0.4,92.4
2026-03-04,R01,4,4,4,0,0,46.2,0.0,85.7
2026-03-05,R01,5,6,5,1,0,69.2,0.0,84.8
2026-03-06,R01,3,3,3,0,0,27.8,0.0,68.1
2026-03-09,R01,3,5,3,0,0,51.5,14.0,100.0
2026-03-10,R01,7,7,7,0,0,62.5,0.0,80.3
2026-03-11,R01,4,4,4,0,0,41.5,0.0,76.3
2026-03-12,R01,5,6,5,0,0,64.9,2.3,95.4
2026-03-13,R01,3,3,3,0,0,28.8,0.0,76.3
2026-03-16,R01,4,4,4,0,0,45.3,0.0,83.3
2026-03-17,R01,6,6,6,0,0,69.8,0.0,85.5
2026-03-18,R01,4,4,4,0,0,40.4,0.0,74.3
2026-03-19,R01,6,7,6,0,0,76.2,1.1,93.4
2026-03-20,R01,3,3,3,0,0,30.1,0.0,76.5
2026-03-23,R01,5,4,5,0,1,49.4,0.0,72.6
2026-03-24,R01,7,6,7,0,1,73.9,0.0,77.6
2026-03-25,R01,4,3,4,0,1,25.6,0.0,47.1
2026-03-26,R01,6,6,6,0,0,65.2,0.0,79.9
2026-03-27,R01,2,2,2,0,0,23.9,0.0,87.9
2026-03-30,R01,4,4,4,0,0,39.6,0.0,72.8
2026-03-31,R01,5,6,5,1,0,69.5,0.0,85.2
2026-04-01,R01,4,4,4,0,0,39.5,0.0,72.6
2026-04-02,R01,5,6,5,1,0,72.8,0.0,89.2
2026-04-07,R01,6,5,6,0,1,56.0,0.0,68.6
2026-04-08,R01,3,4,3,1,0,45.8,0.0,84.2
2026-04-09,R01,6,5,6,0,1,61.0,0.0,74.8
2026-04-10,R01,2,3,2,1,0,30.9,0.0,75.7
2026-04-13,R01,5,4,5,0,1,43.1,0.0,63.4
2026-04-14,R01,5,5,5,0,0,61.3,0.0,90.1
2026-04-15,R01,4,4,4,0,0,42.4,0.0,77.9
2026-04-16,R01,5,6,5,0,0,66.8,4.2,98.2
2026-04-17,R01,2,4,2,0,0,39.8,19.0,100.0
2026-04-20,R01,5,6,5,0,0,46.9,3.4,69.0
2026-04-21,R01,6,6,6,0,0,65.9,0.0,84.9
2026-04-22,R01,4,4,4,0,0,44.5,0.0,81.8
2026-04-23,R01,6,3,6,0,3,32.0,0.0,39.2
2026-04-24,R01,4,4,4,0,0,48.7,0.0,89.5
2026-04-27,R01,6,5,6,0,1,54.0,0.0,66.2
2026-04-28,R01,6,7,6,1,0,86.1,0.0,90.4
2026-04-29,R01,5,4,5,0,1,48.0,0.0,70.6
2026-04-30,R01,4,7,4,2,0,77.1,2.0,94.5
2026-05-04,R01,5,4,5,0,1,40.5,0.0,59.6
2026-05-05,R01,7,7,7,0,0,80.3,0.0,84.3
2026-05-06,R01,4,4,4,0,0,48.7,0.0,89.5
2026-05-07,R01,6,6,6,0,0,70.9,0.0,86.9
2026-05-08,R01,3,3,3,0,0,33.6,0.0,82.4
2026-05-11,R01,4,4,4,0,0,41.6,0.0,76.5
2026-05-12,R01,7,6,7,0,1,74.3,0.0,78.0
2026-05-13,R01,3,5,3,1,0,50.5,0.5,92.8
2026-05-15,R01,2,2,2,0,0,16.1,0.0,59.2
2026-05-18,R01,4,4,4,0,0,47.7,0.0,87.7
2026-05-19,R01,7,7,7,0,0,77.1,0.0,81.0
2026-05-20,R01,4,4,4,0,0,39.4,0.0,72.4
2026-05-21,R01,5,7,5,1,0,76.2,1.1,93.4
2026-05-22,R01,1,4,1,2,0,36.8,0.4,93.0
2026-05-26,R01,6,5,6,0,1,59.8,0.0,73.3
2026-05-27,R01,4,4,4,0,0,46.4,0.0,85.3
2026-05-28,R01,7,7,7,0,0,80.9,0.0,85.0
2026-05-29,R01,2,4,2,2,0,46.5,0.0,85.5
2026-06-01,R01,5,4,5,0,1,46.2,0.0,67.9
2026-06-02,R01,6,7,6,0,0,76.1,1.0,93.3
2026-06-03,R01,4,5,4,0,0,53.0,4.0,99.3
2026-06-05,R01,4,3,4,0,1,22.3,0.0,41.0
2026-06-08,R01,4,5,4,0,0,50.6,0.6,93.0
2026-06-09,R01,6,6,6,0,0,66.9,0.0,82.7
2026-06-10,R01,4,4,4,0,0,46.5,0.0,85.5
2026-06-11,R01,7,6,7,0,1,65.2,0.0,68.5
2026-06-12,R01,3,3,3,0,0,34.6,0.0,84.8
2026-06-15,R01,5,5,5,0,0,54.8,0.0,80.6
2026-06-16,R01,6,6,6,0,0,65.4,0.0,80.1
2026-06-17,R01,4,4,4,0,0,42.5,0.0,78.1
2026-06-18,R01,6,6,6,0,0,74.2,0.0,90.9
2026-06-19,R01,2,3,2,0,0,28.5,3.5,100.0
2026-06-22,R01,6,5,6,0,1,48.5,0.0,59.4
2026-06-23,R01,8,5,8,0,3,57.1,0.0,52.5
2026-06-24,R01,5,3,5,0,2,36.9,0.0,54.3
2026-06-25,R01,7,6,7,0,1,72.0,0.0,75.6
2026-06-26,R01,4,3,4,0,1,33.3,0.0,61.2
2026-06-29,R01,5,4,5,0,1,40.6,0.0,59.7
2026-06-30,R01,5,7,5,1,0,77.6,2.5,95.1
2026-07-01,R01,4,4,4,0,0,35.5,0.0,69.9
2026-07-02,R01,6,6,6,0,0,69.2,0.0,84.8
2026-07-03,R01,3,3,3,0,0,34.0,0.0,83.3
2026-07-06,R01,5,4,5,0,1,43.1,0.0,63.4
2026-07-07,R01,6,7,6,1,0,81.6,0.0,85.7
2026-07-08,R01,4,4,4,0,0,49.4,0.0,90.8
2026-07-09,R01,7,4,7,0,3,47.7,0.0,50.1
2026-07-10,R01,4,3,4,0,1,35.0,0.0,64.3
2026-07-13,R01,6,4,6,0,2,48.9,0.0,59.9
2026-07-14,R01,7,7,7,0,0,80.4,0.0,84.5
2026-07-15,R01,5,4,5,0,1,44.7,0.0,65.7
2026-07-16,R01,5,6,5,1,0,73.4,0.0,90.0
2026-07-17,R01,4,3,4,0,1,34.0,0.0,62.5
2026-07-20,R01,5,4,5,0,1,41.9,0.0,61.6
2026-07-21,R01,7,6,7,0,1,74.1,0.0,77.8
2026-07-22,R01,4,3,4,0,1,33.4,0.0,61.4
2026-07-23,R01,6,6,6,0,0,66.2,0.0,81.1
2026-07-24,R01,3,3,3,0,0,36.4,0.0,89.2
2026-07-27,R01,5,4,5,0,1,41.5,0.0,61.0
2026-07-28,R01,7,6,7,0,1,75.0,0.0,78.8
2026-07-29,R01,3,3,3,0,0,36.2,0.0,88.7
2026-07-30,R01,6,5,6,0,1,62.0,0.0,76.0
2026-07-31,R01,3,3,3,0,0,31.4,0.0,77.0
2026-08-03,R01,5,4,5,0,1,46.0,0.0,67.6
2026-08-04,R01,6,4,6,0,2,50.0,0.0,61.3
2026-08-05,R01,4,3,4,0,1,34.2,0.0,62.9
2026-08-06,R01,5,4,5,0,1,44.4,0.0,65.3
2026-08-07,R01,2,2,2,0,0,22.8,0.0,83.8
2026-08-10,R01,4,4,4,0,0,46.1,0.0,84.7
2026-08-11,R01,4,6,4,1,0,69.0,6.4,100.0
2026-08-12,R01,4,4,4,0,0,34.9,0.0,76.0
2026-08-13,R01,5,4,5,0,1,42.5,0.0,62.5
2026-08-14,R01,3,2,3,0,1,21.0,0.0,51.5
2026-08-17,R01,5,3,5,0,2,31.0,0.0,45.6
2026-08-18,R01,6,4,6,0,2,48.3,0.0,59.2
2026-08-19,R01,4,3,4,0,1,33.0,0.0,60.7
2026-08-20,R01,5,4,5,0,1,44.2,0.0,65.0
2026-08-21,R01,2,3,2,0,0,30.1,5.1,100.0
2026-08-24,R01,4,4,4,0,0,39.5,0.0,72.6
2026-08-25,R01,5,5,5,0,0,57.4,0.0,84.4
2026-08-26,R01,4,3,4,0,1,28.4,0.0,52.2
2026-08-27,R01,5,5,5,0,0,51.1,0.0,75.1
2026-08-28,R01,3,2,3,0,1,22.5,0.0,55.1
2026-08-31,R01,4,5,4,0,0,50.4,0.4,92.6
2024-01-02,R02,3,3,3,0,0,26.9,0.0,65.9
2024-01-03,R02,2,2,2,0,0,20.1,0.0,73.9
2024-01-04,R02,3,3,3,0,0,29.6,0.0,72.5
2024-01-05,R02,2,3,2,0,0,31.1,6.1,100.0
2024-01-08,R02,3,3,3,0,0,23.8,0.0,58.3
2024-01-09,R02,3,3,3,0,0,37.4,0.0,91.7
2024-01-10,R02,2,2,2,0,0,18.9,0.0,69.5
2024-01-11,R02,4,3,4,0,1,32.2,0.0,59.2
2024-01-12,R02,3,2,3,0,1,19.4,0.0,47.5
2024-01-15,R02,4,3,4,0,1,37.0,0.0,68.0
2024-01-16,R02,3,4,3,0,0,47.2,9.7,100.0
2024-01-17,R02,3,3,3,0,0,22.7,0.0,79.3
2024-01-18,R02,3,3,3,0,0,26.7,0.0,65.4
2024-01-19,R02,2,3,2,0,0,26.1,1.1,96.0
2024-01-22,R02,4,3,4,0,1,27.3,0.0,50.2
2024-01-23,R02,4,4,4,0,0,48.8,0.0,89.7
2024-01-24,R02,2,4,2,1,0,37.8,0.3,92.6
2024-01-25,R02,3,3,3,0,0,31.5,0.0,77.9
2024-01-26,R02,2,2,2,0,0,12.9,0.0,47.4
2024-01-29,R02,3,3,3,0,0,35.2,0.0,86.3
2024-01-30,R02,4,3,4,0,1,32.9,0.0,60.5
2024-01-31,R02,5,3,5,0,2,32.9,0.0,48.4
2024-02-01,R02,3,4,3,0,0,38.7,1.2,94.9
2024-02-02,R02,3,2,3,0,1,20.3,0.0,52.6
2024-02-05,R02,3,3,3,0,0,35.2,0.0,86.3
2024-02-06,R02,4,3,4,0,1,32.3,0.0,59.4
2024-02-07,R02,4,5,4,0,0,51.3,1.3,94.3
2024-02-08,R02,3,3,3,0,0,25.4,0.0,65.3
2024-02-09,R02,2,2,2,0,0,13.9,0.0,51.1
2024-02-12,R02,3,3,3,0,0,30.6,0.0,75.0
2024-02-13,R02,3,3,3,0,0,30.7,0.0,75.2
2024-02-14,R02,4,3,4,0,1,27.6,0.0,50.7
2024-02-15,R02,4,3,4,0,1,31.8,0.0,58.5
2024-02-16,R02,1,2,1,1,0,21.7,0.0,79.8
2024-02-19,R02,3,3,3,0,0,25.1,0.0,61.5
2024-02-20,R02,3,4,3,0,0,41.1,3.6,100.0
2024-02-21,R02,4,2,4,0,2,19.0,0.0,41.5
2024-02-22,R02,3,4,3,0,0,39.7,2.2,97.3
2024-02-23,R02,2,2,2,0,0,17.9,0.0,73.8
2024-02-26,R02,4,3,4,0,1,29.4,0.0,54.0
2024-02-27,R02,3,3,3,0,0,36.5,0.0,89.5
2024-02-28,R02,2,3,2,1,0,33.7,0.0,82.6
2024-02-29,R02,4,4,4,0,0,40.0,0.0,73.5
2024-03-01,R02,1,2,1,1,0,19.9,0.0,73.2
2024-03-04,R02,3,4,3,0,0,38.9,1.4,95.3
2024-03-05,R02,3,3,3,0,0,29.5,0.0,75.6
2024-03-06,R02,2,3,2,0,0,27.9,2.9,100.0
2024-03-07,R02,4,4,4,0,0,35.9,0.0,71.3
2024-03-08,R02,2,2,2,0,0,16.0,0.0,58.8
2024-03-11,R02,4,3,4,0,1,27.7,0.0,50.9
2024-03-12,R02,4,3,4,0,1,36.5,0.0,67.1
2024-03-13,R02,3,3,3,0,0,25.9,0.0,63.5
2024-03-14,R02,4,2,4,0,2,24.7,0.0,45.4
2024-03-15,R02,2,2,2,0,0,24.3,0.0,89.3
2024-03-18,R02,4,3,4,0,1,30.6,0.0,56.2
2024-03-19,R02,3,3,3,0,0,36.0,0.0,88.2
2024-03-20,R02,2,3,2,0,0,29.1,4.1,100.0
2024-03-21,R02,3,4,3,1,0,41.0,0.0,82.9
2024-03-22,R02,2,3,2,0,0,26.4,1.4,97.1
2024-03-25,R02,3,3,3,0,0,34.4,0.0,84.3
2024-03-26,R02,3,3,3,0,0,35.1,0.0,86.0
2024-03-27,R02,3,3,3,0,0,32.8,0.0,80.4
2024-03-28,R02,2,4,2,0,0,40.6,15.6,100.0
2024-04-02,R02,2,4,2,1,0,30.8,8.8,75.5
2024-04-03,R02,3,3,3,0,0,26.0,0.0,85.4
2024-04-04,R02,5,3,5,0,2,25.7,0.0,37.8
2024-04-05,R02,3,2,3,0,1,19.1,0.0,46.8
2024-04-08,R02,3,3,3,0,0,30.5,0.0,74.8
2024-04-09,R02,4,3,4,0,1,26.0,0.0,47.8
2024-04-10,R02,2,3,2,0,0,28.9,3.9,100.0
2024-04-11,R02,3,3,3,0,0,29.4,0.0,81.6
2024-04-12,R02,2,2,2,0,0,15.8,0.0,58.1
2024-04-15,R02,3,3,3,0,0,28.8,0.0,70.6
2024-04-16,R02,3,3,3,0,0,30.0,0.0,73.5
2024-04-17,R02,3,2,3,0,1,24.1,0.0,59.1
2024-04-18,R02,4,3,4,0,1,35.2,0.0,64.7
2024-04-19,R02,1,2,1,1,0,20.2,0.0,74.3
2024-04-22,R02,4,3,4,0,1,31.6,0.0,58.1
2024-04-23,R02,4,4,4,0,0,39.3,0.0,72.2
2024-04-24,R02,2,3,2,0,0,25.8,0.8,94.9
2024-04-25,R02,3,5,3,0,0,51.3,14.5,100.0
2024-04-26,R02,2,3,2,0,0,15.0,4.5,100.0
2024-04-29,R02,3,3,3,0,0,31.5,0.0,77.2
2024-04-30,R02,4,3,4,0,1,35.4,0.0,65.1
2024-05-02,R02,5,3,5,0,2,35.4,0.0,52.1
2024-05-03,R02,2,2,2,0,0,13.1,0.0,48.2
2024-05-06,R02,3,3,3,0,0,35.4,0.0,86.8
2024-05-07,R02,3,2,3,0,1,24.8,0.0,60.8
2024-05-08,R02,3,2,3,0,1,23.9,0.0,58.6
2024-05-10,R02,2,1,2,0,1,7.0,0.0,25.7
2024-05-13,R02,3,2,3,0,1,21.0,0.0,51.5
2024-05-14,R02,3,4,3,0,0,39.3,1.8,96.3
2024-05-15,R02,2,3,2,1,0,29.9,0.0,77.6
2024-05-16,R02,3,3,3,0,0,37.2,0.0,91.2
2024-05-17,R02,1,2,1,1,0,23.7,0.0,87.1
2024-05-21,R02,3,3,3,0,0,36.5,0.0,89.5
2024-05-22,R02,3,3,3,0,0,26.4,0.0,64.7
2024-05-23,R02,3,3,3,0,0,29.6,0.0,72.5
2024-05-24,R02,1,2,1,1,0,20.9,0.0,76.8
2024-05-27,R02,2,2,2,0,0,19.5,0.0,71.7
2024-05-28,R02,3,3,3,0,0,31.6,0.0,77.5
2024-05-29,R02,2,3,2,1,0,35.2,0.0,86.3
2024-05-31,R02,1,1,1,0,0,11.8,0.0,86.8
2024-06-03,R02,3,2,3,0,1,23.4,0.0,57.4
2024-06-04,R02,3,3,3,0,0,27.1,0.0,66.4
2024-06-05,R02,3,3,3,0,0,35.1,0.0,86.0
2024-06-06,R02,3,3,3,0,0,29.2,0.0,71.6
2024-06-07,R02,1,2,1,1,0,19.6,0.0,72.1
2024-06-10,R02,2,3,2,1,0,30.9,0.0,75.7
2024-06-11,R02,3,4,3,0,0,39.6,2.1,97.1
2024-06-12,R02,3,3,3,0,0,25.3,0.0,67.1
2024-06-13,R02,3,4,3,0,0,38.5,1.0,94.4
2024-06-14,R02,2,3,2,0,0,27.4,3.3,100.0
2024-06-17,R02,3,4,3,0,0,37.3,3.1,91.4
2024-06-18,R02,4,3,4,0,1,30.0,0.0,60.9
2024-06-19,R02,3,3,3,0,0,34.5,0.0,84.6
2024-06-20,R02,4,3,4,0,1,33.9,0.0,62.3
2024-06-21,R02,3,2,3,0,1,17.0,0.0,41.7
2024-06-24,R02,4,4,4,0,0,39.1,0.0,71.9
2024-06-25,R02,4,4,4,0,0,43.8,0.0,80.5
2024-06-26,R02,4,2,4,0,2,24.8,0.0,45.6
2024-06-27,R02,3,3,3,0,0,31.2,0.0,76.5
2024-06-28,R02,2,3,2,0,0,26.2,1.2,96.3
2024-07-01,R02,5,2,5,0,3,22.2,0.0,32.6
2024-07-02,R02,4,4,4,0,0,39.5,0.0,72.6
2024-07-03,R02,3,2,3,0,1,17.0,0.0,41.7
2024-07-04,R02,3,3,3,0,0,33.5,0.0,82.1
2024-07-05,R02,3,2,3,0,1,14.2,0.0,34.8
2024-07-08,R02,3,2,3,0,1,24.8,0.0,60.8
2024-07-09,R02,4,4,4,0,0,40.3,0.0,74.1
2024-07-10,R02,3,3,3,0,0,31.1,0.0,76.2
2024-07-11,R02,4,3,4,0,1,29.7,0.0,54.6
2024-07-12,R02,2,2,2,0,0,16.3,0.0,59.9
2024-07-15,R02,2,2,2,0,0,23.6,0.0,86.8
2024-07-16,R02,4,3,4,0,1,29.4,0.0,54.0
2024-07-17,R02,4,2,4,0,2,17.7,0.0,32.5
2024-07-18,R02,3,3,3,0,0,26.3,0.0,64.5
2024-07-19,R02,2,3,2,0,0,25.8,0.8,94.9
2024-07-22,R02,2,2,2,0,0,19.1,0.0,70.2
2024-07-23,R02,4,3,4,0,1,31.1,0.0,57.2
2024-07-24,R02,3,2,3,0,1,20.1,0.0,49.3
2024-07-25,R02,3,2,3,0,1,22.0,0.0,53.9
2024-07-26,R02,3,2,3,0,1,18.4,0.0,45.1
2024-07-29,R02,2,2,2,0,0,22.2,0.0,81.6
2024-07-30,R02,3,4,3,0,0,38.9,1.4,95.3
2024-07-31,R02,2,2,2,0,0,17.4,0.0,69.0
2024-08-01,R02,3,2,3,0,1,22.3,0.0,54.7
2024-08-02,R02,2,2,2,0,0,16.8,0.0,61.8
2024-08-05,R02,3,2,3,0,1,21.9,0.0,53.7
2024-08-06,R02,4,3,4,0,1,27.3,0.0,50.2
2024-08-07,R02,3,2,3,0,1,15.3,0.0,37.5
2024-08-08,R02,2,2,2,0,0,24.1,0.0,88.6
2024-08-09,R02,3,2,3,0,1,19.5,0.0,47.8
2024-08-12,R02,2,2,2,0,0,21.9,0.0,80.5
2024-08-13,R02,4,3,4,0,1,25.8,0.0,47.4
2024-08-14,R02,2,2,2,0,0,16.7,0.0,61.4
2024-08-15,R02,3,3,3,0,0,25.4,0.0,62.3
2024-08-16,R02,1,2,1,0,0,18.4,5.9,100.0
2024-08-19,R02,3,3,3,0,0,23.0,0.0,56.4
2024-08-20,R02,3,3,3,0,0,26.9,0.0,65.9
2024-08-21,R02,3,2,3,0,1,21.8,0.0,53.4
2024-08-22,R02,3,2,3,0,1,24.1,0.0,59.1
2024-08-23,R02,2,2,2,0,0,18.1,0.0,66.5
2024-08-26,R02,3,2,3,0,1,23.8,0.0,58.3
2024-08-27,R02,4,2,4,0,2,18.9,0.0,34.7
2024-08-28,R02,2,2,2,0,0,20.9,0.0,76.8
2024-08-29,R02,3,3,3,0,0,31.1,0.0,76.2
2024-08-30,R02,2,2,2,0,0,13.4,0.0,49.3
2024-09-02,R02,3,2,3,0,1,23.3,0.0,57.1
2024-09-03,R02,2,3,2,0,0,28.0,3.0,100.0
2024-09-04,R02,1,3,1,2,0,29.1,0.0,78.6
2024-09-05,R02,2,2,2,0,0,25.0,0.0,91.9
2024-09-06,R02,2,2,2,0,0,22.0,0.0,80.9
2024-09-09,R02,2,3,2,0,0,26.2,1.2,96.3
2024-09-10,R02,3,4,3,0,0,36.9,0.5,93.3
2024-09-11,R02,2,3,2,1,0,30.4,0.0,75.8
2024-09-12,R02,2,3,2,0,0,29.6,4.6,100.0
2024-09-13,R02,2,2,2,0,0,17.5,0.0,81.2
2024-09-16,R02,3,3,3,0,0,31.5,0.0,77.2
2024-09-17,R02,4,4,4,0,0,41.6,0.0,76.5
2024-09-18,R02,3,2,3,0,1,23.1,0.0,56.6
2024-09-19,R02,3,4,3,0,0,37.6,0.1,92.2
2024-09-20,R02,2,2,2,0,0,21.9,0.0,80.8
2024-09-23,R02,3,3,3,0,0,26.2,0.0,64.2
2024-09-24,R02,4,3,4,0,1,29.5,0.0,54.2
2024-09-25,R02,3,3,3,0,0,25.8,0.0,63.2
2024-09-26,R02,4,3,4,0,1,32.5,0.0,59.7
2024-09-27,R02,2,2,2,0,0,13.2,0.0,48.5
2024-09-30,R02,4,2,4,0,2,22.3,0.0,41.0
2024-10-01,R02,3,2,3,0,1,24.9,0.0,61.0
2024-10-02,R02,2,2,2,0,0,23.9,0.0,87.9
2024-10-04,R02,1,2,1,1,0,18.3,0.0,67.3
2024-10-07,R02,2,3,2,0,0,28.2,3.2,100.0
2024-10-08,R02,2,3,2,1,0,28.4,0.0,77.4
2024-10-09,R02,2,2,2,0,0,22.1,0.0,81.2
2024-10-10,R02,3,3,3,0,0,25.1,0.0,61.5
2024-10-11,R02,2,2,2,0,0,22.1,0.0,81.3
2024-10-14,R02,4,2,4,0,2,23.3,0.0,42.8
2024-10-15,R02,3,3,3,0,0,36.2,0.0,88.7
2024-10-16,R02,1,4,1,0,0,37.8,25.3,100.0
2024-10-17,R02,3,5,3,2,0,30.2,0.0,81.6
2024-10-18,R02,2,2,2,0,0,16.9,0.0,62.1
2024-10-21,R02,3,3,3,0,0,30.8,0.0,75.5
2024-10-22,R02,3,3,3,0,0,35.1,0.0,86.0
2024-10-23,R02,3,2,3,0,1,23.6,0.0,57.8
2024-10-24,R02,4,3,4,0,1,33.8,0.0,62.1
2024-10-25,R02,2,2,2,0,0,23.1,0.0,84.9
2024-10-28,R02,3,3,3,0,0,30.3,0.0,74.3
2024-10-29,R02,3,3,3,0,0,27.4,0.0,67.2
2024-10-30,R02,3,3,3,0,0,25.4,0.0,62.3
2024-10-31,R02,4,4,4,0,0,45.8,0.0,84.2
2024-11-04,R02,3,3,3,0,0,27.9,0.0,68.4
2024-11-05,R02,3,3,3,0,0,37.1,0.0,90.9
2024-11-06,R02,2,2,2,0,0,17.7,0.0,65.1
2024-11-07,R02,3,2,3,0,1,22.3,0.0,54.7
2024-11-08,R02,1,3,1,0,0,27.2,14.7,100.0
2024-11-11,R02,3,4,3,0,0,26.5,3.7,65.0
2024-11-12,R02,3,3,3,0,0,26.3,0.0,73.4
2024-11-13,R02,2,3,2,1,0,31.0,0.0,76.0
2024-11-14,R02,3,2,3,0,1,14.3,0.0,35.0
2024-11-15,R02,2,3,2,1,0,33.0,0.0,80.9
2024-11-18,R02,4,3,4,0,1,35.4,0.0,65.1
2024-11-19,R02,3,4,3,0,0,41.1,3.6,100.0
2024-11-20,R02,3,4,3,1,0,42.8,0.0,85.2
2024-11-21,R02,2,4,2,0,0,45.1,20.1,100.0
2024-11-22,R02,3,3,3,0,0,16.2,0.0,88.9
2024-11-25,R02,4,3,4,0,1,25.5,0.0,46.9
2024-11-26,R02,4,3,4,0,1,31.8,0.0,58.5
2024-11-27,R02,4,3,4,0,1,28.6,0.0,52.6
2024-11-28,R02,3,3,3,0,0,31.3,0.0,76.7
2024-11-29,R02,3,2,3,0,1,20.0,0.0,49.0
2024-12-02,R02,3,3,3,0,0,26.2,0.0,64.2
2024-12-03,R02,4,3,4,0,1,37.2,0.0,68.4
2024-12-04,R02,3,2,3,0,1,24.8,0.0,60.8
2024-12-05,R02,4,2,4,0,2,24.3,0.0,44.7
2024-12-06,R02,3,2,3,0,1,18.6,0.0,45.6
2024-12-09,R02,3,3,3,0,0,30.9,0.0,75.7
2024-12-10,R02,3,3,3,0,0,27.4,0.0,67.2
2024-12-11,R02,3,3,3,0,0,35.0,0.0,85.8
2024-12-12,R02,2,4,2,2,0,43.4,0.0,79.8
2024-12-13,R02,2,2,2,0,0,18.3,0.0,67.3
2024-12-16,R02,3,3,3,0,0,30.2,0.0,74.0
2024-12-17,R02,4,3,4,0,1,26.5,0.0,48.7
2024-12-18,R02,2,3,2,1,0,34.4,0.0,84.3
2024-12-19,R02,3,4,3,0,0,38.9,1.4,95.3
2024-12-20,R02,1,2,1,1,0,21.8,0.0,85.2
2024-12-23,R02,3,2,3,0,1,16.9,0.0,41.4
2024-12-24,R02,3,2,3,0,1,19.4,0.0,47.5
2024-12-27,R02,1,1,1,0,0,8.5,0.0,62.5
2024-12-30,R02,3,2,3,0,1,14.6,0.0,35.8
2024-12-31,R02,2,2,2,0,0,15.0,0.0,55.1
2025-01-02,R02,3,2,3,0,1,22.2,0.0,54.4
2025-01-03,R02,1,2,1,1,0,21.5,0.0,79.0
2025-01-07,R02,2,4,2,1,0,38.2,0.7,93.6
2025-01-08,R02,2,3,2,0,0,31.3,6.9,100.0
2025-01-09,R02,3,3,3,0,0,20.6,0.0,67.5
2025-01-10,R02,1,2,1,0,0,15.1,2.6,100.0
2025-01-13,R02,3,3,3,0,0,31.4,0.0,77.0
2025-01-14,R02,4,4,4,0,0,38.4,0.0,70.6
2025-01-15,R02,3,3,3,0,0,32.6,0.0,79.9
2025-01-16,R02,3,2,3,0,1,22.0,0.0,53.9
2025-01-17,R02,2,2,2,0,0,23.6,0.0,86.8
2025-01-20,R02,3,3,3,0,0,26.6,0.0,65.2
2025-01-21,R02,3,4,3,0,0,37.6,0.1,92.2
2025-01-22,R02,4,2,4,0,2,22.0,0.0,40.6
2025-01-23,R02,2,3,2,1,0,32.1,0.0,78.7
2025-01-24,R02,1,2,1,1,0,19.3,0.0,71.0
2025-01-27,R02,3,3,3,0,0,33.8,0.0,82.8
2025-01-28,R02,4,4,4,0,0,44.0,0.0,80.9
2025-01-29,R02,3,2,3,0,1,24.1,0.0,59.1
2025-01-30,R02,4,2,4,0,2,24.4,0.0,44.9
2025-01-31,R02,1,2,1,1,0,17.6,0.0,64.7
2025-02-03,R02,3,3,3,0,0,31.4,0.0,77.0
2025-02-04,R02,3,3,3,0,0,30.2,0.0,74.0
2025-02-05,R02,3,3,3,0,0,29.6,0.0,72.5
2025-02-06,R02,3,3,3,0,0,33.2,0.0,81.4
2025-02-07,R02,2,2,2,0,0,17.9,0.0,65.8
2025-02-10,R02,4,3,4,0,1,27.5,0.0,50.6
2025-02-11,R02,4,4,4,0,0,41.4,0.0,76.1
2025-02-12,R02,3,2,3,0,1,24.1,0.0,59.1
2025-02-13,R02,3,3,3,0,0,33.8,0.0,82.8
2025-02-14,R02,2,2,2,0,0,18.1,0.0,66.5
2025-02-17,R02,3,3,3,0,0,29.7,0.0,72.8
2025-02-18,R02,3,3,3,0,0,34.6,0.0,84.8
2025-02-19,R02,2,3,2,0,0,28.0,3.0,100.0
2025-02-20,R02,3,4,3,0,0,36.7,2.1,97.2
2025-02-21,R02,2,2,2,0,0,16.1,0.0,67.1
2025-02-24,R02,3,3,3,0,0,36.5,0.0,89.5
2025-02-25,R02,4,3,4,0,1,35.4,0.0,65.1
2025-02-26,R02,3,3,3,0,0,34.4,0.0,84.3
2025-02-27,R02,3,3,3,0,0,26.4,0.0,64.7
2025-02-28,R02,2,2,2,0,0,22.4,0.0,82.4
2025-03-03,R02,4,3,4,0,1,28.5,0.0,52.4
2025-03-04,R02,3,4,3,0,0,37.8,0.3,92.6
2025-03-05,R02,3,2,3,0,1,20.0,0.0,49.7
2025-03-06,R02,4,3,4,0,1,35.2,0.0,64.7
2025-03-07,R02,1,2,1,1,0,19.4,0.0,71.3
2025-03-10,R02,4,2,4,0,2,24.8,0.0,45.6
2025-03-11,R02,3,3,3,0,0,36.1,0.0,88.5
2025-03-12,R02,2,2,2,0,0,21.5,0.0,79.0
2025-03-13,R02,3,3,3,0,0,33.8,0.0,82.8
2025-03-14,R02,2,2,2,0,0,24.1,0.0,88.6
2025-03-17,R02,2,3,2,1,0,32.8,0.0,80.4
2025-03-18,R02,4,3,4,0,1,34.0,0.0,62.5
2025-03-19,R02,3,3,3,0,0,34.4,0.0,84.3
2025-03-20,R02,4,4,4,0,0,42.6,0.0,78.3
2025-03-21,R02,3,2,3,0,1,23.3,0.0,57.1
2025-03-24,R02,3,3,3,0,0,34.2,0.0,83.8
2025-03-25,R02,3,3,3,0,0,35.8,0.0,87.7
2025-03-26,R02,2,2,2,0,0,22.3,0.0,82.0
2025-03-27,R02,4,3,4,0,1,29.5,0.0,54.2
2025-03-28,R02,2,2,2,0,0,23.6,0.0,86.8
2025-03-31,R02,4,3,4,0,1,26.5,0.0,48.7
2025-04-01,R02,3,3,3,0,0,27.8,0.0,68.1
2025-04-02,R02,4,3,4,0,1,29.2,0.0,53.7
2025-04-03,R02,3,3,3,0,0,31.7,0.0,77.7
2025-04-04,R02,2,2,2,0,0,19.5,0.0,71.7
2025-04-07,R02,3,3,3,0,0,26.0,0.0,63.7
2025-04-08,R02,3,4,3,0,0,37.8,0.3,92.6
2025-04-09,R02,3,2,3,0,1,22.4,0.0,55.5
2025-04-10,R02,2,5,2,3,0,60.7,0.0,89.3
2025-04-11,R02,1,2,1,0,0,15.6,3.1,100.0
2025-04-14,R02,3,3,3,0,0,27.6,0.0,67.6
2025-04-15,R02,3,3,3,0,0,33.8,0.0,82.8
2025-04-16,R02,2,2,2,0,0,20.1,0.0,73.9
2025-04-17,R02,4,4,4,0,0,41.6,0.0,76.5
2025-04-22,R02,3,3,3,0,0,32.0,0.0,78.4
2025-04-23,R02,3,3,3,0,0,29.7,0.0,72.8
2025-04-24,R02,5,3,5,0,2,34.4,0.0,50.6
2025-04-25,R02,2,2,2,0,0,18.7,0.0,68.7
2025-04-28,R02,3,4,3,0,0,39.6,2.1,97.1
2025-04-29,R02,4,3,4,0,1,27.0,0.0,53.4
2025-04-30,R02,3,3,3,0,0,30.2,0.0,74.0
2025-05-02,R02,1,2,1,0,0,17.1,4.6,100.0
2025-05-05,R02,4,4,4,0,0,37.7,0.0,69.3
2025-05-06,R02,3,3,3,0,0,35.7,0.0,87.5
2025-05-07,R02,3,3,3,0,0,33.2,0.0,81.4
2025-05-08,R02,3,2,3,0,1,25.0,0.0,61.3
2025-05-09,R02,2,2,2,0,0,23.7,0.0,87.1
2025-05-12,R02,4,3,4,0,1,27.8,0.0,51.1
2025-05-13,R02,3,3,3,0,0,29.7,0.0,72.8
2025-05-14,R02,3,3,3,0,0,27.4,0.0,67.2
2025-05-15,R02,2,3,2,0,0,29.8,4.8,100.0
2025-05-16,R02,2,2,2,0,0,20.2,0.0,91.8
2025-05-19,R02,4,2,4,0,2,19.8,0.0,36.4
2025-05-20,R02,3,3,3,0,0,34.6,0.0,84.8
2025-05-21,R02,3,3,3,0,0,27.5,0.0,67.4
2025-05-22,R02,3,4,3,0,0,38.4,0.9,94.1
2025-05-23,R02,2,3,2,0,0,24.8,0.6,94.4
2025-05-26,R02,3,3,3,0,0,27.8,0.0,68.1
2025-05-27,R02,3,3,3,0,0,32.3,0.0,79.2
2025-05-28,R02,2,4,2,1,0,43.1,5.6,100.0
2025-05-30,R02,2,2,2,0,0,11.3,0.0,41.5
2025-06-02,R02,3,2,3,0,1,24.4,0.0,59.8
2025-06-03,R02,2,4,2,0,0,39.8,14.8,100.0
2025-06-04,R02,4,3,4,0,1,22.2,0.0,68.0
2025-06-05,R02,4,4,4,0,0,42.2,0.0,77.6
2025-06-06,R02,2,2,2,0,0,19.4,0.0,71.3
2025-06-10,R02,4,3,4,0,1,36.0,0.0,66.2
2025-06-11,R02,3,4,3,0,0,39.5,2.0,96.8
2025-06-12,R02,4,3,4,0,1,30.7,0.0,60.0
2025-06-13,R02,2,2,2,0,0,20.6,0.0,75.7
2025-06-16,R02,3,3,3,0,0,31.4,0.0,77.0
2025-06-17,R02,3,3,3,0,0,36.8,0.0,90.2
2025-06-18,R02,3,3,3,0,0,34.4,0.0,84.3
2025-06-20,R02,2,1,2,0,1,10.3,0.0,37.9
2025-06-23,R02,4,3,4,0,1,28.9,0.0,53.1
2025-06-24,R02,3,4,3,0,0,41.2,3.7,100.0
2025-06-25,R02,3,3,3,0,0,28.8,0.0,79.6
2025-06-26,R02,3,3,3,0,0,35.3,0.0,86.5
2025-06-27,R02,1,3,1,1,0,25.9,0.9,95.2
2025-06-30,R02,3,3,3,0,0,33.7,0.0,82.6
2025-07-01,R02,4,4,4,0,0,39.7,0.0,73.0
2025-07-02,R02,3,3,3,0,0,27.4,0.0,67.2
2025-07-03,R02,3,3,3,0,0,37.5,0.0,91.9
2025-07-04,R02,3,2,3,0,1,17.0,0.0,41.7
2025-07-07,R02,4,3,4,0,1,34.6,0.0,63.6
2025-07-08,R02,4,3,4,0,1,37.5,0.0,68.9
2025-07-09,R02,2,3,2,0,0,32.4,7.4,100.0
2025-07-10,R02,4,5,4,0,0,43.1,0.4,92.8
2025-07-11,R02,2,2,2,0,0,24.2,0.0,90.5
2025-07-14,R02,3,3,3,0,0,25.5,0.0,62.5
2025-07-15,R02,3,4,3,0,0,41.1,3.6,100.0
2025-07-16,R02,3,2,3,0,1,21.0,0.0,60.2
2025-07-17,R02,4,4,4,0,0,44.6,0.0,82.0
2025-07-18,R02,2,2,2,0,0,20.0,0.0,73.5
2025-07-21,R02,3,3,3,0,0,31.6,0.0,77.5
2025-07-22,R02,4,3,4,0,1,27.2,0.0,50.0
2025-07-23,R02,3,3,3,0,0,25.5,0.0,62.5
2025-07-24,R02,4,3,4,0,1,36.8,0.0,67.6
2025-07-25,R02,2,3,2,0,0,25.1,0.1,92.3
2025-07-28,R02,3,3,3,0,0,34.1,0.0,83.6
2025-07-29,R02,4,4,4,0,0,43.6,0.0,80.1
2025-07-30,R02,3,3,3,0,0,27.6,0.0,67.6
2025-07-31,R02,3,2,3,0,1,24.9,0.0,61.0
2025-08-01,R02,2,2,2,0,0,23.7,0.0,87.1
2025-08-04,R02,3,2,3,0,1,18.2,0.0,44.6
2025-08-05,R02,4,3,4,0,1,27.4,0.0,50.4
2025-08-06,R02,3,2,3,0,1,17.6,0.0,43.1
2025-08-07,R02,3,3,3,0,0,25.7,0.0,63.0
2025-08-08,R02,3,2,3,0,1,14.3,0.0,35.0
2025-08-11,R02,3,2,3,0,1,22.6,0.0,55.4
2025-08-12,R02,3,3,3,0,0,27.4,0.0,67.2
2025-08-13,R02,2,2,2,0,0,15.5,0.0,57.0
2025-08-14,R02,4,2,4,0,2,20.3,0.0,37.3
2025-08-15,R02,2,2,2,0,0,17.5,0.0,64.3
2025-08-18,R02,3,2,3,0,1,19.6,0.0,48.0
2025-08-19,R02,3,3,3,0,0,29.2,0.0,71.6
2025-08-20,R02,2,2,2,0,0,16.8,0.0,61.8
2025-08-21,R02,2,3,2,0,0,26.1,1.1,96.0
2025-08-22,R02,2,2,2,0,0,17.2,0.0,67.2
2025-08-25,R02,3,3,3,0,0,29.0,0.0,71.1
2025-08-26,R02,2,3,2,0,0,34.7,9.7,100.0
2025-08-27,R02,3,3,3,0,0,17.7,0.0,67.1
2025-08-28,R02,3,2,3,0,1,23.9,0.0,58.6
2025-08-29,R02,2,2,2,0,0,19.5,0.0,71.7
2025-09-01,R02,2,2,2,0,0,24.5,0.0,90.1
2025-09-02,R02,2,4,2,1,0,38.2,0.7,93.6
2025-09-03,R02,2,2,2,0,0,19.8,0.0,75.2
2025-09-04,R02,2,3,2,1,0,32.2,0.0,78.9
2025-09-05,R02,1,2,1,1,0,19.6,0.0,72.1
2025-09-08,R02,2,2,2,0,0,24.4,0.0,89.7
2025-09-09,R02,3,3,3,0,0,36.9,0.0,90.4
2025-09-10,R02,2,1,2,0,1,11.7,0.0,43.0
2025-09-11,R02,2,3,2,0,0,27.4,2.4,100.0
2025-09-12,R02,1,2,1,1,0,15.3,0.0,65.0
2025-09-15,R02,3,2,3,0,1,24.9,0.0,61.0
2025-09-16,R02,4,4,4,0,0,38.9,0.0,71.5
2025-09-17,R02,1,3,1,1,0,26.4,1.4,97.1
2025-09-18,R02,3,4,3,1,0,41.7,0.0,79.2
2025-09-19,R02,2,2,2,0,0,17.9,0.0,65.8
2025-09-22,R02,3,3,3,0,0,33.1,0.0,81.1
2025-09-23,R02,4,4,4,0,0,40.2,0.0,73.9
2025-09-24,R02,3,3,3,0,0,27.7,0.0,67.9
2025-09-25,R02,4,3,4,0,1,36.9,0.0,67.8
2025-09-26,R02,1,2,1,1,0,21.5,0.0,79.0
2025-09-29,R02,3,3,3,0,0,32.4,0.0,79.4
2025-09-30,R02,3,3,3,0,0,29.9,0.0,73.3
2025-10-01,R02,3,4,3,0,0,41.5,4.0,100.0
2025-10-02,R02,3,5,3,1,0,50.4,4.3,99.9
2025-10-06,R02,3,3,3,0,0,30.9,0.0,75.7
2025-10-07,R02,3,3,3,0,0,28.2,0.0,69.1
2025-10-08,R02,3,3,3,0,0,28.2,0.0,69.1
2025-10-09,R02,4,3,4,0,1,30.9,0.0,56.8
2025-10-10,R02,2,2,2,0,0,17.3,0.0,63.6
2025-10-13,R02,3,4,3,0,0,41.1,3.6,100.0
2025-10-14,R02,3,3,3,0,0,25.2,0.0,70.5
2025-10-15,R02,4,3,4,0,1,27.6,0.0,50.7
2025-10-16,R02,4,3,4,0,1,26.7,0.0,49.1
2025-10-17,R02,1,2,1,0,0,14.3,1.8,100.0
2025-10-20,R02,4,3,4,0,1,34.9,0.0,64.2
2025-10-21,R02,2,3,2,1,0,35.5,0.0,87.0
2025-10-22,R02,3,3,3,0,0,37.0,0.0,90.7
2025-10-23,R02,3,4,3,1,0,47.4,0.0,87.1
2025-10-24,R02,2,2,2,0,0,19.5,0.0,71.7
2025-10-27,R02,4,3,4,0,1,26.9,0.0,49.4
2025-10-28,R02,4,3,4,0,1,28.4,0.0,52.2
2025-10-29,R02,3,3,3,0,0,29.8,0.0,73.0
2025-10-30,R02,4,3,4,0,1,36.2,0.0,66.5
2025-10-31,R02,2,2,2,0,0,22.2,0.0,81.6
2025-11-03,R02,3,3,3,0,0,28.1,0.0,68.9
2025-11-04,R02,3,3,3,0,0,26.5,0.0,65.0
2025-11-05,R02,3,2,3,0,1,23.6,0.0,57.8
2025-11-06,R02,3,3,3,0,0,32.5,0.0,79.7
2025-11-07,R02,3,2,3,0,1,25.0,0.0,61.3
2025-11-10,R02,4,3,4,0,1,29.0,0.0,53.3
2025-11-11,R02,3,3,3,0,0,31.2,0.0,76.5
2025-11-12,R02,2,3,2,0,0,27.9,2.9,100.0
2025-11-13,R02,3,3,3,0,0,33.9,0.0,90.1
2025-11-14,R02,2,3,2,0,0,28.5,3.5,100.0
2025-11-17,R02,4,3,4,0,1,28.2,0.0,51.8
2025-11-18,R02,4,3,4,0,1,28.6,0.0,52.6
2025-11-19,R02,4,3,4,0,1,31.8,0.0,58.5
2025-11-20,R02,3,3,3,0,0,31.5,0.0,77.2
2025-11-21,R02,3,2,3,0,1,22.5,0.0,55.1
2025-11-24,R02,3,3,3,0,0,28.1,0.0,68.9
2025-11-25,R02,3,4,3,1,0,48.4,0.0,89.0
2025-11-26,R02,3,4,3,1,0,44.5,0.0,81.8
2025-11-27,R02,3,4,3,1,0,42.9,0.0,78.9
2025-11-28,R02,1,2,1,1,0,23.5,0.0,86.4
2025-12-01,R02,3,3,3,0,0,31.0,0.0,76.0
2025-12-02,R02,4,3,4,0,1,28.0,0.0,51.5
2025-12-03,R02,3,2,3,0,1,24.8,0.0,60.8
2025-12-04,R02,3,3,3,0,0,33.5,0.0,82.1
2025-12-05,R02,2,2,2,0,0,15.2,0.0,55.9
2025-12-08,R02,3,3,3,0,0,28.0,0.0,68.6
2025-12-09,R02,3,3,3,0,0,35.0,0.0,85.8
2025-12-10,R02,2,3,2,0,0,28.4,3.4,100.0
2025-12-11,R02,4,3,4,0,1,29.3,0.0,60.1
2025-12-12,R02,2,3,2,0,0,26.6,1.6,97.8
2025-12-15,R02,4,3,4,0,1,34.7,0.0,63.8
2025-12-16,R02,3,4,3,1,0,47.0,0.0,86.4
2025-12-17,R02,2,3,2,1,0,35.0,0.0,85.8
2025-12-18,R02,3,3,3,0,0,31.6,0.0,77.5
2025-12-19,R02,2,2,2,0,0,13.2,0.0,48.5
2025-12-22,R02,3,2,3,0,1,15.2,0.0,37.3
2025-12-23,R02,3,2,3,0,1,24.0,0.0,58.8
2025-12-24,R02,2,2,2,0,0,16.4,0.0,60.3
2025-12-29,R02,3,2,3,0,1,19.9,0.0,48.8
2025-12-30,R02,2,2,2,0,0,19.8,0.0,72.8
2025-12-31,R02,2,2,2,0,0,12.7,0.0,46.7
2026-01-02,R02,2,1,2,0,1,7.6,0.0,27.9
2026-01-05,R02,2,2,2,0,0,18.6,0.0,68.4
2026-01-07,R02,2,2,2,0,0,22.1,0.0,81.2
2026-01-08,R02,3,3,3,0,0,28.7,0.0,70.3
2026-01-09,R02,1,3,1,1,0,25.4,0.4,93.4
2026-01-12,R02,3,2,3,0,1,18.0,0.0,44.1
2026-01-13,R02,3,4,3,0,0,38.8,1.3,95.1
2026-01-14,R02,2,3,2,1,0,31.1,0.0,79.3
2026-01-15,R02,3,3,3,0,0,27.1,0.0,66.4
2026-01-16,R02,2,2,2,0,0,17.1,0.0,62.9
2026-01-19,R02,3,3,3,0,0,28.5,0.0,69.9
2026-01-20,R02,4,5,4,0,0,51.5,1.5,94.7
2026-01-21,R02,3,4,3,0,0,36.9,0.8,94.0
2026-01-22,R02,3,4,3,0,0,37.9,1.2,94.9
2026-01-23,R02,2,2,2,0,0,23.3,0.0,90.0
2026-01-26,R02,4,3,4,0,1,25.8,0.0,47.4
2026-01-27,R02,5,5,5,0,0,52.1,0.0,76.6
2026-01-28,R02,4,3,4,0,1,36.5,0.0,67.1
2026-01-29,R02,3,3,3,0,0,37.2,0.0,91.2
2026-01-30,R02,2,2,2,0,0,19.3,0.0,71.0
2026-02-02,R02,4,3,4,0,1,26.8,0.0,49.3
2026-02-03,R02,4,4,4,0,0,41.4,0.0,76.1
2026-02-04,R02,4,3,4,0,1,37.1,0.0,68.2
2026-02-05,R02,3,3,3,0,0,30.2,0.0,74.0
2026-02-06,R02,2,2,2,0,0,14.2,0.0,52.2
2026-02-09,R02,3,3,3,0,0,28.5,0.0,69.9
2026-02-10,R02,4,3,4,0,1,34.8,0.0,64.0
2026-02-11,R02,3,2,3,0,1,19.5,0.0,47.8
2026-02-12,R02,3,3,3,0,0,32.8,0.0,80.4
2026-02-13,R02,2,3,2,0,0,25.1,0.1,92.3
2026-02-16,R02,3,3,3,0,0,32.2,0.0,78.9
2026-02-17,R02,3,3,3,0,0,33.2,0.0,81.4
2026-02-18,R02,2,3,2,1,0,36.9,0.0,90.4
2026-02-19,R02,2,4,2,2,0,43.3,0.0,79.6
2026-02-20,R02,2,2,2,0,0,14.0,0.0,51.5
2026-02-23,R02,3,3,3,0,0,33.4,0.0,81.9
2026-02-24,R02,3,3,3,0,0,27.7,0.0,67.9
2026-02-25,R02,2,3,2,0,0,36.2,11.2,100.0
2026-02-26,R02,3,5,3,2,0,46.7,0.0,85.1
2026-02-27,R02,1,3,1,2,0,30.7,0.0,75.2
2026-03-02,R02,3,3,3,0,0,31.1,0.0,76.2
2026-03-03,R02,3,3,3,0,0,36.3,0.0,89.0
2026-03-04,R02,3,3,3,0,0,28.7,0.0,70.3
2026-03-05,R02,4,3,4,0,1,36.0,0.0,66.2
2026-03-06,R02,2,2,2,0,0,21.5,0.0,79.0
2026-03-09,R02,3,3,3,0,0,29.8,0.0,73.0
2026-03-10,R02,3,4,3,1,0,42.6,0.0,78.3
2026-03-11,R02,3,2,3,0,1,21.9,0.0,53.7
2026-03-12,R02,4,3,4,0,1,31.5,0.0,57.9
2026-03-13,R02,2,2,2,0,0,21.8,0.0,80.1
2026-03-16,R02,4,3,4,0,1,30.6,0.0,56.3
2026-03-17,R02,3,3,3,0,0,35.0,0.0,85.8
2026-03-18,R02,3,4,3,1,0,46.0,0.0,84.6
2026-03-19,R02,3,3,3,0,0,28.3,0.0,69.4
2026-03-20,R02,2,3,2,0,0,28.1,3.1,100.0
2026-03-23,R02,4,3,4,0,1,30.0,0.0,55.1
2026-03-24,R02,3,3,3,0,0,30.7,0.0,75.2
2026-03-25,R02,3,3,3,0,0,33.7,0.0,82.6
2026-03-26,R02,3,4,3,0,0,39.0,1.5,95.6
2026-03-27,R02,2,2,2,0,0,22.9,0.0,89.6
2026-03-30,R02,3,3,3,0,0,30.1,0.0,73.8
2026-03-31,R02,3,4,3,0,0,41.7,4.2,100.0
2026-04-01,R02,3,4,3,0,0,33.9,0.5,93.3
2026-04-02,R02,3,4,3,1,0,47.3,0.0,87.9
2026-04-07,R02,4,3,4,0,1,32.5,0.0,59.7
2026-04-08,R02,3,2,3,0,1,22.5,0.0,55.1
2026-04-09,R02,4,4,4,0,0,42.5,0.0,78.1
2026-04-10,R02,2,2,2,0,0,20.8,0.0,76.5
2026-04-13,R02,4,3,4,0,1,26.3,0.0,48.3
2026-04-14,R02,3,4,3,0,0,38.0,0.5,93.1
2026-04-15,R02,3,4,3,0,0,39.5,2.4,98.0
2026-04-16,R02,4,3,4,0,1,33.1,0.0,65.3
2026-04-17,R02,2,2,2,0,0,20.5,0.0,75.4
2026-04-20,R02,4,3,4,0,1,32.8,0.0,60.3
2026-04-21,R02,4,4,4,0,0,44.0,0.0,80.9
2026-04-22,R02,3,3,3,0,0,29.5,0.0,72.3
2026-04-23,R02,3,2,3,0,1,13.7,0.0,33.6
2026-04-24,R02,2,3,2,0,0,30.8,5.8,100.0
2026-04-27,R02,4,3,4,0,1,21.9,0.0,40.3
2026-04-28,R02,4,4,4,0,0,49.9,0.0,91.7
2026-04-29,R02,3,2,3,0,1,23.3,0.0,57.1
2026-04-30,R02,2,4,2,0,0,49.2,24.2,100.0
2026-05-04,R02,3,5,3,1,0,32.8,6.9,60.3
2026-05-05,R02,4,4,4,0,0,34.9,0.0,76.9
2026-05-06,R02,2,2,2,0,0,18.2,0.0,66.9
2026-05-07,R02,3,4,3,0,0,39.5,2.0,96.8
2026-05-08,R02,2,2,2,0,0,20.8,0.0,83.7
2026-05-11,R02,5,3,5,0,2,27.7,0.0,40.7
2026-05-12,R02,3,4,3,0,0,39.7,2.2,97.3
2026-05-13,R02,2,4,2,1,0,37.2,1.8,96.5
2026-05-15,R02,2,2,2,0,0,12.2,0.0,44.9
2026-05-18,R02,3,3,3,0,0,26.9,0.0,65.9
2026-05-19,R02,3,4,3,0,0,39.5,2.0,96.8
2026-05-20,R02,3,4,3,0,0,35.8,0.2,92.6
2026-05-21,R02,4,3,4,0,1,28.3,0.0,52.4
2026-05-22,R02,1,4,1,2,0,40.7,3.2,99.8
2026-05-26,R02,4,3,4,0,1,28.9,0.0,53.1
2026-05-27,R02,4,3,4,0,1,26.8,0.0,49.3
2026-05-28,R02,3,4,3,0,0,41.5,4.0,100.0
2026-05-29,R02,3,2,3,0,1,13.9,0.0,43.8
2026-06-01,R02,3,3,3,0,0,26.3,0.0,64.5
2026-06-02,R02,4,3,4,0,1,32.1,0.0,59.0
2026-06-03,R02,3,4,3,0,0,39.3,1.8,96.3
2026-06-05,R02,1,2,1,1,0,18.5,0.0,68.0
2026-06-08,R02,4,3,4,0,1,25.4,0.0,46.7
2026-06-09,R02,3,4,3,0,0,49.7,12.2,100.0
2026-06-10,R02,4,4,4,0,0,32.9,0.0,82.8
2026-06-11,R02,4,3,4,0,1,35.7,0.0,65.6
2026-06-12,R02,2,2,2,0,0,23.6,0.0,86.8
2026-06-15,R02,3,3,3,0,0,29.4,0.0,72.1
2026-06-16,R02,3,3,3,0,0,36.4,0.0,89.2
2026-06-17,R02,4,2,4,0,2,19.6,0.0,36.0
2026-06-18,R02,3,4,3,0,0,38.0,0.5,93.1
2026-06-19,R02,1,2,1,1,0,19.0,0.0,71.6
2026-06-22,R02,3,3,3,0,0,31.4,0.0,77.0
2026-06-23,R02,4,4,4,0,0,40.1,0.0,73.7
2026-06-24,R02,4,2,4,0,2,20.6,0.0,37.9
2026-06-25,R02,4,3,4,0,1,36.7,0.0,67.5
2026-06-26,R02,3,2,3,0,1,21.9,0.0,53.7
2026-06-29,R02,4,3,4,0,1,28.5,0.0,52.4
2026-06-30,R02,4,3,4,0,1,30.5,0.0,56.1
2026-07-01,R02,3,3,3,0,0,29.8,0.0,73.0
2026-07-02,R02,3,3,3,0,0,29.6,0.0,72.5
2026-07-03,R02,2,2,2,0,0,16.8,0.0,61.8
2026-07-06,R02,3,3,3,0,0,31.4,0.0,77.0
2026-07-07,R02,4,3,4,0,1,37.1,0.0,68.2
2026-07-08,R02,2,3,2,0,0,27.4,2.4,100.0
2026-07-09,R02,4,3,4,0,1,31.2,0.0,61.7
2026-07-10,R02,2,3,2,0,0,29.5,4.5,100.0
2026-07-13,R02,3,3,3,0,0,26.0,0.0,63.7
2026-07-14,R02,4,4,4,0,0,43.1,0.0,79.2
2026-07-15,R02,3,3,3,0,0,27.4,0.0,67.2
2026-07-16,R02,3,4,3,1,0,43.6,0.0,80.1
2026-07-17,R02,3,2,3,0,1,14.1,0.0,34.6
2026-07-20,R02,3,3,3,0,0,33.9,0.0,83.1
2026-07-21,R02,4,4,4,0,0,38.4,0.0,70.6
2026-07-22,R02,4,3,4,0,1,25.7,0.0,47.2
2026-07-23,R02,4,3,4,0,1,26.5,0.0,48.7
2026-07-24,R02,2,2,2,0,0,22.2,0.0,81.6
2026-07-27,R02,3,3,3,0,0,30.9,0.0,75.7
2026-07-28,R02,4,4,4,0,0,41.4,0.0,76.1
2026-07-29,R02,3,4,3,0,0,40.7,3.2,99.8
2026-07-30,R02,4,3,4,0,1,24.8,0.0,51.4
2026-07-31,R02,2,2,2,0,0,23.4,0.0,86.0
2026-08-03,R02,3,2,3,0,1,16.6,0.0,40.7
2026-08-04,R02,4,3,4,0,1,34.3,0.0,63.1
2026-08-05,R02,3,1,3,0,2,12.4,0.0,30.4
2026-08-06,R02,3,3,3,0,0,26.4,0.0,64.7
2026-08-07,R02,1,1,1,0,0,12.3,0.0,90.4
2026-08-10,R02,3,2,3,0,1,18.2,0.0,44.6
2026-08-11,R02,3,3,3,0,0,26.7,0.0,65.4
2026-08-12,R02,3,2,3,0,1,15.0,0.0,36.8
2026-08-13,R02,3,3,3,0,0,27.9,0.0,68.4
2026-08-14,R02,1,1,1,0,0,11.1,0.0,81.6
2026-08-17,R02,3,2,3,0,1,22.5,0.0,55.1
2026-08-18,R02,3,2,3,0,1,20.4,0.0,50.0
2026-08-19,R02,2,2,2,0,0,24.4,0.0,89.7
2026-08-20,R02,3,3,3,0,0,34.4,0.0,84.3
2026-08-21,R02,1,2,1,0,0,14.9,2.4,100.0
2026-08-24,R02,3,3,3,0,0,27.6,0.0,67.6
2026-08-25,R02,3,4,3,0,0,38.5,1.0,94.4
2026-08-26,R02,3,2,3,0,1,22.9,0.0,58.5
2026-08-27,R02,3,2,3,0,1,22.2,0.0,54.4
2026-08-28,R02,2,2,2,0,0,14.4,0.0,52.9
2026-08-31,R02,3,3,3,0,0,31.1,0.0,76.2
2024-01-02,R03,1,1,1,0,0,11.6,0.0,85.3
2024-01-03,R03,2,2,2,0,0,18.4,0.0,67.6
2024-01-04,R03,2,2,2,0,0,18.6,0.0,68.4
2024-01-05,R03,1,2,1,1,0,20.4,0.0,75.0
2024-01-08,R03,3,3,3,0,0,31.5,0.0,77.2
2024-01-09,R03,1,3,1,2,0,36.3,0.0,89.0
2024-01-10,R03,2,3,2,1,0,31.0,0.0,76.0
2024-01-11,R03,2,3,2,0,0,27.2,2.2,100.0
2024-01-12,R03,1,2,1,0,0,19.0,8.7,100.0
2024-01-15,R03,4,3,4,0,1,23.5,0.0,43.2
2024-01-16,R03,2,2,2,0,0,22.4,0.0,82.4
2024-01-17,R03,4,2,4,0,2,15.9,0.0,29.2
2024-01-18,R03,3,2,3,0,1,22.0,0.0,53.9
2024-01-19,R03,2,2,2,0,0,22.2,0.0,81.6
2024-01-22,R03,3,3,3,0,0,25.4,0.0,62.3
2024-01-23,R03,2,3,2,0,0,29.0,4.0,100.0
2024-01-24,R03,3,3,3,0,0,30.1,0.0,83.5
2024-01-25,R03,2,2,2,0,0,21.9,0.0,80.5
2024-01-26,R03,2,2,2,0,0,13.8,0.0,50.7
2024-01-29,R03,3,3,3,0,0,30.8,0.0,75.5
2024-01-30,R03,3,3,3,0,0,30.7,0.0,75.2
2024-01-31,R03,3,3,3,0,0,26.1,0.0,64.0
2024-02-01,R03,2,2,2,0,0,20.4,0.0,75.0
2024-02-02,R03,2,3,2,0,0,28.4,3.4,100.0
2024-02-05,R03,4,3,4,0,1,27.7,0.0,50.9
2024-02-06,R03,3,3,3,0,0,31.6,0.0,77.5
2024-02-07,R03,4,4,4,0,0,49.8,0.0,91.5
2024-02-08,R03,3,3,3,0,0,35.7,0.0,87.5
2024-02-09,R03,2,2,2,0,0,15.4,0.0,56.6
2024-02-12,R03,3,3,3,0,0,31.5,0.0,77.2
2024-02-13,R03,3,3,3,0,0,26.4,0.0,64.7
2024-02-14,R03,3,3,3,0,0,27.5,0.0,67.4
2024-02-15,R03,2,3,2,0,0,35.5,10.5,100.0
2024-02-16,R03,1,3,1,2,0,19.6,0.0,73.7
2024-02-19,R03,4,3,4,0,1,28.1,0.0,51.7
2024-02-20,R03,3,4,3,0,0,38.0,0.5,93.1
2024-02-21,R03,4,2,4,0,2,22.6,0.0,42.4
2024-02-22,R03,4,4,4,0,0,40.7,0.0,74.8
2024-02-23,R03,3,2,3,0,1,24.4,0.0,59.8
2024-02-26,R03,4,3,4,0,1,36.7,0.0,67.5
2024-02-27,R03,3,3,3,0,0,33.9,0.0,83.1
2024-02-28,R03,3,2,3,0,1,23.1,0.0,56.6
2024-02-29,R03,4,3,4,0,1,26.6,0.0,48.9
2024-03-01,R03,2,3,2,1,0,35.5,0.0,87.0
2024-03-04,R03,3,2,3,0,1,24.0,0.0,58.8
2024-03-05,R03,3,3,3,0,0,30.4,0.0,74.5
2024-03-06,R03,2,3,2,0,0,26.0,1.0,95.6
2024-03-07,R03,3,3,3,0,0,27.7,0.0,70.3
2024-03-08,R03,2,2,2,0,0,16.5,0.0,60.7
2024-03-11,R03,3,2,3,0,1,23.8,0.0,58.3
2024-03-12,R03,3,3,3,0,0,26.0,0.0,63.7
2024-03-13,R03,3,3,3,0,0,29.9,0.0,73.3
2024-03-14,R03,3,3,3,0,0,35.5,0.0,87.0
2024-03-15,R03,2,1,2,0,1,8.6,0.0,31.6
2024-03-18,R03,3,3,3,0,0,31.3,0.0,76.7
2024-03-19,R03,3,2,3,0,1,23.0,0.0,56.4
2024-03-20,R03,3,3,3,0,0,27.1,0.0,66.4
2024-03-21,R03,3,3,3,0,0,31.6,0.0,77.5
2024-03-22,R03,1,2,1,1,0,21.4,0.0,78.7
2024-03-25,R03,3,4,3,1,0,45.0,0.0,82.7
2024-03-26,R03,2,4,2,1,0,40.9,3.4,100.0
2024-03-27,R03,3,3,3,0,0,22.3,0.0,62.9
2024-03-28,R03,3,4,3,0,0,47.2,9.7,100.0
2024-04-02,R03,4,4,4,0,0,31.9,0.0,58.6
2024-04-03,R03,3,2,3,0,1,23.4,0.0,57.4
2024-04-04,R03,4,3,4,0,1,36.9,0.0,67.8
2024-04-05,R03,2,3,2,0,0,27.0,2.0,99.3
2024-04-08,R03,4,3,4,0,1,28.5,0.0,52.4
2024-04-09,R03,4,4,4,0,0,39.5,0.0,72.6
2024-04-10,R03,2,3,2,1,0,32.6,0.0,79.9
2024-04-11,R03,3,3,3,0,0,36.8,0.0,90.2
2024-04-12,R03,3,2,3,0,1,16.8,0.0,41.2
2024-04-15,R03,3,3,3,0,0,33.9,0.0,83.1
2024-04-16,R03,5,3,5,0,2,33.4,0.0,49.1
2024-04-17,R03,3,3,3,0,0,28.4,0.0,69.6
2024-04-18,R03,3,3,3,0,0,30.3,0.0,74.3
2024-04-19,R03,2,2,2,0,0,24.2,0.0,89.0
2024-04-22,R03,3,3,3,0,0,37.3,0.0,91.4
2024-04-23,R03,2,4,2,1,0,39.7,2.2,97.3
2024-04-24,R03,3,3,3,0,0,24.7,0.0,65.8
2024-04-25,R03,3,3,3,0,0,31.1,0.0,76.2
2024-04-26,R03,2,2,2,0,0,17.8,0.0,65.4
2024-04-29,R03,3,4,3,0,0,48.7,11.2,100.0
2024-04-30,R03,4,5,4,0,0,40.9,2.0,95.7
2024-05-02,R03,3,3,3,0,0,28.9,0.0,70.8
2024-05-03,R03,2,3,2,0,0,29.4,4.4,100.0
2024-05-06,R03,4,4,4,0,0,41.1,0.0,75.6
2024-05-07,R03,6,3,6,0,3,33.9,0.0,41.5
2024-05-08,R03,2,4,2,0,0,38.3,13.3,100.0
2024-05-10,R03,2,3,2,0,0,18.7,7.0,68.8
2024-05-13,R03,4,4,4,0,0,33.3,0.0,61.2
2024-05-14,R03,3,3,3,0,0,27.0,0.0,66.2
2024-05-15,R03,4,3,4,0,1,28.8,0.0,52.9
2024-05-16,R03,3,2,3,0,1,22.3,0.0,54.7
2024-05-17,R03,2,3,2,0,0,27.4,2.4,100.0
2024-05-21,R03,3,3,3,0,0,27.8,0.0,68.1
2024-05-22,R03,3,4,3,0,0,38.3,0.8,93.9
2024-05-23,R03,2,3,2,1,0,34.3,0.0,85.9
2024-05-24,R03,3,1,3,0,2,10.5,0.0,25.7
2024-05-27,R03,4,3,4,0,1,37.2,0.0,68.4
2024-05-28,R03,3,3,3,0,0,32.4,0.0,79.4
2024-05-29,R03,3,4,3,0,0,42.1,4.6,100.0
2024-05-31,R03,2,2,2,0,0,12.4,0.0,45.6
2024-06-03,R03,4,3,4,0,1,33.2,0.0,61.0
2024-06-04,R03,4,3,4,0,1,30.8,0.0,56.6
2024-06-05,R03,4,3,4,0,1,29.2,0.0,53.7
2024-06-06,R03,3,3,3,0,0,32.2,0.0,78.9
2024-06-07,R03,1,3,1,2,0,34.9,0.0,85.5
2024-06-10,R03,3,4,3,0,0,47.0,9.5,100.0
2024-06-11,R03,3,4,3,0,0,38.2,10.1,100.0
2024-06-12,R03,4,4,4,0,0,34.3,0.0,81.7
2024-06-13,R03,3,4,3,0,0,37.9,0.4,92.9
2024-06-14,R03,3,3,3,0,0,26.9,0.0,66.8
2024-06-17,R03,4,4,4,0,0,41.8,0.0,76.8
2024-06-18,R03,4,3,4,0,1,34.2,0.0,62.9
2024-06-19,R03,4,3,4,0,1,35.3,0.0,64.9
2024-06-20,R03,4,2,4,0,2,23.7,0.0,43.6
2024-06-21,R03,3,2,3,0,1,20.4,0.0,50.0
2024-06-24,R03,5,3,5,0,2,36.2,0.0,53.2
2024-06-25,R03,3,3,3,0,0,36.6,0.0,89.7
2024-06-26,R03,3,3,3,0,0,29.2,0.0,71.6
2024-06-27,R03,3,3,3,0,0,33.8,0.0,82.8
2024-06-28,R03,2,2,2,0,0,23.6,0.0,86.8
2024-07-01,R03,3,4,3,1,0,43.6,0.0,80.1
2024-07-02,R03,3,3,3,0,0,32.0,0.0,78.4
2024-07-03,R03,3,2,3,0,1,24.4,0.0,59.8
2024-07-04,R03,3,3,3,0,0,32.1,0.0,78.7
2024-07-05,R03,2,2,2,0,0,20.3,0.0,74.6
2024-07-08,R03,4,3,4,0,1,30.7,0.0,56.4
2024-07-09,R03,3,3,3,0,0,33.8,0.0,82.8
2024-07-10,R03,2,4,2,1,0,39.7,2.2,97.3
2024-07-11,R03,3,4,3,1,0,41.1,0.0,79.5
2024-07-12,R03,2,2,2,0,0,20.1,0.0,73.9
2024-07-15,R03,4,3,4,0,1,31.3,0.0,57.5
2024-07-16,R03,3,3,3,0,0,35.9,0.0,88.0
2024-07-17,R03,4,2,4,0,2,22.2,0.0,40.8
2024-07-18,R03,4,4,4,0,0,42.2,0.0,77.6
2024-07-19,R03,2,2,2,0,0,18.6,0.0,68.4
2024-07-22,R03,3,3,3,0,0,30.2,0.0,74.0
2024-07-23,R03,3,4,3,0,0,38.4,0.9,94.1
2024-07-24,R03,2,3,2,0,0,28.9,4.7,100.0
2024-07-25,R03,4,2,4,0,2,13.0,0.0,32.6
2024-07-26,R03,1,2,1,0,0,19.7,7.2,100.0
2024-07-29,R03,3,4,3,1,0,42.1,0.0,77.4
2024-07-30,R03,3,3,3,0,0,32.8,0.0,80.4
2024-07-31,R03,3,3,3,0,0,26.8,0.0,65.7
2024-08-01,R03,2,3,2,0,0,25.6,0.6,94.1
2024-08-02,R03,2,2,2,0,0,21.8,0.0,82.3
2024-08-05,R03,4,2,4,0,2,23.6,0.0,43.4
2024-08-06,R03,3,3,3,0,0,29.8,0.0,73.0
2024-08-07,R03,3,3,3,0,0,27.1,0.0,66.4
2024-08-08,R03,3,3,3,0,0,25.7,0.0,63.0
2024-08-09,R03,2,2,2,0,0,22.6,0.0,83.1
2024-08-12,R03,3,3,3,0,0,30.6,0.0,75.0
2024-08-13,R03,3,3,3,0,0,31.7,0.0,77.7
2024-08-14,R03,3,2,3,0,1,19.0,0.0,46.6
2024-08-15,R03,4,3,4,0,1,32.9,0.0,60.5
2024-08-16,R03,2,3,2,1,0,33.3,0.0,81.6
2024-08-19,R03,3,3,3,0,0,31.9,0.0,78.2
2024-08-20,R03,3,2,3,0,1,21.8,0.0,53.4
2024-08-21,R03,2,3,2,0,0,27.7,2.7,100.0
2024-08-22,R03,3,3,3,0,0,31.8,0.0,84.5
2024-08-23,R03,2,2,2,0,0,17.1,0.0,62.9
2024-08-26,R03,3,2,3,0,1,15.4,0.0,37.7
2024-08-27,R03,2,3,2,0,0,33.4,8.4,100.0
2024-08-28,R03,2,3,2,0,0,19.1,2.5,100.0
2024-08-29,R03,3,2,3,0,1,20.4,0.0,56.0
2024-08-30,R03,2,2,2,0,0,15.2,0.0,55.9
2024-09-02,R03,2,2,2,0,0,21.5,0.0,79.0
2024-09-03,R03,3,3,3,0,0,27.2,0.0,66.7
2024-09-04,R03,3,3,3,0,0,25.8,0.0,63.2
2024-09-05,R03,1,4,1,2,0,38.6,1.1,94.6
2024-09-06,R03,1,3,1,1,0,24.0,0.0,92.1
2024-09-09,R03,2,4,2,0,0,39.4,14.4,100.0
2024-09-10,R03,3,4,3,0,0,28.6,5.5,100.0
2024-09-11,R03,3,3,3,0,0,27.8,0.0,81.6
2024-09-12,R03,3,3,3,0,0,28.9,0.0,70.8
2024-09-13,R03,2,2,2,0,0,14.5,0.0,53.3
2024-09-16,R03,3,4,3,0,0,42.9,5.4,100.0
2024-09-17,R03,4,4,4,0,0,32.7,0.0,70.0
2024-09-18,R03,3,3,3,0,0,29.8,0.0,73.0
2024-09-19,R03,4,4,4,0,0,40.6,0.0,74.6
2024-09-20,R03,2,2,2,0,0,21.8,0.0,80.1
2024-09-23,R03,5,4,5,0,1,38.7,0.0,56.9
2024-09-24,R03,4,2,4,0,2,18.6,0.0,34.2
2024-09-25,R03,3,3,3,0,0,28.5,0.0,69.9
2024-09-26,R03,4,3,4,0,1,25.8,0.0,47.4
2024-09-27,R03,2,2,2,0,0,17.4,0.0,64.0
2024-09-30,R03,5,3,5,0,2,33.9,0.0,49.9
2024-10-01,R03,3,4,3,0,0,39.5,2.0,96.8
2024-10-02,R03,2,3,2,0,0,34.4,11.3,100.0
2024-10-04,R03,2,3,2,1,0,21.1,0.0,51.7
2024-10-07,R03,3,4,3,0,0,39.4,1.9,96.6
2024-10-08,R03,3,3,3,0,0,27.7,0.0,72.5
2024-10-09,R03,3,3,3,0,0,29.8,0.0,73.0
2024-10-10,R03,3,3,3,0,0,25.1,0.0,61.5
2024-10-11,R03,2,2,2,0,0,23.2,0.0,85.3
2024-10-14,R03,4,3,4,0,1,28.2,0.0,51.8
2024-10-15,R03,4,4,4,0,0,40.2,0.0,73.9
2024-10-16,R03,3,3,3,0,0,32.5,0.0,79.7
2024-10-17,R03,3,4,3,0,0,41.7,4.2,100.0
2024-10-18,R03,2,3,2,1,0,29.6,0.0,82.8
2024-10-21,R03,3,3,3,0,0,34.4,0.0,84.3
2024-10-22,R03,3,3,3,0,0,33.6,0.0,82.4
2024-10-23,R03,3,3,3,0,0,26.0,0.0,63.7
2024-10-24,R03,4,3,4,0,1,29.6,0.0,54.4
2024-10-25,R03,2,2,2,0,0,22.9,0.0,84.2
2024-10-28,R03,4,3,4,0,1,33.5,0.0,61.6
2024-10-29,R03,4,3,4,0,1,26.0,0.0,47.8
2024-10-30,R03,3,3,3,0,0,26.6,0.0,65.2
2024-10-31,R03,3,3,3,0,0,31.0,0.0,76.0
2024-11-04,R03,4,5,4,0,0,51.1,1.1,93.9
2024-11-05,R03,3,3,3,0,0,36.3,0.0,91.5
2024-11-06,R03,3,3,3,0,0,30.2,0.0,74.0
2024-11-07,R03,2,2,2,0,0,23.6,0.0,86.8
2024-11-08,R03,2,2,2,0,0,19.4,0.0,71.3
2024-11-11,R03,4,3,4,0,1,34.8,0.0,64.0
2024-11-12,R03,3,3,3,0,0,31.2,0.0,76.5
2024-11-13,R03,4,3,4,0,1,33.5,0.0,61.6
2024-11-14,R03,3,1,3,0,2,8.8,0.0,21.6
2024-11-15,R03,1,4,1,0,0,46.0,33.5,100.0
2024-11-18,R03,4,6,4,0,0,32.9,16.3,60.5
2024-11-19,R03,3,5,3,1,0,34.9,1.2,94.2
2024-11-20,R03,3,3,3,0,0,30.5,0.0,77.7
2024-11-21,R03,1,3,1,2,0,31.6,0.0,77.5
2024-11-22,R03,3,2,3,0,1,22.6,0.0,55.4
2024-11-25,R03,5,3,5,0,2,35.9,0.0,52.8
2024-11-26,R03,4,4,4,0,0,38.3,0.0,70.4
2024-11-27,R03,3,2,3,0,1,24.9,0.0,61.0
2024-11-28,R03,3,3,3,0,0,25.7,0.0,63.0
2024-11-29,R03,2,2,2,0,0,21.4,0.0,78.7
2024-12-02,R03,5,3,5,0,2,27.2,0.0,40.0
2024-12-03,R03,4,2,4,0,2,23.6,0.0,43.4
2024-12-04,R03,2,2,2,0,0,16.6,0.0,61.0
2024-12-05,R03,3,3,3,0,0,25.9,0.0,63.5
2024-12-06,R03,2,3,2,1,0,34.5,0.0,84.6
2024-12-09,R03,3,3,3,0,0,27.8,0.0,68.1
2024-12-10,R03,2,3,2,1,0,35.8,0.0,87.7
2024-12-11,R03,1,3,1,1,0,27.5,2.5,100.0
2024-12-12,R03,3,3,3,0,0,28.2,0.0,75.2
2024-12-13,R03,2,2,2,0,0,23.7,0.0,87.1
2024-12-16,R03,3,3,3,0,0,29.0,0.0,71.1
2024-12-17,R03,3,2,3,0,1,22.9,0.0,56.1
2024-12-18,R03,3,2,3,0,1,23.0,0.0,56.4
2024-12-19,R03,3,3,3,0,0,27.2,0.0,66.7
2024-12-20,R03,2,2,2,0,0,23.6,0.0,86.8
2024-12-23,R03,3,2,3,0,1,21.2,0.0,52.0
2024-12-24,R03,2,2,2,0,0,21.4,0.0,78.7
2024-12-27,R03,1,1,1,0,0,5.5,0.0,40.4
2024-12-30,R03,3,2,3,0,1,13.8,0.0,33.8
2024-12-31,R03,2,2,2,0,0,21.9,0.0,80.5
2025-01-02,R03,2,2,2,0,0,17.3,0.0,63.6
2025-01-03,R03,1,2,1,1,0,22.4,0.0,82.4
2025-01-07,R03,3,3,3,0,0,27.1,0.0,66.4
2025-01-08,R03,3,3,3,0,0,27.1,0.0,66.4
2025-01-09,R03,3,3,3,0,0,35.6,0.0,87.3
2025-01-10,R03,1,2,1,1,0,23.0,0.0,84.6
2025-01-13,R03,3,3,3,0,0,31.2,0.0,76.5
2025-01-14,R03,2,4,2,1,0,38.2,0.7,93.6
2025-01-15,R03,2,3,2,0,0,27.4,3.0,100.0
2025-01-16,R03,3,3,3,0,0,28.8,0.0,78.0
2025-01-17,R03,2,2,2,0,0,24.6,0.0,90.4
2025-01-20,R03,3,3,3,0,0,35.9,0.0,88.0
2025-01-21,R03,4,2,4,0,2,25.0,0.0,46.0
2025-01-22,R03,3,2,3,0,1,24.6,0.0,60.3
2025-01-23,R03,3,2,3,0,1,20.7,0.0,50.7
2025-01-24,R03,1,2,1,1,0,20.9,0.0,76.8
2025-01-27,R03,3,3,3,0,0,36.3,0.0,89.0
2025-01-28,R03,3,3,3,0,0,27.8,0.0,68.1
2025-01-29,R03,3,2,3,0,1,19.2,0.0,47.1
2025-01-30,R03,2,3,2,0,0,29.6,4.6,100.0
2025-01-31,R03,2,2,2,0,0,16.6,0.0,77.9
2025-02-03,R03,3,3,3,0,0,32.1,0.0,78.7
2025-02-04,R03,3,3,3,0,0,26.4,0.0,64.7
2025-02-05,R03,2,3,2,0,0,26.1,1.1,96.0
2025-02-06,R03,3,3,3,0,0,30.1,0.0,76.4
2025-02-07,R03,2,2,2,0,0,21.8,0.0,80.1
2025-02-10,R03,4,3,4,0,1,35.9,0.0,66.0
2025-02-11,R03,3,2,3,0,1,22.8,0.0,55.9
2025-02-12,R03,3,3,3,0,0,28.4,0.0,69.6
2025-02-13,R03,3,3,3,0,0,35.7,0.0,87.5
2025-02-14,R03,2,2,2,0,0,23.7,0.0,87.1
2025-02-17,R03,3,3,3,0,0,34.3,0.0,84.1
2025-02-18,R03,3,3,3,0,0,34.9,0.0,85.5
2025-02-19,R03,3,3,3,0,0,31.9,0.0,78.2
2025-02-20,R03,3,3,3,0,0,35.9,0.0,88.0
2025-02-21,R03,2,2,2,0,0,23.5,0.0,86.4
2025-02-24,R03,4,4,4,0,0,38.1,0.0,70.0
2025-02-25,R03,2,3,2,0,0,29.0,4.0,100.0
2025-02-26,R03,2,3,2,1,0,31.7,0.0,87.4
2025-02-27,R03,3,2,3,0,1,20.0,0.0,49.0
2025-02-28,R03,2,2,2,0,0,24.7,0.0,90.8
2025-03-03,R03,3,3,3,0,0,31.6,0.0,77.5
2025-03-04,R03,3,2,3,0,1,24.3,0.0,59.6
2025-03-05,R03,4,2,4,0,2,17.0,0.0,31.2
2025-03-06,R03,3,3,3,0,0,35.9,0.0,88.0
2025-03-07,R03,2,2,2,0,0,23.6,0.0,86.8
2025-03-10,R03,4,3,4,0,1,36.6,0.0,67.3
2025-03-11,R03,2,3,2,0,0,33.0,8.0,100.0
2025-03-12,R03,3,2,3,0,1,14.8,0.0,55.8
2025-03-13,R03,2,3,2,0,0,25.4,0.4,93.4
2025-03-14,R03,1,2,1,0,0,16.0,3.9,100.0
2025-03-17,R03,4,3,4,0,1,32.2,0.0,59.2
2025-03-18,R03,2,2,2,0,0,23.2,0.0,85.3
2025-03-19,R03,3,3,3,0,0,25.4,0.0,62.3
2025-03-20,R03,4,3,4,0,1,37.1,0.0,68.2
2025-03-21,R03,2,3,2,0,0,28.3,3.3,100.0
2025-03-24,R03,4,4,4,0,0,36.6,0.0,67.3
2025-03-25,R03,3,3,3,0,0,30.5,0.0,74.8
2025-03-26,R03,3,3,3,0,0,26.5,0.0,65.0
2025-03-27,R03,3,3,3,0,0,26.4,0.0,64.7
2025-03-28,R03,3,3,3,0,0,29.9,0.0,73.3
2025-03-31,R03,4,3,4,0,1,28.7,0.0,52.8
2025-04-01,R03,3,3,3,0,0,26.8,0.0,65.7
2025-04-02,R03,3,3,3,0,0,27.8,0.0,68.1
2025-04-03,R03,3,3,3,0,0,35.4,0.0,86.8
2025-04-04,R03,3,2,3,0,1,24.5,0.0,60.0
2025-04-07,R03,4,4,4,0,0,39.0,0.0,71.7
2025-04-08,R03,4,4,4,0,0,38.8,0.0,71.3
2025-04-09,R03,3,3,3,0,0,26.2,0.0,64.2
2025-04-10,R03,3,2,3,0,1,19.7,0.0,48.3
2025-04-11,R03,2,2,2,0,0,19.1,0.0,70.2
2025-04-14,R03,4,3,4,0,1,35.7,0.0,65.6
2025-04-15,R03,4,4,4,0,0,40.2,0.0,73.9
2025-04-16,R03,3,2,3,0,1,23.4,0.0,57.4
2025-04-17,R03,2,4,2,2,0,47.0,0.0,86.4
2025-04-22,R03,4,3,4,0,1,34.8,0.0,64.0
2025-04-23,R03,2,2,2,0,0,21.8,0.0,80.1
2025-04-24,R03,4,3,4,0,1,25.4,0.0,46.7
2025-04-25,R03,1,3,1,0,0,27.9,15.4,100.0
2025-04-28,R03,4,5,4,0,0,35.4,0.7,65.1
2025-04-29,R03,4,3,4,0,1,33.1,0.0,62.2
2025-04-30,R03,2,4,2,0,0,39.1,14.1,100.0
2025-05-02,R03,3,3,3,0,0,20.3,0.0,49.8
2025-05-05,R03,5,4,5,0,1,44.4,0.0,65.3
2025-05-06,R03,3,2,3,0,1,23.5,0.0,57.6
2025-05-07,R03,3,3,3,0,0,34.8,0.0,85.3
2025-05-08,R03,3,3,3,0,0,30.7,0.0,75.2
2025-05-09,R03,4,3,4,0,1,31.4,0.0,57.7
2025-05-12,R03,4,3,4,0,1,31.9,0.0,58.6
2025-05-13,R03,2,3,2,0,0,28.4,3.4,100.0
2025-05-14,R03,3,3,3,0,0,27.6,0.0,75.9
2025-05-15,R03,3,3,3,0,0,28.5,0.0,69.9
2025-05-16,R03,3,2,3,0,1,17.1,0.0,41.9
2025-05-19,R03,3,3,3,0,0,34.7,0.0,85.0
2025-05-20,R03,2,4,2,2,0,43.8,0.0,80.5
2025-05-21,R03,4,3,4,0,1,34.5,0.0,63.4
2025-05-22,R03,3,4,3,0,0,42.6,5.1,100.0
2025-05-23,R03,2,3,2,0,0,22.9,2.9,100.0
2025-05-26,R03,3,5,3,1,0,47.6,0.5,87.5
2025-05-27,R03,4,4,4,0,0,41.7,0.0,77.6
2025-05-28,R03,4,4,4,0,0,39.4,0.0,72.4
2025-05-30,R03,3,1,3,0,2,11.7,0.0,28.7
2025-06-02,R03,4,3,4,0,1,32.8,0.0,60.3
2025-06-03,R03,4,3,4,0,1,33.7,0.0,61.9
2025-06-04,R03,3,4,3,0,0,41.1,3.6,100.0
2025-06-05,R03,3,3,3,0,0,33.3,0.0,90.4
2025-06-06,R03,1,2,1,1,0,21.3,0.0,78.3
2025-06-10,R03,4,4,4,0,0,39.6,0.0,72.8
2025-06-11,R03,4,2,4,0,2,21.7,0.0,39.9
2025-06-12,R03,3,4,3,0,0,41.8,4.3,100.0
2025-06-13,R03,2,3,2,0,0,22.0,1.2,96.6
2025-06-16,R03,4,4,4,0,0,36.4,0.0,66.9
2025-06-17,R03,3,3,3,0,0,36.7,0.0,90.0
2025-06-18,R03,3,4,3,1,0,45.5,0.0,83.6
2025-06-20,R03,2,2,2,0,0,21.7,0.0,79.8
2025-06-23,R03,4,5,4,0,0,52.1,2.1,95.8
2025-06-24,R03,3,4,3,0,0,36.9,1.4,95.5
2025-06-25,R03,3,4,3,0,0,36.5,0.4,92.9
2025-06-26,R03,3,4,3,1,0,45.6,0.0,84.5
2025-06-27,R03,2,3,2,0,0,27.5,2.5,100.0
2025-06-30,R03,5,3,5,0,2,33.7,0.0,49.6
2025-07-01,R03,4,3,4,0,1,36.7,0.0,67.5
2025-07-02,R03,3,3,3,0,0,31.2,0.0,76.5
2025-07-03,R03,4,4,4,0,0,39.9,0.0,73.3
2025-07-04,R03,3,2,3,0,1,23.6,0.0,57.8
2025-07-07,R03,4,4,4,0,0,43.3,0.0,79.6
2025-07-08,R03,4,4,4,0,0,46.2,0.0,84.9
2025-07-09,R03,3,3,3,0,0,37.4,0.0,91.7
2025-07-10,R03,3,4,3,0,0,44.2,6.7,100.0
2025-07-11,R03,2,3,2,1,0,26.9,0.0,82.3
2025-07-14,R03,4,4,4,0,0,37.6,0.0,69.1
2025-07-15,R03,3,3,3,0,0,33.7,0.0,82.6
2025-07-16,R03,3,3,3,0,0,28.2,0.0,69.1
2025-07-17,R03,4,3,4,0,1,32.7,0.0,60.1
2025-07-18,R03,2,3,2,0,0,26.6,1.6,97.8
2025-07-21,R03,3,3,3,0,0,34.7,0.0,85.0
2025-07-22,R03,4,4,4,0,0,37.7,0.0,69.3
2025-07-23,R03,4,3,4,0,1,25.5,0.0,46.9
2025-07-24,R03,3,3,3,0,0,34.8,0.0,85.3
2025-07-25,R03,3,2,3,0,1,22.6,0.0,55.4
2025-07-28,R03,4,3,4,0,1,37.0,0.0,68.0
2025-07-29,R03,3,4,3,0,0,44.0,6.5,100.0
2025-07-30,R03,3,4,3,0,0,33.4,2.3,97.7
2025-07-31,R03,3,3,3,0,0,29.9,0.0,79.0
2025-08-01,R03,2,2,2,0,0,18.7,0.0,68.7
2025-08-04,R03,3,3,3,0,0,34.9,0.0,85.5
2025-08-05,R03,3,3,3,0,0,35.4,0.0,86.8
2025-08-06,R03,3,2,3,0,1,18.7,0.0,45.8
2025-08-07,R03,3,3,3,0,0,28.6,0.0,70.1
2025-08-08,R03,1,2,1,1,0,21.2,0.0,77.9
2025-08-11,R03,4,3,4,0,1,25.5,0.0,46.9
2025-08-12,R03,3,3,3,0,0,29.7,0.0,72.8
2025-08-13,R03,2,3,2,0,0,25.8,0.8,94.9
2025-08-14,R03,3,3,3,0,0,26.6,0.0,67.1
2025-08-15,R03,2,2,2,0,0,24.7,0.0,90.8
2025-08-18,R03,4,3,4,0,1,30.9,0.0,56.8
2025-08-19,R03,3,2,3,0,1,23.2,0.0,56.9
2025-08-20,R03,3,2,3,0,1,24.4,0.0,59.8
2025-08-21,R03,3,2,3,0,1,23.7,0.0,58.1
2025-08-22,R03,2,2,2,0,0,22.1,0.0,81.3
2025-08-25,R03,3,3,3,0,0,32.9,0.0,80.6
2025-08-26,R03,3,3,3,0,0,32.2,0.0,78.9
2025-08-27,R03,3,2,3,0,1,23.2,0.0,56.9
2025-08-28,R03,2,3,2,1,0,33.6,0.0,82.4
2025-08-29,R03,2,3,2,0,0,30.5,5.5,100.0
2025-09-01,R03,4,3,4,0,1,30.7,0.0,56.4
2025-09-02,R03,2,3,2,0,0,34.8,9.8,100.0
2025-09-03,R03,2,3,2,0,0,24.5,9.3,100.0
2025-09-04,R03,3,3,3,0,0,24.7,0.0,83.2
2025-09-05,R03,2,2,2,0,0,18.6,0.0,68.4
2025-09-08,R03,3,2,3,0,1,24.6,0.0,60.3
2025-09-09,R03,3,2,3,0,1,23.7,0.0,58.1
2025-09-10,R03,2,3,2,0,0,26.0,1.0,95.6
2025-09-11,R03,4,3,4,0,1,32.2,0.0,61.0
2025-09-12,R03,1,3,1,1,0,26.5,1.5,97.4
2025-09-15,R03,3,3,3,0,0,29.7,0.0,72.8
2025-09-16,R03,3,4,3,0,0,40.4,2.9,99.0
2025-09-17,R03,2,2,2,0,0,20.3,0.0,85.2
2025-09-18,R03,3,3,3,0,0,35.1,0.0,86.0
2025-09-19,R03,2,2,2,0,0,23.0,0.0,84.6
2025-09-22,R03,4,3,4,0,1,36.8,0.0,67.6
2025-09-23,R03,3,3,3,0,0,30.8,0.0,75.5
2025-09-24,R03,2,3,2,0,0,37.2,12.2,100.0
2025-09-25,R03,2,4,2,0,0,32.1,19.3,100.0
2025-09-26,R03,2,5,2,0,0,36.2,30.4,100.0
2025-09-29,R03,4,6,4,0,0,42.0,22.4,77.2
2025-09-30,R03,3,4,3,0,0,22.8,7.6,100.0
2025-10-01,R03,3,4,3,1,0,39.1,0.0,85.9
2025-10-02,R03,3,4,3,0,0,38.5,1.0,94.4
2025-10-06,R03,5,4,5,0,1,44.5,0.0,65.4
2025-10-07,R03,4,3,4,0,1,36.0,0.0,66.2
2025-10-08,R03,4,4,4,0,0,41.2,0.0,75.7
2025-10-09,R03,3,4,3,0,0,37.7,0.2,92.4
2025-10-10,R03,3,2,3,0,1,19.0,0.0,47.0
2025-10-13,R03,5,3,5,0,2,35.7,0.0,52.5
2025-10-14,R03,4,3,4,0,1,30.7,0.0,56.4
2025-10-15,R03,4,4,4,0,0,47.2,0.0,86.8
2025-10-16,R03,4,4,4,0,0,49.1,0.0,90.3
2025-10-17,R03,1,2,1,1,0,18.5,0.0,68.0
2025-10-20,R03,4,3,4,0,1,34.4,0.0,63.2
2025-10-21,R03,3,4,3,0,0,39.3,1.8,96.3
2025-10-22,R03,4,3,4,0,1,26.7,0.0,52.3
2025-10-23,R03,4,3,4,0,1,32.2,0.0,59.2
2025-10-24,R03,2,2,2,0,0,23.1,0.0,84.9
2025-10-27,R03,3,4,3,0,0,37.9,0.4,92.9
2025-10-28,R03,4,3,4,0,1,33.1,0.0,61.5
2025-10-29,R03,4,4,4,0,0,40.2,0.0,73.9
2025-10-30,R03,4,3,4,0,1,32.7,0.0,60.1
2025-10-31,R03,1,3,1,1,0,29.5,4.5,100.0
2025-11-03,R03,4,4,4,0,0,38.8,0.0,71.3
2025-11-04,R03,3,3,3,0,0,36.3,0.0,89.0
2025-11-05,R03,3,3,3,0,0,25.8,0.0,63.2
2025-11-06,R03,3,3,3,0,0,30.5,0.0,74.8
2025-11-07,R03,2,2,2,0,0,21.2,0.0,77.9
2025-11-10,R03,4,4,4,0,0,44.1,0.0,81.1
2025-11-11,R03,3,3,3,0,0,25.3,0.0,62.0
2025-11-12,R03,3,4,3,0,0,39.5,2.0,96.8
2025-11-13,R03,2,3,2,1,0,34.7,0.0,89.9
2025-11-14,R03,3,2,3,0,1,25.0,0.0,61.3
2025-11-17,R03,5,3,5,0,2,31.7,0.0,46.6
2025-11-18,R03,4,3,4,0,1,34.5,0.0,63.4
2025-11-19,R03,3,3,3,0,0,28.0,0.0,68.6
2025-11-20,R03,3,4,3,0,0,40.7,3.2,99.8
2025-11-21,R03,1,3,1,2,0,29.8,0.0,80.8
2025-11-24,R03,4,3,4,0,1,30.7,0.0,56.4
2025-11-25,R03,4,3,4,0,1,27.4,0.0,50.4
2025-11-26,R03,3,4,3,0,0,38.7,1.2,94.9
2025-11-27,R03,3,3,3,0,0,29.4,0.0,74.9
2025-11-28,R03,3,2,3,0,1,23.4,0.0,57.4
2025-12-01,R03,4,4,4,0,0,46.7,0.0,85.8
2025-12-02,R03,3,3,3,0,0,33.7,0.0,82.6
2025-12-03,R03,3,3,3,0,0,33.0,0.0,80.9
2025-12-04,R03,3,3,3,0,0,30.1,0.0,73.8
2025-12-05,R03,2,2,2,0,0,15.5,0.0,57.0
2025-12-08,R03,4,4,4,0,0,41.7,0.0,76.7
2025-12-09,R03,3,3,3,0,0,31.9,0.0,78.2
2025-12-10,R03,3,3,3,0,0,36.1,0.0,88.5
2025-12-11,R03,2,3,2,1,0,32.1,0.0,78.7
2025-12-12,R03,1,2,1,1,0,18.1,0.0,66.5
2025-12-15,R03,4,4,4,0,0,41.5,0.0,76.3
2025-12-16,R03,2,4,2,2,0,45.3,0.0,83.3
2025-12-17,R03,3,4,3,0,0,37.7,0.2,92.4
2025-12-18,R03,3,3,3,0,0,35.8,0.0,88.1
2025-12-19,R03,2,2,2,0,0,14.2,0.0,52.2
2025-12-22,R03,4,2,4,0,2,17.2,0.0,31.6
2025-12-23,R03,3,2,3,0,1,13.2,0.0,32.4
2025-12-24,R03,4,2,4,0,2,22.6,0.0,41.5
2025-12-29,R03,3,2,3,0,1,14.3,0.0,35.0
2025-12-30,R03,3,2,3,0,1,16.4,0.0,40.2
2025-12-31,R03,3,2,3,0,1,18.1,0.0,44.4
2026-01-02,R03,1,1,1,0,0,7.6,0.0,55.9
2026-01-05,R03,2,3,2,0,0,27.9,2.9,100.0
2026-01-07,R03,2,3,2,0,0,25.9,3.8,95.2
2026-01-08,R03,3,3,3,0,0,32.2,0.0,88.1
2026-01-09,R03,2,2,2,0,0,24.8,0.0,91.2
2026-01-12,R03,3,2,3,0,1,22.1,0.0,54.2
2026-01-13,R03,3,2,3,0,1,14.3,0.0,35.0
2026-01-14,R03,3,3,3,0,0,34.7,0.0,85.0
2026-01-15,R03,3,2,3,0,1,23.1,0.0,56.6
2026-01-16,R03,2,2,2,0,0,19.5,0.0,71.7
2026-01-19,R03,3,2,3,0,1,21.3,0.0,52.2
2026-01-20,R03,3,2,3,0,1,21.2,0.0,52.0
2026-01-21,R03,2,3,2,1,0,33.2,0.0,81.4
2026-01-22,R03,2,2,2,0,0,21.3,0.0,78.3
2026-01-23,R03,1,2,1,1,0,18.1,0.0,66.5
2026-01-26,R03,3,3,3,0,0,36.6,0.0,89.7
2026-01-27,R03,2,3,2,0,0,26.9,1.9,98.9
2026-01-28,R03,4,3,4,0,1,28.7,0.0,56.2
2026-01-29,R03,2,3,2,1,0,33.4,0.0,81.9
2026-01-30,R03,2,3,2,0,0,30.0,5.0,100.0
2026-02-02,R03,4,3,4,0,1,28.7,0.0,52.8
2026-02-03,R03,3,3,3,0,0,35.9,0.0,88.0
2026-02-04,R03,3,2,3,0,1,21.9,0.0,53.7
2026-02-05,R03,2,3,2,1,0,34.2,0.0,83.8
2026-02-06,R03,2,2,2,0,0,20.8,0.0,76.5
2026-02-09,R03,3,5,3,1,0,50.9,0.9,93.6
2026-02-10,R03,3,3,3,0,0,30.0,0.0,75.6
2026-02-11,R03,3,3,3,0,0,29.2,0.0,71.6
2026-02-12,R03,3,3,3,0,0,28.3,0.0,69.4
2026-02-13,R03,2,3,2,0,0,27.1,2.1,99.6
2026-02-16,R03,4,4,4,0,0,37.1,0.0,68.2
2026-02-17,R03,3,4,3,0,0,39.7,2.2,97.3
2026-02-18,R03,3,3,3,0,0,28.7,0.0,75.6
2026-02-19,R03,3,3,3,0,0,37.2,0.0,91.2
2026-02-20,R03,2,2,2,0,0,21.0,0.0,77.2
2026-02-23,R03,4,3,4,0,1,29.0,0.0,53.3
2026-02-24,R03,3,3,3,0,0,34.3,0.0,84.1
2026-02-25,R03,3,3,3,0,0,30.3,0.0,74.3
2026-02-26,R03,3,3,3,0,0,30.4,0.0,74.5
2026-02-27,R03,2,3,2,0,0,26.4,1.4,97.1
2026-03-02,R03,4,4,4,0,0,36.9,0.0,67.8
2026-03-03,R03,3,3,3,0,0,36.0,0.0,88.2
2026-03-04,R03,3,3,3,0,0,26.5,0.0,65.0
2026-03-05,R03,4,3,4,0,1,34.4,0.0,63.2
2026-03-06,R03,2,3,2,1,0,32.8,0.0,80.4
2026-03-09,R03,4,3,4,0,1,37.2,0.0,68.4
2026-03-10,R03,3,3,3,0,0,34.1,0.0,83.6
2026-03-11,R03,2,3,2,0,0,27.2,2.2,100.0
2026-03-12,R03,3,4,3,0,0,41.4,6.0,100.0
2026-03-13,R03,2,3,2,1,0,28.5,0.0,84.7
2026-03-16,R03,3,4,3,1,0,47.2,0.0,86.8
2026-03-17,R03,3,3,3,0,0,36.8,0.0,90.2
2026-03-18,R03,3,3,3,0,0,30.4,0.0,74.5
2026-03-19,R03,3,2,3,0,1,24.0,0.0,58.8
2026-03-20,R03,3,2,3,0,1,24.7,0.0,60.5
2026-03-23,R03,4,2,4,0,2,24.8,0.0,45.6
2026-03-24,R03,3,3,3,0,0,31.6,0.0,77.5
2026-03-25,R03,3,3,3,0,0,29.5,0.0,72.3
2026-03-26,R03,2,3,2,1,0,33.6,0.0,82.4
2026-03-27,R03,3,2,3,0,1,18.7,0.0,45.8
2026-03-30,R03,3,3,3,0,0,32.6,0.0,79.9
2026-03-31,R03,3,2,3,0,1,16.8,0.0,41.2
2026-04-01,R03,3,3,3,0,0,26.0,0.0,63.7
2026-04-02,R03,2,3,2,1,0,31.7,0.0,77.7
2026-04-07,R03,3,3,3,0,0,31.6,0.0,77.5
2026-04-08,R03,3,2,3,0,1,24.8,0.0,60.8
2026-04-09,R03,4,4,4,0,0,38.8,0.0,71.3
2026-04-10,R03,2,3,2,0,0,28.3,3.3,100.0
2026-04-13,R03,4,3,4,0,1,28.4,0.0,52.2
2026-04-14,R03,3,3,3,0,0,26.5,0.0,65.0
2026-04-15,R03,2,3,2,0,0,30.8,5.8,100.0
2026-04-16,R03,4,3,4,0,1,24.0,0.0,54.7
2026-04-17,R03,3,3,3,0,0,35.1,0.0,86.0
2026-04-20,R03,4,3,4,0,1,37.5,0.0,68.9
2026-04-21,R03,3,4,3,0,0,37.6,0.1,92.2
2026-04-22,R03,3,3,3,0,0,30.2,0.0,74.2
2026-04-23,R03,4,2,4,0,2,17.5,0.0,32.2
2026-04-24,R03,3,4,3,1,0,42.7,0.0,78.5
2026-04-27,R03,4,3,4,0,1,36.6,0.0,67.3
2026-04-28,R03,4,2,4,0,2,22.8,0.0,41.9
2026-04-29,R03,4,3,4,0,1,26.7,0.0,49.1
2026-04-30,R03,3,3,3,0,0,32.9,0.0,80.6
2026-05-04,R03,4,4,4,0,0,45.4,0.0,83.5
2026-05-05,R03,2,3,2,1,0,35.6,0.0,87.3
2026-05-06,R03,3,3,3,0,0,31.9,0.0,78.2
2026-05-07,R03,3,3,3,0,0,31.5,0.0,77.2
2026-05-08,R03,3,2,3,0,1,23.9,0.0,58.6
2026-05-11,R03,4,3,4,0,1,35.4,0.0,65.1
2026-05-12,R03,3,3,3,0,0,33.3,0.0,81.6
2026-05-13,R03,2,3,2,0,0,34.3,9.3,100.0
2026-05-15,R03,1,3,1,2,0,22.1,0.0,54.2
2026-05-18,R03,4,4,4,0,0,44.4,0.0,81.6
2026-05-19,R03,3,3,3,0,0,35.5,0.0,87.0
2026-05-20,R03,2,4,2,1,0,37.6,0.1,92.2
2026-05-21,R03,4,4,4,0,0,37.9,0.0,69.8
2026-05-22,R03,2,3,2,1,0,33.6,0.0,82.4
2026-05-26,R03,3,3,3,0,0,28.4,0.0,69.6
2026-05-27,R03,3,3,3,0,0,27.5,0.0,67.4
2026-05-28,R03,4,3,4,0,1,32.9,0.0,60.5
2026-05-29,R03,2,4,2,0,0,39.3,14.3,100.0
2026-06-01,R03,4,5,4,0,0,40.2,4.4,73.9
2026-06-02,R03,3,4,3,1,0,39.4,0.0,80.6
2026-06-03,R03,3,3,3,0,0,34.2,0.0,83.8
2026-06-05,R03,3,2,3,0,1,17.6,0.0,43.1
2026-06-08,R03,5,3,5,0,2,36.3,0.0,53.4
2026-06-09,R03,4,4,4,0,0,43.0,0.0,79.0
2026-06-10,R03,3,4,3,0,0,41.5,4.0,100.0
2026-06-11,R03,3,3,3,0,0,29.8,0.0,82.8
2026-06-12,R03,2,3,2,1,0,36.7,0.0,90.0
2026-06-15,R03,4,4,4,0,0,41.6,0.0,76.5
2026-06-16,R03,3,3,3,0,0,35.9,0.0,88.0
2026-06-17,R03,4,4,4,0,0,39.2,0.0,72.1
2026-06-18,R03,3,3,3,0,0,35.5,0.0,87.0
2026-06-19,R03,3,3,3,0,0,25.8,0.0,63.2
2026-06-22,R03,5,4,5,0,1,42.7,0.0,62.8
2026-06-23,R03,4,4,4,0,0,46.6,0.0,85.7
2026-06-24,R03,3,3,3,0,0,34.8,0.0,85.3
2026-06-25,R03,3,4,3,0,0,40.6,3.1,99.5
2026-06-26,R03,3,3,3,0,0,23.5,0.0,65.1
2026-06-29,R03,3,4,3,0,0,39.0,1.5,95.6
2026-06-30,R03,3,3,3,0,0,27.7,0.0,71.5
2026-07-01,R03,3,3,3,0,0,35.5,0.0,87.0
2026-07-02,R03,4,3,4,0,1,30.3,0.0,55.7
2026-07-03,R03,2,2,2,0,0,24.3,0.0,89.3
2026-07-06,R03,5,4,5,0,1,38.3,0.0,56.3
2026-07-07,R03,4,3,4,0,1,32.6,0.0,59.9
2026-07-08,R03,3,3,3,0,0,28.3,0.0,69.4
2026-07-09,R03,4,3,4,0,1,26.7,0.0,49.1
2026-07-10,R03,2,2,2,0,0,22.5,0.0,82.7
2026-07-13,R03,4,3,4,0,1,36.4,0.0,66.9
2026-07-14,R03,3,4,3,0,0,38.6,1.1,94.6
2026-07-15,R03,3,3,3,0,0,32.2,0.0,81.5
2026-07-16,R03,3,4,3,0,0,44.9,7.4,100.0
2026-07-17,R03,2,4,2,0,0,30.3,12.6,100.0
2026-07-20,R03,3,6,3,0,0,50.5,25.6,100.0
2026-07-21,R03,4,5,4,0,0,27.0,2.6,96.7
2026-07-22,R03,3,3,3,0,0,31.1,0.0,82.5
2026-07-23,R03,4,3,4,0,1,33.0,0.0,60.7
2026-07-24,R03,2,3,2,0,0,28.3,3.3,100.0
2026-07-27,R03,5,3,5,0,2,31.7,0.0,46.6
2026-07-28,R03,5,3,5,0,2,30.0,0.0,44.1
2026-07-29,R03,3,3,3,0,0,36.5,0.0,89.5
2026-07-30,R03,3,2,3,0,1,24.8,0.0,60.8
2026-07-31,R03,3,3,3,0,0,28.3,0.0,69.4
2026-08-03,R03,4,3,4,0,1,31.1,0.0,57.2
2026-08-04,R03,4,3,4,0,1,29.4,0.0,54.0
2026-08-05,R03,3,2,3,0,1,22.7,0.0,55.6
2026-08-06,R03,3,3,3,0,0,30.4,0.0,74.5
2026-08-07,R03,2,3,2,0,0,25.3,0.3,93.0
2026-08-10,R03,3,3,3,0,0,26.9,0.0,65.9
2026-08-11,R03,3,3,3,0,0,32.4,0.0,79.4
2026-08-12,R03,2,3,2,1,0,36.8,0.0,90.2
2026-08-13,R03,2,2,2,0,0,21.3,0.0,78.3
2026-08-14,R03,2,2,2,0,0,23.0,0.0,84.6
2026-08-17,R03,3,3,3,0,0,34.9,0.0,85.5
2026-08-18,R03,2,3,2,1,0,34.0,0.0,83.3
2026-08-19,R03,3,2,3,0,1,20.3,0.0,49.8
2026-08-20,R03,3,4,3,0,0,40.4,2.9,99.0
2026-08-21,R03,1,3,1,1,0,25.0,2.8,100.0
2026-08-24,R03,4,4,4,0,0,35.8,0.0,65.8
2026-08-25,R03,3,3,3,0,0,33.5,0.0,82.1
2026-08-26,R03,3,2,3,0,1,18.7,0.0,45.8
2026-08-27,R03,3,3,3,0,0,30.2,0.0,74.0
2026-08-28,R03,2,2,2,0,0,22.5,0.0,82.7
2026-08-31,R03,4,3,4,0,1,31.8,0.0,58.5
2024-01-02,R04,2,2,2,0,0,23.4,0.0,86.0
2024-01-03,R04,1,2,1,0,0,16.9,4.4,100.0
2024-01-04,R04,1,3,1,0,0,20.8,12.7,100.0
2024-01-05,R04,3,4,3,0,0,28.2,3.3,100.0
2024-01-08,R04,3,4,3,0,0,35.1,0.9,86.0
2024-01-09,R04,2,3,2,1,0,30.7,0.0,77.5
2024-01-10,R04,2,2,2,0,0,22.1,0.0,81.2
2024-01-11,R04,3,3,3,0,0,25.1,0.0,61.5
2024-01-12,R04,4,2,4,0,2,16.7,0.0,30.7
2024-01-15,R04,5,2,5,0,3,19.0,0.0,27.9
2024-01-16,R04,3,3,3,0,0,25.6,0.0,62.7
2024-01-17,R04,2,1,2,0,1,11.5,0.0,42.3
2024-01-18,R04,3,2,3,0,1,13.5,0.0,33.1
2024-01-19,R04,3,2,3,0,1,20.7,0.0,50.7
2024-01-22,R04,3,3,3,0,0,27.9,0.0,68.4
2024-01-23,R04,3,4,3,0,0,38.1,0.6,93.4
2024-01-24,R04,1,4,1,2,0,40.0,3.0,99.4
2024-01-25,R04,2,4,2,1,0,44.5,10.0,100.0
2024-01-26,R04,2,3,2,1,0,23.7,0.0,82.6
2024-01-29,R04,3,3,3,0,0,30.5,0.0,74.8
2024-01-30,R04,4,3,4,0,1,26.8,0.0,49.3
2024-01-31,R04,3,3,3,0,0,25.5,0.0,62.5
2024-02-01,R04,4,3,4,0,1,31.1,0.0,57.2
2024-02-02,R04,2,2,2,0,0,13.6,0.0,50.0
2024-02-05,R04,3,3,3,0,0,35.2,0.0,86.3
2024-02-06,R04,4,3,4,0,1,36.2,0.0,66.5
2024-02-07,R04,4,3,4,0,1,26.0,0.0,47.8
2024-02-08,R04,4,4,4,0,0,39.0,0.0,71.7
2024-02-09,R04,2,2,2,0,0,14.6,0.0,53.7
2024-02-12,R04,3,3,3,0,0,31.2,0.0,76.5
2024-02-13,R04,3,3,3,0,0,31.2,0.0,76.5
2024-02-14,R04,3,2,3,0,1,19.9,0.0,48.8
2024-02-15,R04,4,3,4,0,1,27.0,0.0,49.6
2024-02-16,R04,2,2,2,0,0,16.4,0.0,60.3
2024-02-19,R04,3,2,3,0,1,21.7,0.0,53.2
2024-02-20,R04,3,3,3,0,0,35.4,0.0,86.8
2024-02-21,R04,2,3,2,0,0,29.7,4.7,100.0
2024-02-22,R04,3,2,3,0,1,18.8,0.0,57.5
2024-02-23,R04,2,2,2,0,0,13.7,0.0,50.4
2024-02-26,R04,3,2,3,0,1,22.9,0.0,56.1
2024-02-27,R04,3,4,3,1,0,44.6,0.0,82.0
2024-02-28,R04,3,2,3,0,1,21.1,0.0,51.7
2024-02-29,R04,2,3,2,0,0,29.2,4.2,100.0
2024-03-01,R04,2,2,2,0,0,15.2,0.0,71.2
2024-03-04,R04,3,3,3,0,0,28.0,0.0,68.6
2024-03-05,R04,4,3,4,0,1,30.8,0.0,56.6
2024-03-06,R04,2,2,2,0,0,24.5,0.0,90.1
2024-03-07,R04,3,4,3,0,0,37.7,0.2,92.4
2024-03-08,R04,2,2,2,0,0,20.7,0.0,76.7
2024-03-11,R04,3,2,3,0,1,20.1,0.0,49.3
2024-03-12,R04,3,3,3,0,0,26.6,0.0,65.2
2024-03-13,R04,2,2,2,0,0,18.9,0.0,69.5
2024-03-14,R04,4,3,4,0,1,37.3,0.0,68.6
2024-03-15,R04,1,2,1,0,0,16.5,4.0,100.0
2024-03-18,R04,3,3,3,0,0,29.0,0.0,71.1
2024-03-19,R04,3,2,3,0,1,24.6,0.0,60.3
2024-03-20,R04,2,3,2,0,0,27.8,2.8,100.0
2024-03-21,R04,3,4,3,0,0,37.5,2.7,98.7
2024-03-22,R04,2,3,2,0,0,26.0,3.7,100.0
2024-03-25,R04,3,3,3,0,0,28.6,0.0,70.1
2024-03-26,R04,3,3,3,0,0,34.0,0.0,83.3
2024-03-27,R04,2,3,2,0,0,28.4,3.4,100.0
2024-03-28,R04,3,4,3,1,0,45.1,0.0,89.1
2024-04-02,R04,3,3,3,0,0,35.5,0.0,87.0
2024-04-03,R04,3,2,3,0,1,15.7,0.0,38.5
2024-04-04,R04,4,2,4,0,2,19.8,0.0,36.4
2024-04-05,R04,3,2,3,0,1,16.4,0.0,40.2
2024-04-08,R04,4,2,4,0,2,24.8,0.0,45.6
2024-04-09,R04,3,3,3,0,0,30.6,0.0,75.0
2024-04-10,R04,2,2,2,0,0,19.4,0.0,71.3
2024-04-11,R04,2,4,2,0,0,42.7,17.7,100.0
2024-04-12,R04,2,4,2,1,0,20.8,0.9,94.3
2024-04-15,R04,2,2,2,0,0,19.2,0.0,70.6
2024-04-16,R04,3,3,3,0,0,28.8,0.0,70.6
2024-04-17,R04,2,2,2,0,0,22.2,0.0,81.6
2024-04-18,R04,4,4,4,0,0,48.6,0.0,89.3
2024-04-19,R04,3,2,3,0,1,17.6,0.0,43.1
2024-04-22,R04,3,3,3,0,0,32.8,0.0,80.4
2024-04-23,R04,3,3,3,0,0,27.6,0.0,67.6
2024-04-24,R04,2,3,2,0,0,25.9,0.9,95.2
2024-04-25,R04,5,3,5,0,2,34.9,0.0,52.6
2024-04-26,R04,2,2,2,0,0,17.1,0.0,62.9
2024-04-29,R04,2,2,2,0,0,24.2,0.0,89.0
2024-04-30,R04,3,3,3,0,0,33.7,0.0,82.6
2024-05-02,R04,3,3,3,0,0,30.2,0.0,74.0
2024-05-03,R04,1,2,1,1,0,20.2,0.0,74.3
2024-05-06,R04,2,3,2,0,0,25.6,0.6,94.1
2024-05-07,R04,3,3,3,0,0,34.1,0.0,85.0
2024-05-08,R04,3,3,3,0,0,37.2,0.0,91.2
2024-05-10,R04,1,2,1,0,0,13.1,0.6,96.3
2024-05-13,R04,3,3,3,0,0,28.4,0.0,69.6
2024-05-14,R04,4,2,4,0,2,25.0,0.0,46.0
2024-05-15,R04,3,2,3,0,1,15.4,0.0,37.7
2024-05-16,R04,3,3,3,0,0,35.8,0.0,87.7
2024-05-17,R04,1,2,1,0,0,16.9,4.4,100.0
2024-05-21,R04,2,4,2,1,0,33.4,0.3,81.9
2024-05-22,R04,2,3,2,0,0,29.1,4.3,100.0
2024-05-23,R04,3,3,3,0,0,30.0,0.0,84.1
2024-05-24,R04,1,2,1,1,0,18.5,0.0,68.0
2024-05-27,R04,3,3,3,0,0,31.3,0.0,76.7
2024-05-28,R04,3,3,3,0,0,34.2,0.0,83.8
2024-05-29,R04,2,3,2,0,0,28.0,3.0,100.0
2024-05-31,R04,1,2,1,1,0,18.4,0.0,67.6
2024-06-03,R04,3,2,3,0,1,24.3,0.0,59.6
2024-06-04,R04,4,3,4,0,1,27.3,0.0,50.2
2024-06-05,R04,3,3,3,0,0,27.4,0.0,67.2
2024-06-06,R04,3,3,3,0,0,30.9,0.0,75.7
2024-06-07,R04,2,2,2,0,0,18.8,0.0,69.1
2024-06-10,R04,3,3,3,0,0,36.9,0.0,90.4
2024-06-11,R04,4,4,4,0,0,40.5,0.0,74.4
2024-06-12,R04,3,3,3,0,0,28.7,0.0,70.3
2024-06-13,R04,3,3,3,0,0,28.5,0.0,69.9
2024-06-14,R04,2,2,2,0,0,16.9,0.0,62.1
2024-06-17,R04,3,3,3,0,0,30.5,0.0,74.8
2024-06-18,R04,4,3,4,0,1,25.6,0.0,47.1
2024-06-19,R04,4,3,4,0,1,28.1,0.0,51.7
2024-06-20,R04,3,3,3,0,0,32.5,0.0,79.7
2024-06-21,R04,1,2,1,0,0,17.9,5.4,100.0
2024-06-24,R04,3,3,3,0,0,27.3,0.0,66.9
2024-06-25,R04,4,4,4,0,0,41.6,0.0,76.5
2024-06-26,R04,3,3,3,0,0,25.8,0.0,63.2
2024-06-27,R04,2,3,2,0,0,26.2,1.2,96.3
2024-06-28,R04,2,2,2,0,0,20.4,0.0,79.3
2024-07-01,R04,3,2,3,0,1,20.8,0.0,51.0
2024-07-02,R04,3,4,3,0,0,38.2,0.7,93.6
2024-07-03,R04,3,3,3,0,0,33.0,0.0,82.5
2024-07-04,R04,3,3,3,0,0,25.7,0.0,63.0
2024-07-05,R04,2,2,2,0,0,19.3,0.0,71.0
2024-07-08,R04,3,3,3,0,0,25.4,0.0,62.3
2024-07-09,R04,4,3,4,0,1,33.9,0.0,62.3
2024-07-10,R04,3,3,3,0,0,28.7,0.0,70.3
2024-07-11,R04,4,3,4,0,1,30.1,0.0,55.3
2024-07-12,R04,2,2,2,0,0,19.0,0.0,69.9
2024-07-15,R04,2,4,2,1,0,37.8,0.3,92.6
2024-07-16,R04,3,3,3,0,0,36.2,0.0,89.4
2024-07-17,R04,3,3,3,0,0,35.1,0.0,86.0
2024-07-18,R04,3,3,3,0,0,37.4,0.0,91.7
2024-07-19,R04,2,2,2,0,0,16.0,0.0,58.8
2024-07-22,R04,4,3,4,0,1,30.7,0.0,56.4
2024-07-23,R04,3,3,3,0,0,27.5,0.0,67.4
2024-07-24,R04,3,2,3,0,1,23.4,0.0,57.4
2024-07-25,R04,3,2,3,0,1,16.5,0.0,40.4
2024-07-26,R04,2,2,2,0,0,12.7,0.0,46.7
2024-07-29,R04,4,2,4,0,2,20.5,0.0,37.7
2024-07-30,R04,3,2,3,0,1,15.7,0.0,38.5
2024-07-31,R04,2,2,2,0,0,19.4,0.0,71.3
2024-08-01,R04,3,2,3,0,1,17.9,0.0,43.9
2024-08-02,R04,2,2,2,0,0,14.9,0.0,54.8
2024-08-05,R04,2,2,2,0,0,17.0,0.0,62.5
2024-08-06,R04,3,2,3,0,1,24.4,0.0,59.8
2024-08-07,R04,2,2,2,0,0,19.8,0.0,72.8
2024-08-08,R04,2,2,2,0,0,23.7,0.0,87.1
2024-08-09,R04,2,1,2,0,1,9.8,0.0,36.0
2024-08-12,R04,3,2,3,0,1,15.0,0.0,36.8
2024-08-13,R04,2,2,2,0,0,13.8,0.0,50.7
2024-08-14,R04,1,2,1,0,0,16.8,4.3,100.0
2024-08-15,R04,2,2,2,0,0,17.2,0.0,79.0
2024-08-16,R04,1,2,1,1,0,19.4,0.0,71.3
2024-08-19,R04,2,3,2,0,0,27.8,2.8,100.0
2024-08-20,R04,2,3,2,0,0,24.5,2.3,100.0
2024-08-21,R04,2,3,2,0,0,27.6,4.8,100.0
2024-08-22,R04,1,3,1,0,0,26.2,18.5,100.0
2024-08-23,R04,1,3,1,1,0,19.0,12.5,100.0
2024-08-26,R04,3,3,3,0,0,19.3,0.0,47.3
2024-08-27,R04,3,2,3,0,1,21.6,0.0,52.9
2024-08-28,R04,2,2,2,0,0,24.5,0.0,90.1
2024-08-29,R04,3,3,3,0,0,32.6,0.0,79.9
2024-08-30,R04,3,2,3,0,1,18.5,0.0,45.3
2024-09-02,R04,3,3,3,0,0,29.5,0.0,72.3
2024-09-03,R04,2,2,2,0,0,20.5,0.0,75.4
2024-09-04,R04,2,2,2,0,0,21.6,0.0,79.4
2024-09-05,R04,3,2,3,0,1,23.2,0.0,56.9
2024-09-06,R04,2,2,2,0,0,23.9,0.0,87.9
2024-09-09,R04,4,2,4,0,2,24.2,0.0,44.5
2024-09-10,R04,3,2,3,0,1,24.6,0.0,60.3
2024-09-11,R04,2,2,2,0,0,24.2,0.0,89.0
2024-09-12,R04,2,3,2,1,0,36.2,0.0,88.7
2024-09-13,R04,1,2,1,0,0,16.6,4.1,100.0
2024-09-16,R04,3,4,3,0,0,35.5,2.1,87.0
2024-09-17,R04,2,3,2,0,0,25.9,2.9,100.0
2024-09-18,R04,2,3,2,0,0,24.8,2.7,100.0
2024-09-19,R04,2,3,2,1,0,33.8,0.0,89.5
2024-09-20,R04,1,2,1,0,0,20.4,7.9,100.0
2024-09-23,R04,4,3,4,0,1,19.8,0.0,36.4
2024-09-24,R04,3,3,3,0,0,36.3,0.0,89.0
2024-09-25,R04,3,2,3,0,1,17.8,0.0,43.6
2024-09-26,R04,3,4,3,1,0,42.9,0.0,78.9
2024-09-27,R04,2,2,2,0,0,19.4,0.0,71.3
2024-09-30,R04,4,3,4,0,1,27.8,0.0,51.1
2024-10-01,R04,3,3,3,0,0,29.2,0.0,71.6
2024-10-02,R04,2,3,2,1,0,30.6,0.0,75.0
2024-10-04,R04,2,2,2,0,0,14.8,0.0,54.4
2024-10-07,R04,4,3,4,0,1,29.0,0.0,53.3
2024-10-08,R04,3,3,3,0,0,32.9,0.0,80.6
2024-10-09,R04,3,2,3,0,1,21.4,0.0,52.5
2024-10-10,R04,4,3,4,0,1,26.0,0.0,47.8
2024-10-11,R04,2,2,2,0,0,15.2,0.0,55.9
2024-10-14,R04,3,2,3,0,1,23.0,0.0,56.4
2024-10-15,R04,3,4,3,0,0,39.2,1.7,96.1
2024-10-16,R04,2,3,2,0,0,27.8,4.4,100.0
2024-10-17,R04,3,3,3,0,0,29.3,0.0,82.7
2024-10-18,R04,2,2,2,0,0,21.0,0.0,77.2
2024-10-21,R04,3,2,3,0,1,23.0,0.0,56.4
2024-10-22,R04,4,3,4,0,1,31.8,0.0,58.5
2024-10-23,R04,3,2,3,0,1,23.5,0.0,57.6
2024-10-24,R04,3,3,3,0,0,26.2,0.0,64.2
2024-10-25,R04,2,1,2,0,1,10.5,0.0,38.6
2024-10-28,R04,2,3,2,0,0,29.9,4.9,100.0
2024-10-29,R04,3,3,3,0,0,30.8,0.0,87.4
2024-10-30,R04,2,2,2,0,0,18.1,0.0,66.5
2024-10-31,R04,3,3,3,0,0,26.4,0.0,64.7
2024-11-04,R04,3,3,3,0,0,32.7,0.0,80.1
2024-11-05,R04,3,3,3,0,0,32.3,0.0,79.2
2024-11-06,R04,2,2,2,0,0,21.0,0.0,77.2
2024-11-07,R04,4,2,4,0,2,16.5,0.0,30.3
2024-11-08,R04,1,1,1,0,0,11.4,0.0,83.8
2024-11-11,R04,3,2,3,0,1,22.4,0.0,54.9
2024-11-12,R04,3,3,3,0,0,29.8,0.0,73.0
2024-11-13,R04,2,2,2,0,0,23.8,0.0,87.5
2024-11-14,R04,3,2,3,0,1,14.8,0.0,36.3
2024-11-15,R04,1,3,1,1,0,29.0,4.0,100.0
2024-11-18,R04,3,4,3,0,0,38.5,4.9,94.4
2024-11-19,R04,3,3,3,0,0,24.9,0.0,73.1
2024-11-20,R04,2,2,2,0,0,23.0,0.0,84.6
2024-11-21,R04,2,3,2,0,0,26.6,1.6,97.8
2024-11-22,R04,2,3,2,0,0,24.5,1.1,95.9
2024-11-25,R04,3,3,3,0,0,25.2,0.0,61.8
2024-11-26,R04,3,2,3,0,1,25.0,0.0,61.3
2024-11-27,R04,1,2,1,1,0,22.5,0.0,82.7
2024-11-28,R04,3,4,3,0,0,40.5,3.0,99.3
2024-11-29,R04,3,2,3,0,1,19.6,0.0,55.3
2024-12-02,R04,4,2,4,0,2,22.3,0.0,41.0
2024-12-03,R04,2,3,2,0,0,27.1,2.1,99.6
2024-12-04,R04,2,2,2,0,0,16.8,0.0,69.4
2024-12-05,R04,3,3,3,0,0,33.4,0.0,81.9
2024-12-06,R04,2,2,2,0,0,23.6,0.0,86.8
2024-12-09,R04,2,2,2,0,0,24.2,0.0,89.0
2024-12-10,R04,3,3,3,0,0,34.4,0.0,84.3
2024-12-11,R04,2,2,2,0,0,18.3,0.0,67.3
2024-12-12,R04,4,3,4,0,1,34.1,0.0,62.7
2024-12-13,R04,2,2,2,0,0,19.5,0.0,71.7
2024-12-16,R04,2,3,2,0,0,27.4,2.4,100.0
2024-12-17,R04,3,2,3,0,1,19.3,0.0,53.1
2024-12-18,R04,2,2,2,0,0,20.3,0.0,74.6
2024-12-19,R04,3,3,3,0,0,28.3,0.0,69.4
2024-12-20,R04,1,2,1,0,0,18.9,6.4,100.0
2024-12-23,R04,3,2,3,0,1,10.6,0.0,26.0
2024-12-24,R04,2,2,2,0,0,19.9,0.0,73.2
2024-12-27,R04,2,1,2,0,1,7.6,0.0,27.9
2024-12-30,R04,3,1,3,0,2,11.6,0.0,28.4
2024-12-31,R04,1,2,1,0,0,16.6,4.1,100.0
2025-01-02,R04,3,2,3,0,1,13.0,0.0,31.9
2025-01-03,R04,1,2,1,1,0,18.4,0.0,67.6
2025-01-07,R04,2,3,2,0,0,28.3,3.3,100.0
2025-01-08,R04,2,3,2,1,0,29.1,0.0,79.4
2025-01-09,R04,2,3,2,1,0,33.8,0.0,82.8
2025-01-10,R04,2,3,2,1,0,30.7,0.0,75.2
2025-01-13,R04,2,4,2,1,0,39.6,2.1,97.1
2025-01-14,R04,3,3,3,0,0,25.1,0.0,66.6
2025-01-15,R04,2,2,2,0,0,24.9,0.0,91.5
2025-01-16,R04,2,3,2,1,0,37.4,0.0,91.7
2025-01-17,R04,3,2,3,0,1,15.9,0.0,39.0
2025-01-20,R04,4,2,4,0,2,18.9,0.0,34.7
2025-01-21,R04,3,3,3,0,0,27.0,0.0,66.2
2025-01-22,R04,2,3,2,0,0,26.8,1.8,98.5
2025-01-23,R04,3,2,3,0,1,20.2,0.0,53.9
2025-01-24,R04,3,2,3,0,1,21.9,0.0,53.7
2025-01-27,R04,3,3,3,0,0,25.7,0.0,63.0
2025-01-28,R04,2,3,2,0,0,27.7,2.7,100.0
2025-01-29,R04,3,3,3,0,0,25.3,0.0,68.6
2025-01-30,R04,2,4,2,1,0,38.3,0.8,93.9
2025-01-31,R04,2,2,2,0,0,16.5,0.0,63.5
2025-02-03,R04,4,3,4,0,1,33.0,0.0,60.7
2025-02-04,R04,3,3,3,0,0,29.2,0.0,71.6
2025-02-05,R04,3,2,3,0,1,21.6,0.0,52.9
2025-02-06,R04,4,3,4,0,1,31.5,0.0,57.9
2025-02-07,R04,2,2,2,0,0,21.0,0.0,77.2
2025-02-10,R04,4,3,4,0,1,34.6,0.0,63.6
2025-02-11,R04,3,3,3,0,0,36.5,0.0,89.5
2025-02-12,R04,3,2,3,0,1,15.0,0.0,36.8
2025-02-13,R04,4,3,4,0,1,37.1,0.0,68.2
2025-02-14,R04,2,2,2,0,0,16.6,0.0,61.0
2025-02-17,R04,3,3,3,0,0,30.3,0.0,74.3
2025-02-18,R04,3,3,3,0,0,25.5,0.0,62.5
2025-02-19,R04,2,2,2,0,0,21.8,0.0,80.1
2025-02-20,R04,3,4,3,0,0,43.3,5.8,100.0
2025-02-21,R04,2,3,2,1,0,24.3,0.0,73.7
2025-02-24,R04,3,2,3,0,1,22.8,0.0,55.9
2025-02-25,R04,3,3,3,0,0,28.3,0.0,69.4
2025-02-26,R04,2,3,2,1,0,30.2,0.0,74.0
2025-02-27,R04,4,3,4,0,1,30.8,0.0,56.6
2025-02-28,R04,2,3,2,0,0,25.7,0.7,94.5
2025-03-03,R04,2,3,2,0,0,27.4,3.1,100.0
2025-03-04,R04,3,4,3,0,0,38.2,3.7,100.0
2025-03-05,R04,2,3,2,0,0,24.0,2.7,100.0
2025-03-06,R04,4,3,4,0,1,24.1,0.0,49.3
2025-03-07,R04,2,3,2,0,0,29.3,4.3,100.0
2025-03-10,R04,3,4,3,0,0,34.1,0.8,83.6
2025-03-11,R04,3,2,3,0,1,24.0,0.0,60.9
2025-03-12,R04,2,3,2,0,0,26.7,1.7,98.2
2025-03-13,R04,3,3,3,0,0,29.2,0.0,75.7
2025-03-14,R04,3,3,3,0,0,26.1,0.0,64.0
2025-03-17,R04,4,3,4,0,1,25.2,0.0,46.3
2025-03-18,R04,3,3,3,0,0,29.6,0.0,72.5
2025-03-19,R04,3,2,3,0,1,22.8,0.0,55.9
2025-03-20,R04,4,3,4,0,1,32.9,0.0,60.5
2025-03-21,R04,3,2,3,0,1,22.4,0.0,54.9
2025-03-24,R04,4,3,4,0,1,27.8,0.0,51.1
2025-03-25,R04,3,3,3,0,0,35.1,0.0,86.0
2025-03-26,R04,3,3,3,0,0,25.5,0.0,62.5
2025-03-27,R04,3,3,3,0,0,36.8,0.0,90.2
2025-03-28,R04,2,2,2,0,0,13.3,0.0,48.9
2025-03-31,R04,3,3,3,0,0,30.6,0.0,75.0
2025-04-01,R04,3,4,3,0,0,41.1,3.6,100.0
2025-04-02,R04,2,3,2,1,0,27.3,0.0,75.6
2025-04-03,R04,2,2,2,0,0,23.1,0.0,84.9
2025-04-04,R04,2,2,2,0,0,16.0,0.0,58.8
2025-04-07,R04,3,2,3,0,1,21.7,0.0,53.2
2025-04-08,R04,4,4,4,0,0,45.0,0.0,82.7
2025-04-09,R04,3,3,3,0,0,25.3,0.0,62.0
2025-04-10,R04,2,3,2,0,0,29.2,4.2,100.0
2025-04-11,R04,2,2,2,0,0,17.9,0.0,81.2
2025-04-14,R04,3,2,3,0,1,23.7,0.0,58.1
2025-04-15,R04,3,3,3,0,0,37.0,0.0,90.7
2025-04-16,R04,3,2,3,0,1,21.2,0.0,52.0
2025-04-17,R04,3,4,3,0,0,39.7,2.2,97.3
2025-04-22,R04,3,3,3,0,0,31.9,0.0,78.2
2025-04-23,R04,3,4,3,0,0,39.0,1.5,95.6
2025-04-24,R04,4,3,4,0,1,30.8,0.0,59.3
2025-04-25,R04,2,2,2,0,0,18.3,0.0,67.3
2025-04-28,R04,2,3,2,0,0,27.1,2.1,99.6
2025-04-29,R04,3,3,3,0,0,29.5,0.0,77.4
2025-04-30,R04,3,2,3,0,1,20.5,0.0,50.2
2025-05-02,R04,2,2,2,0,0,16.2,0.0,59.6
2025-05-05,R04,4,3,4,0,1,30.4,0.0,55.9
2025-05-06,R04,3,3,3,0,0,34.6,0.0,84.8
2025-05-07,R04,2,3,2,1,0,34.1,0.0,83.6
2025-05-08,R04,3,3,3,0,0,34.0,0.0,83.3
2025-05-09,R04,2,2,2,0,0,17.6,0.0,64.7
2025-05-12,R04,4,4,4,0,0,37.8,0.0,69.5
2025-05-13,R04,2,2,2,0,0,24.8,0.0,91.2
2025-05-14,R04,2,3,2,0,0,28.6,3.6,100.0
2025-05-15,R04,3,3,3,0,0,22.6,0.0,64.2
2025-05-16,R04,1,2,1,0,0,15.1,2.6,100.0
2025-05-19,R04,4,2,4,0,2,18.4,0.0,33.8
2025-05-20,R04,3,3,3,0,0,35.8,0.0,87.7
2025-05-21,R04,3,2,3,0,1,24.7,0.0,60.5
2025-05-22,R04,3,4,3,0,0,38.3,0.8,93.9
2025-05-23,R04,1,3,1,1,0,25.4,1.1,96.2
2025-05-26,R04,4,4,4,0,0,37.2,0.0,68.4
2025-05-27,R04,2,3,2,1,0,33.6,0.0,82.4
2025-05-28,R04,2,3,2,1,0,34.3,0.0,84.1
2025-05-30,R04,3,1,3,0,2,8.1,0.0,19.9
2025-06-02,R04,4,2,4,0,2,24.3,0.0,44.7
2025-06-03,R04,3,3,3,0,0,32.1,0.0,78.7
2025-06-04,R04,2,3,2,1,0,30.6,0.0,75.0
2025-06-05,R04,3,3,3,0,0,27.6,0.0,67.6
2025-06-06,R04,1,3,1,1,0,30.5,5.5,100.0
2025-06-10,R04,3,4,3,1,0,39.5,0.0,72.6
2025-06-11,R04,3,3,3,0,0,32.9,0.0,80.6
2025-06-12,R04,3,3,3,0,0,31.6,0.0,77.5
2025-06-13,R04,2,3,2,0,0,26.5,1.5,97.4
2025-06-16,R04,3,4,3,0,0,39.7,3.6,97.3
2025-06-17,R04,4,4,4,0,0,40.5,0.0,81.1
2025-06-18,R04,2,3,2,1,0,31.9,0.0,78.2
2025-06-20,R04,2,1,2,0,1,12.3,0.0,45.2
2025-06-23,R04,4,3,4,0,1,28.0,0.0,51.5
2025-06-24,R04,4,4,4,0,0,42.3,0.0,77.8
2025-06-25,R04,4,2,4,0,2,16.7,0.0,30.7
2025-06-26,R04,3,3,3,0,0,37.1,0.0,90.9
2025-06-27,R04,2,2,2,0,0,21.6,0.0,79.4
2025-06-30,R04,3,3,3,0,0,26.8,0.0,65.7
2025-07-01,R04,4,3,4,0,1,34.9,0.0,64.2
2025-07-02,R04,2,2,2,0,0,15.0,0.0,55.1
2025-07-03,R04,3,4,3,1,0,48.5,0.0,89.2
2025-07-04,R04,2,2,2,0,0,20.4,0.0,75.0
2025-07-07,R04,3,3,3,0,0,29.7,0.0,72.8
2025-07-08,R04,4,2,4,0,2,23.2,0.0,42.6
2025-07-09,R04,2,3,2,1,0,32.3,0.0,79.2
2025-07-10,R04,4,4,4,0,0,46.3,0.0,85.1
2025-07-11,R04,2,2,2,0,0,25.0,0.0,91.9
2025-07-14,R04,4,3,4,0,1,25.2,0.0,46.3
2025-07-15,R04,2,3,2,0,0,34.5,9.5,100.0
2025-07-16,R04,3,3,3,0,0,23.5,0.0,80.8
2025-07-17,R04,4,4,4,0,0,42.3,0.0,77.8
2025-07-18,R04,2,2,2,0,0,21.4,0.0,78.7
2025-07-21,R04,3,3,3,0,0,30.3,0.0,74.3
2025-07-22,R04,3,4,3,1,0,47.6,0.0,87.5
2025-07-23,R04,3,3,3,0,0,32.9,0.0,80.6
2025-07-24,R04,3,3,3,0,0,35.1,0.0,86.0
2025-07-25,R04,2,1,2,0,1,12.3,0.0,45.2
2025-07-28,R04,4,3,4,0,1,36.6,0.0,67.3
2025-07-29,R04,3,4,3,0,0,41.1,3.6,100.0
2025-07-30,R04,3,2,3,0,1,19.2,0.0,55.8
2025-07-31,R04,3,2,3,0,1,23.6,0.0,57.8
2025-08-01,R04,1,1,1,0,0,11.7,0.0,86.0
2025-08-04,R04,3,3,3,0,0,31.7,0.0,77.7
2025-08-05,R04,3,3,3,0,0,34.2,0.0,83.8
2025-08-06,R04,2,2,2,0,0,20.9,0.0,76.8
2025-08-07,R04,3,2,3,0,1,19.1,0.0,46.8
2025-08-08,R04,1,2,1,0,0,17.3,4.8,100.0
2025-08-11,R04,3,2,3,0,1,17.7,0.0,43.4
2025-08-12,R04,3,2,3,0,1,16.0,0.0,39.2
2025-08-13,R04,2,2,2,0,0,23.7,0.0,87.1
2025-08-14,R04,2,2,2,0,0,23.4,0.0,86.0
2025-08-15,R04,2,1,2,0,1,8.9,0.0,32.7
2025-08-18,R04,3,3,3,0,0,28.5,0.0,69.9
2025-08-19,R04,2,2,2,0,0,19.9,0.0,73.2
2025-08-20,R04,3,2,3,0,1,15.0,0.0,36.8
2025-08-21,R04,3,2,3,0,1,19.4,0.0,47.5
2025-08-22,R04,2,2,2,0,0,14.1,0.0,51.8
2025-08-25,R04,3,2,3,0,1,24.8,0.0,60.8
2025-08-26,R04,2,3,2,1,0,36.2,0.0,88.7
2025-08-27,R04,2,2,2,0,0,17.8,0.0,65.4
2025-08-28,R04,2,2,2,0,0,20.4,0.0,75.0
2025-08-29,R04,1,2,1,0,0,13.4,0.9,98.5
2025-09-01,R04,2,2,2,0,0,17.2,0.0,63.2
2025-09-02,R04,2,2,2,0,0,21.7,0.0,79.8
2025-09-03,R04,1,2,1,1,0,18.7,0.0,68.8
2025-09-04,R04,1,2,1,1,0,21.8,0.0,80.1
2025-09-05,R04,2,3,2,0,0,26.3,1.3,96.7
2025-09-08,R04,2,2,2,0,0,21.3,0.0,78.3
2025-09-09,R04,1,2,1,1,0,23.7,0.0,87.1
2025-09-10,R04,2,2,2,0,0,25.0,0.0,91.9
2025-09-11,R04,2,3,2,1,0,32.3,0.0,79.2
2025-09-12,R04,2,2,2,0,0,12.8,0.0,47.1
2025-09-15,R04,3,2,3,0,1,21.7,0.0,53.2
2025-09-16,R04,2,4,2,1,0,39.6,2.1,97.1
2025-09-17,R04,3,2,3,0,1,18.5,0.0,50.4
2025-09-18,R04,2,3,2,1,0,30.4,0.0,74.5
2025-09-19,R04,2,2,2,0,0,14.1,0.0,51.8
2025-09-22,R04,3,2,3,0,1,14.5,0.0,35.5
2025-09-23,R04,4,3,4,0,1,35.2,0.0,64.7
2025-09-24,R04,2,2,2,0,0,16.8,0.0,61.8
2025-09-25,R04,3,4,3,0,0,37.7,0.2,92.4
2025-09-26,R04,1,2,1,0,0,15.2,2.9,100.0
2025-09-29,R04,3,3,3,0,0,26.3,0.0,64.5
2025-09-30,R04,3,3,3,0,0,33.5,0.0,82.1
2025-10-01,R04,2,3,2,0,0,29.5,4.5,100.0
2025-10-02,R04,4,5,4,0,0,45.6,0.0,92.1
2025-10-06,R04,3,3,3,0,0,30.9,0.0,75.7
2025-10-07,R04,2,3,2,1,0,34.4,0.0,84.3
2025-10-08,R04,3,2,3,0,1,16.8,0.0,41.2
2025-10-09,R04,4,4,4,0,0,41.2,0.0,75.7
2025-10-10,R04,2,2,2,0,0,17.5,0.0,64.3
2025-10-13,R04,3,3,3,0,0,27.4,0.0,67.2
2025-10-14,R04,3,3,3,0,0,33.9,0.0,83.1
2025-10-15,R04,3,3,3,0,0,27.2,0.0,66.7
2025-10-16,R04,4,2,4,0,2,22.5,0.0,41.4
2025-10-17,R04,2,2,2,0,0,20.5,0.0,75.4
2025-10-20,R04,3,2,3,0,1,24.1,0.0,59.1
2025-10-21,R04,3,2,3,0,1,20.9,0.0,51.2
2025-10-22,R04,2,2,2,0,0,24.0,0.0,88.2
2025-10-23,R04,3,3,3,0,0,32.9,0.0,80.6
2025-10-24,R04,1,2,1,0,0,16.1,3.6,100.0
2025-10-27,R04,3,3,3,0,0,24.0,0.0,58.8
2025-10-28,R04,3,3,3,0,0,30.2,0.0,74.0
2025-10-29,R04,2,3,2,0,0,29.2,4.2,100.0
2025-10-30,R04,2,3,2,1,0,32.2,0.0,89.2
2025-10-31,R04,1,2,1,1,0,21.0,0.0,77.2
2025-11-03,R04,3,2,3,0,1,19.9,0.0,48.8
2025-11-04,R04,3,3,3,0,0,26.9,0.0,65.9
2025-11-05,R04,3,3,3,0,0,29.0,0.0,71.1
2025-11-06,R04,3,3,3,0,0,29.4,0.0,72.1
2025-11-07,R04,1,2,1,0,0,20.7,8.2,100.0
2025-11-10,R04,3,3,3,0,0,22.0,0.0,53.9
2025-11-11,R04,3,3,3,0,0,30.5,0.0,74.8
2025-11-12,R04,3,3,3,0,0,29.5,0.0,72.3
2025-11-13,R04,2,3,2,0,0,26.7,1.7,98.2
2025-11-14,R04,2,2,2,0,0,17.2,0.0,69.4
2025-11-17,R04,4,3,4,0,1,32.8,0.0,60.3
2025-11-18,R04,3,3,3,0,0,31.3,0.0,76.7
2025-11-19,R04,3,2,3,0,1,23.1,0.0,56.6
2025-11-20,R04,3,4,3,0,0,42.4,4.9,100.0
2025-11-21,R04,2,2,2,0,0,19.5,0.0,89.6
2025-11-24,R04,4,2,4,0,2,20.6,0.0,37.9
2025-11-25,R04,3,2,3,0,1,21.6,0.0,52.9
2025-11-26,R04,2,3,2,1,0,37.5,0.0,91.9
2025-11-27,R04,4,3,4,0,1,29.5,0.0,54.2
2025-11-28,R04,2,2,2,0,0,21.7,0.0,79.8
2025-12-01,R04,3,3,3,0,0,28.0,0.0,68.6
2025-12-02,R04,2,3,2,1,0,30.2,0.0,74.0
2025-12-03,R04,3,3,3,0,0,32.2,0.0,78.9
2025-12-04,R04,3,5,3,1,0,50.5,0.5,92.8
2025-12-05,R04,2,2,2,0,0,24.1,0.0,90.3
2025-12-08,R04,3,2,3,0,1,23.6,0.0,57.8
2025-12-09,R04,3,3,3,0,0,28.2,0.0,69.1
2025-12-10,R04,3,3,3,0,0,27.1,0.0,66.4
2025-12-11,R04,3,3,3,0,0,30.4,0.0,74.5
2025-12-12,R04,2,2,2,0,0,12.7,0.0,46.7
2025-12-15,R04,2,2,2,0,0,21.3,0.0,78.3
2025-12-16,R04,3,3,3,0,0,32.7,0.0,80.1
2025-12-17,R04,3,3,3,0,0,27.5,0.0,67.4
2025-12-18,R04,3,4,3,0,0,38.6,1.1,94.6
2025-12-19,R04,1,2,1,0,0,16.4,5.0,100.0
2025-12-22,R04,2,2,2,0,0,15.9,0.0,58.5
2025-12-23,R04,3,2,3,0,1,14.0,0.0,34.3
2025-12-24,R04,2,2,2,0,0,14.6,0.0,53.7
2025-12-29,R04,2,2,2,0,0,21.6,0.0,79.4
2025-12-30,R04,2,2,2,0,0,18.2,0.0,66.9
2025-12-31,R04,2,2,2,0,0,18.4,0.0,67.6
2026-01-02,R04,2,1,2,0,1,2.7,0.0,9.9
2026-01-05,R04,2,2,2,0,0,20.3,0.0,74.6
2026-01-07,R04,2,2,2,0,0,19.4,0.0,71.3
2026-01-08,R04,3,2,3,0,1,22.8,0.0,55.9
2026-01-09,R04,1,3,1,0,0,25.1,12.6,100.0
2026-01-12,R04,3,3,3,0,0,19.7,0.0,48.3
2026-01-13,R04,3,2,3,0,1,24.1,0.0,59.1
2026-01-14,R04,2,2,2,0,0,24.2,0.0,89.0
2026-01-15,R04,2,3,2,1,0,30.6,0.0,75.0
2026-01-16,R04,2,1,2,0,1,10.0,0.0,36.8
2026-01-19,R04,3,3,3,0,0,33.7,0.0,82.6
2026-01-20,R04,2,3,2,1,0,34.3,0.0,84.1
2026-01-21,R04,2,2,2,0,0,20.8,0.0,76.5
2026-01-22,R04,2,2,2,0,0,20.6,0.0,75.7
2026-01-23,R04,1,2,1,0,0,14.1,1.6,100.0
2026-01-26,R04,3,2,3,0,1,23.2,0.0,56.9
2026-01-27,R04,2,2,2,0,0,22.4,0.0,82.4
2026-01-28,R04,2,3,2,1,0,37.4,0.0,91.7
2026-01-29,R04,3,3,3,0,0,27.4,0.0,67.2
2026-01-30,R04,1,2,1,0,0,14.2,1.7,100.0
2026-02-02,R04,3,3,3,0,0,24.5,0.0,60.0
2026-02-03,R04,3,3,3,0,0,29.6,0.0,72.5
2026-02-04,R04,2,3,2,1,0,30.3,0.0,74.3
2026-02-05,R04,3,3,3,0,0,27.0,0.0,66.2
2026-02-06,R04,2,2,2,0,0,22.1,0.0,81.3
2026-02-09,R04,3,3,3,0,0,33.0,0.0,80.9
2026-02-10,R04,2,3,2,0,0,25.1,0.1,92.3
2026-02-11,R04,3,3,3,0,0,25.9,0.0,63.7
2026-02-12,R04,4,2,4,0,2,23.0,0.0,42.3
2026-02-13,R04,3,3,3,0,0,33.2,0.0,81.4
2026-02-16,R04,4,2,4,0,2,23.2,0.0,42.6
2026-02-17,R04,3,4,3,0,0,37.9,0.4,92.9
2026-02-18,R04,3,2,3,0,1,17.5,0.0,43.8
2026-02-19,R04,3,3,3,0,0,34.5,0.0,84.6
2026-02-20,R04,2,2,2,0,0,13.0,0.0,47.8
2026-02-23,R04,3,3,3,0,0,28.1,0.0,68.9
2026-02-24,R04,4,3,4,0,1,29.3,0.0,53.9
2026-02-25,R04,3,2,3,0,1,19.4,0.0,47.5
2026-02-26,R04,3,3,3,0,0,29.9,0.0,73.3
2026-02-27,R04,2,1,2,0,1,11.9,0.0,43.7
2026-03-02,R04,3,3,3,0,0,30.3,0.0,74.3
2026-03-03,R04,3,3,3,0,0,36.1,0.0,88.5
2026-03-04,R04,2,2,2,0,0,21.6,0.0,79.4
2026-03-05,R04,3,3,3,0,0,26.4,0.0,64.7
2026-03-06,R04,1,2,1,1,0,20.0,0.0,73.5
2026-03-09,R04,4,2,4,0,2,19.1,0.0,35.1
2026-03-10,R04,3,2,3,0,1,23.0,0.0,56.4
2026-03-11,R04,2,2,2,0,0,16.2,0.0,59.6
2026-03-12,R04,3,3,3,0,0,32.7,0.0,80.1
2026-03-13,R04,2,2,2,0,0,17.6,0.0,64.7
2026-03-16,R04,3,3,3,0,0,27.0,0.0,66.2
2026-03-17,R04,3,3,3,0,0,32.1,0.0,78.7
2026-03-18,R04,2,3,2,0,0,25.2,0.2,92.6
2026-03-19,R04,3,3,3,0,0,31.5,0.0,77.6
2026-03-20,R04,2,2,2,0,0,14.9,0.0,54.8
2026-03-23,R04,3,3,3,0,0,32.9,0.0,80.6
2026-03-24,R04,3,3,3,0,0,29.3,0.0,71.8
2026-03-25,R04,3,2,3,0,1,23.3,0.0,57.1
2026-03-26,R04,3,2,3,0,1,23.5,0.0,57.6
2026-03-27,R04,2,2,2,0,0,23.3,0.0,85.7
2026-03-30,R04,3,3,3,0,0,33.0,0.0,80.9
2026-03-31,R04,4,3,4,0,1,34.1,0.0,62.7
2026-04-01,R04,2,3,2,0,0,27.4,2.4,100.0
2026-04-02,R04,2,4,2,2,0,45.2,0.0,87.5
2026-04-07,R04,4,3,4,0,1,25.8,0.0,47.4
2026-04-08,R04,3,2,3,0,1,23.1,0.0,56.6
2026-04-09,R04,3,3,3,0,0,34.8,0.0,85.3
2026-04-10,R04,2,2,2,0,0,21.5,0.0,79.0
2026-04-13,R04,3,2,3,0,1,22.2,0.0,54.4
2026-04-14,R04,3,4,3,0,0,38.2,0.7,93.6
2026-04-15,R04,2,3,2,1,0,30.1,0.0,75.4
2026-04-16,R04,3,3,3,0,0,25.3,0.0,62.0
2026-04-17,R04,3,2,3,0,1,14.9,0.0,36.5
2026-04-20,R04,3,3,3,0,0,32.0,0.0,78.4
2026-04-21,R04,4,3,4,0,1,29.2,0.0,53.7
2026-04-22,R04,4,2,4,0,2,16.8,0.0,30.9
2026-04-23,R04,3,2,3,0,1,18.2,0.0,44.6
2026-04-24,R04,2,2,2,0,0,22.6,0.0,83.1
2026-04-27,R04,3,3,3,0,0,33.6,0.0,82.4
2026-04-28,R04,3,2,3,0,1,23.5,0.0,57.6
2026-04-29,R04,3,2,3,0,1,22.1,0.0,54.2
2026-04-30,R04,2,3,2,0,0,36.2,11.2,100.0
2026-05-04,R04,3,4,3,0,0,34.7,8.3,85.0
2026-05-05,R04,3,3,3,0,0,25.7,0.0,83.4
2026-05-06,R04,2,2,2,0,0,20.4,0.0,75.0
2026-05-07,R04,2,4,2,2,0,45.4,0.0,83.5
2026-05-08,R04,2,2,2,0,0,16.8,0.0,61.8
2026-05-11,R04,4,3,4,0,1,28.6,0.0,52.6
2026-05-12,R04,3,3,3,0,0,32.5,0.0,79.7
2026-05-13,R04,2,3,2,1,0,36.2,0.0,88.7
2026-05-15,R04,2,2,2,0,0,14.8,0.0,54.4
2026-05-18,R04,3,3,3,0,0,28.2,0.0,69.1
2026-05-19,R04,4,4,4,0,0,44.0,0.0,80.9
2026-05-20,R04,2,3,2,1,0,32.0,0.0,78.4
2026-05-21,R04,4,3,4,0,1,32.5,0.0,59.7
2026-05-22,R04,1,2,1,1,0,22.4,0.0,82.4
2026-05-26,R04,4,3,4,0,1,29.2,0.0,53.7
2026-05-27,R04,3,3,3,0,0,36.5,0.0,89.5
2026-05-28,R04,4,3,4,0,1,28.2,0.0,51.8
2026-05-29,R04,1,2,1,1,0,20.8,0.0,76.5
2026-06-01,R04,3,3,3,0,0,34.3,0.0,84.1
2026-06-02,R04,3,4,3,0,0,40.0,2.5,98.0
2026-06-03,R04,3,4,3,1,0,41.5,0.0,80.8
2026-06-05,R04,3,3,3,0,0,30.7,0.0,75.2
2026-06-08,R04,3,5,3,2,0,58.4,0.0,85.9
2026-06-09,R04,4,5,4,0,0,52.7,2.7,96.9
2026-06-10,R04,4,4,4,0,0,34.9,0.0,69.0
2026-06-11,R04,3,3,3,0,0,31.0,0.0,76.0
2026-06-12,R04,3,3,3,0,0,28.1,0.0,68.9
2026-06-15,R04,5,5,5,0,0,53.7,0.0,79.0
2026-06-16,R04,4,5,4,0,0,51.6,1.6,94.9
2026-06-17,R04,4,2,4,0,2,22.2,0.0,43.7
2026-06-18,R04,3,4,3,0,0,39.6,2.1,97.1
2026-06-19,R04,2,3,2,1,0,31.1,0.0,81.3
2026-06-22,R04,5,4,5,0,1,43.1,0.0,63.4
2026-06-23,R04,5,4,5,0,1,48.9,0.0,71.9
2026-06-24,R04,2,3,2,0,0,28.0,3.0,100.0
2026-06-25,R04,4,4,4,0,0,43.2,0.0,84.9
2026-06-26,R04,3,3,3,0,0,30.6,0.0,75.0
2026-06-29,R04,4,4,4,0,0,44.2,0.0,81.3
2026-06-30,R04,5,4,5,0,1,42.1,0.0,61.9
2026-07-01,R04,2,4,2,1,0,38.0,0.5,93.1
2026-07-02,R04,4,3,4,0,1,35.3,0.0,65.7
2026-07-03,R04,2,2,2,0,0,22.7,0.0,83.5
2026-07-06,R04,3,3,3,0,0,34.2,0.0,83.8
2026-07-07,R04,3,3,3,0,0,31.9,0.0,78.2
2026-07-08,R04,3,3,3,0,0,29.2,0.0,71.6
2026-07-09,R04,3,4,3,0,0,45.6,8.1,100.0
2026-07-10,R04,2,3,2,0,0,21.2,4.2,100.0
2026-07-13,R04,4,4,4,0,0,36.0,0.0,66.2
2026-07-14,R04,4,3,4,0,1,29.0,0.0,53.3
2026-07-15,R04,3,3,3,0,0,36.9,0.0,90.4
2026-07-16,R04,4,4,4,0,0,38.6,0.0,71.0
2026-07-17,R04,2,3,2,0,0,29.4,4.4,100.0
2026-07-20,R04,4,4,4,0,0,42.2,0.0,77.6
2026-07-21,R04,4,4,4,0,0,43.9,0.0,80.7
2026-07-22,R04,3,3,3,0,0,27.5,0.0,67.4
2026-07-23,R04,5,4,5,0,1,40.7,0.0,59.9
2026-07-24,R04,2,3,2,1,0,33.0,0.0,80.9
2026-07-27,R04,4,3,4,0,1,36.5,0.0,67.1
2026-07-28,R04,4,4,4,0,0,42.5,0.0,78.1
2026-07-29,R04,2,4,2,1,0,40.3,2.8,98.8
2026-07-30,R04,3,2,3,0,1,19.7,0.0,55.1
2026-07-31,R04,3,2,3,0,1,21.2,0.0,52.0
2026-08-03,R04,4,3,4,0,1,32.7,0.0,60.1
2026-08-04,R04,3,4,3,1,0,44.3,0.0,81.4
2026-08-05,R04,3,3,3,0,0,25.5,0.0,62.5
2026-08-06,R04,3,4,3,0,0,39.5,2.0,96.8
2026-08-07,R04,3,2,3,0,1,22.7,0.0,60.5
2026-08-10,R04,3,4,3,0,0,39.0,1.5,95.6
2026-08-11,R04,3,3,3,0,0,35.1,0.0,89.6
2026-08-12,R04,2,2,2,0,0,24.1,0.0,88.6
2026-08-13,R04,3,3,3,0,0,31.0,0.0,76.0
2026-08-14,R04,2,2,2,0,0,18.9,0.0,69.5
2026-08-17,R04,4,3,4,0,1,26.3,0.0,48.3
2026-08-18,R04,2,2,2,0,0,24.9,0.0,91.5
2026-08-19,R04,2,3,2,1,0,30.9,0.0,75.7
2026-08-20,R04,3,3,3,0,0,25.3,0.0,62.0
2026-08-21,R04,1,2,1,0,0,14.7,2.2,100.0
2026-08-24,R04,3,2,3,0,1,22.8,0.0,55.9
2026-08-25,R04,3,3,3,0,0,31.2,0.0,76.5
2026-08-26,R04,3,2,3,0,1,24.6,0.0,60.3
2026-08-27,R04,3,4,3,0,0,48.6,11.1,100.0
2026-08-28,R04,1,3,1,2,0,23.5,0.0,84.7
2026-08-31,R04,2,3,2,0,0,30.3,5.3,100.0
2024-01-02,R05,4,4,4,0,0,40.5,0.0,74.4
2024-01-03,R05,3,2,3,0,1,24.2,0.0,59.3
2024-01-04,R05,4,4,4,0,0,41.2,0.0,75.7
2024-01-05,R05,1,2,1,0,0,18.4,5.9,100.0
2024-01-08,R05,2,3,2,1,0,24.8,0.0,60.8
2024-01-09,R05,4,5,4,0,0,54.4,4.4,100.0
2024-01-10,R05,3,3,3,0,0,22.9,0.0,66.8
2024-01-11,R05,4,4,4,0,0,45.8,0.0,84.2
2024-01-12,R05,1,3,1,1,0,25.8,0.8,94.9
2024-01-15,R05,3,4,3,0,0,38.8,2.0,95.1
2024-01-16,R05,4,4,4,0,0,47.6,0.0,91.3
2024-01-17,R05,3,2,3,0,1,16.8,0.0,41.2
2024-01-18,R05,4,3,4,0,1,28.9,0.0,53.1
2024-01-19,R05,3,3,3,0,0,28.2,0.0,69.1
2024-01-22,R05,5,3,5,0,2,29.2,0.0,42.9
2024-01-23,R05,5,4,5,0,1,38.6,0.0,56.8
2024-01-24,R05,2,2,2,0,0,19.9,0.0,73.2
2024-01-25,R05,3,4,3,1,0,42.9,0.0,78.9
2024-01-26,R05,2,2,2,0,0,20.8,0.0,76.5
2024-01-29,R05,3,3,3,0,0,37.0,0.0,90.7
2024-01-30,R05,4,5,4,0,0,54.2,4.2,99.6
2024-01-31,R05,2,3,2,1,0,30.6,0.0,85.2
2024-02-01,R05,4,4,4,0,0,49.4,0.0,90.8
2024-02-02,R05,3,2,3,0,1,19.4,0.0,47.5
2024-02-05,R05,3,2,3,0,1,23.5,0.0,57.6
2024-02-06,R05,4,5,4,0,0,57.9,7.9,100.0
2024-02-07,R05,3,3,3,0,0,26.1,0.0,83.2
2024-02-08,R05,3,5,3,2,0,60.6,0.0,89.1
2024-02-09,R05,2,2,2,0,0,14.1,0.0,51.8
2024-02-12,R05,2,3,2,0,0,34.3,9.3,100.0
2024-02-13,R05,4,4,4,0,0,40.4,0.0,91.3
2024-02-14,R05,3,3,3,0,0,25.4,0.0,62.3
2024-02-15,R05,5,4,5,0,1,43.7,0.0,64.3
2024-02-16,R05,2,2,2,0,0,18.8,0.0,69.1
2024-02-19,R05,3,3,3,0,0,29.2,0.0,71.6
2024-02-20,R05,4,3,4,0,1,36.7,0.0,67.5
2024-02-21,R05,3,2,3,0,1,23.7,0.0,58.1
2024-02-22,R05,4,4,4,0,0,40.1,0.0,73.7
2024-02-23,R05,1,3,1,2,0,31.2,0.0,76.5
2024-02-26,R05,3,3,3,0,0,32.4,0.0,79.4
2024-02-27,R05,3,4,3,1,0,46.1,0.0,84.7
2024-02-28,R05,2,3,2,0,0,29.2,4.2,100.0
2024-02-29,R05,4,5,4,1,0,52.6,0.0,83.5
2024-03-01,R05,2,2,2,0,0,17.2,0.0,63.2
2024-03-04,R05,3,4,3,0,0,40.4,2.9,99.0
2024-03-05,R05,3,4,3,1,0,45.3,0.0,88.5
2024-03-06,R05,3,2,3,0,1,21.1,0.0,51.7
2024-03-07,R05,4,4,4,0,0,44.7,0.0,82.2
2024-03-08,R05,2,2,2,0,0,18.5,0.0,68.0
2024-03-11,R05,4,3,4,0,1,34.8,0.0,64.0
2024-03-12,R05,4,4,4,0,0,44.1,0.0,81.1
2024-03-13,R05,2,2,2,0,0,22.0,0.0,80.9
2024-03-14,R05,4,5,4,0,0,50.7,0.7,93.2
2024-03-15,R05,2,2,2,0,0,17.7,0.0,67.5
2024-03-18,R05,4,3,4,0,1,30.1,0.0,55.3
2024-03-19,R05,4,5,4,0,0,50.6,0.6,93.0
2024-03-20,R05,2,3,2,0,0,26.5,2.0,99.5
2024-03-21,R05,5,4,5,0,1,46.0,0.0,70.6
2024-03-22,R05,1,3,1,1,0,25.6,0.6,94.1
2024-03-25,R05,3,3,3,0,0,25.9,0.0,63.5
2024-03-26,R05,5,4,5,0,1,45.8,0.0,67.4
2024-03-27,R05,3,2,3,0,1,20.2,0.0,49.5
2024-03-28,R05,4,5,4,1,0,55.1,0.0,81.0
2024-04-02,R05,4,4,4,0,0,40.9,0.0,75.2
2024-04-03,R05,2,2,2,0,0,24.2,0.0,89.0
2024-04-04,R05,4,3,4,0,1,36.4,0.0,66.9
2024-04-05,R05,3,2,3,0,1,16.8,0.0,41.2
2024-04-08,R05,4,3,4,0,1,27.0,0.0,49.6
2024-04-09,R05,4,4,4,0,0,49.1,0.0,90.3
2024-04-10,R05,2,3,2,0,0,28.2,3.2,100.0
2024-04-11,R05,3,4,3,0,0,46.5,12.1,100.0
2024-04-12,R05,2,3,2,1,0,19.5,0.0,77.5
2024-04-15,R05,3,3,3,0,0,30.3,0.0,74.3
2024-04-16,R05,4,6,4,1,0,62.9,0.3,92.5
2024-04-17,R05,2,2,2,0,0,23.6,0.0,88.0
2024-04-18,R05,3,4,3,0,0,41.4,3.9,100.0
2024-04-19,R05,2,3,2,0,0,25.3,4.1,100.0
2024-04-22,R05,4,4,4,0,0,40.6,0.0,74.6
2024-04-23,R05,5,4,5,0,1,43.4,0.0,63.8
2024-04-24,R05,3,3,3,0,0,28.2,0.0,69.1
2024-04-25,R05,4,4,4,0,0,44.1,0.0,81.1
2024-04-26,R05,2,2,2,0,0,23.9,0.0,87.9
2024-04-29,R05,4,3,4,0,1,34.7,0.0,63.8
2024-04-30,R05,4,5,4,0,0,51.1,1.1,93.9
2024-05-02,R05,4,4,4,0,0,48.9,0.0,89.9
2024-05-03,R05,2,2,2,0,0,17.8,0.0,65.4
2024-05-06,R05,4,2,4,0,2,23.5,0.0,43.2
2024-05-07,R05,4,4,4,0,0,49.0,0.0,90.1
2024-05-08,R05,2,3,2,1,0,35.4,0.0,86.8
2024-05-10,R05,2,2,2,0,0,17.8,0.0,65.4
2024-05-13,R05,2,3,2,0,0,34.5,9.5,100.0
2024-05-14,R05,5,5,5,0,0,43.1,0.0,77.3
2024-05-15,R05,3,3,3,0,0,30.6,0.0,75.0
2024-05-16,R05,4,4,4,0,0,45.6,0.0,83.8
2024-05-17,R05,1,2,1,1,0,24.8,0.0,91.2
2024-05-21,R05,4,4,4,0,0,41.7,0.0,76.7
2024-05-22,R05,3,3,3,0,0,27.2,0.0,66.7
2024-05-23,R05,4,4,4,0,0,45.8,0.0,84.2
2024-05-24,R05,2,3,2,1,0,30.3,0.0,74.3
2024-05-27,R05,4,2,4,0,2,23.1,0.0,42.5
2024-05-28,R05,4,4,4,0,0,42.5,0.0,78.1
2024-05-29,R05,3,4,3,0,0,39.8,2.3,97.5
2024-05-31,R05,2,2,2,0,0,20.3,0.0,74.6
2024-06-03,R05,2,3,2,0,0,28.9,3.9,100.0
2024-06-04,R05,4,4,4,0,0,45.5,0.0,90.8
2024-06-05,R05,4,3,4,0,1,27.0,0.0,49.6
2024-06-06,R05,4,4,4,0,0,40.5,0.0,74.4
2024-06-07,R05,2,2,2,0,0,19.8,0.0,72.8
2024-06-10,R05,4,3,4,0,1,31.8,0.0,58.5
2024-06-11,R05,4,4,4,0,0,40.0,0.0,73.5
2024-06-12,R05,3,4,3,0,0,39.1,1.6,95.8
2024-06-13,R05,4,5,4,0,0,53.4,4.9,100.0
2024-06-14,R05,1,2,1,1,0,15.2,0.0,74.0
2024-06-17,R05,3,4,3,0,0,38.2,0.7,93.6
2024-06-18,R05,4,3,4,0,1,33.9,0.0,63.5
2024-06-19,R05,3,3,3,0,0,25.6,0.0,62.7
2024-06-20,R05,4,3,4,0,1,29.0,0.0,53.3
2024-06-21,R05,1,2,1,1,0,22.6,0.0,83.1
2024-06-24,R05,4,3,4,0,1,31.4,0.0,57.7
2024-06-25,R05,3,4,3,0,0,41.5,4.0,100.0
2024-06-26,R05,3,3,3,0,0,23.1,0.0,66.3
2024-06-27,R05,4,4,4,0,0,47.9,0.0,88.1
2024-06-28,R05,2,2,2,0,0,19.7,0.0,72.4
2024-07-01,R05,4,3,4,0,1,33.3,0.0,61.2
2024-07-02,R05,4,4,4,0,0,43.3,0.0,79.6
2024-07-03,R05,2,3,2,0,0,25.2,0.2,92.6
2024-07-04,R05,4,3,4,0,1,35.8,0.0,66.1
2024-07-05,R05,2,2,2,0,0,19.4,0.0,71.3
2024-07-08,R05,3,3,3,0,0,34.1,0.0,83.6
2024-07-09,R05,4,4,4,0,0,48.2,0.0,88.6
2024-07-10,R05,3,2,3,0,1,22.8,0.0,55.9
2024-07-11,R05,4,4,4,0,0,49.2,0.0,90.4
2024-07-12,R05,2,2,2,0,0,16.0,0.0,58.8
2024-07-15,R05,3,3,3,0,0,29.3,0.0,71.8
2024-07-16,R05,4,5,4,1,0,56.9,0.0,83.7
2024-07-17,R05,2,2,2,0,0,24.8,0.0,91.2
2024-07-18,R05,3,6,3,2,0,63.3,0.7,93.1
2024-07-19,R05,1,2,1,1,0,19.2,0.0,73.3
2024-07-22,R05,3,3,3,0,0,29.6,0.0,72.5
2024-07-23,R05,5,4,5,0,1,42.6,0.0,62.6
2024-07-24,R05,3,2,3,0,1,17.2,0.0,42.2
2024-07-25,R05,5,3,5,0,2,30.0,0.0,44.1
2024-07-26,R05,1,1,1,0,0,10.5,0.0,77.2
2024-07-29,R05,3,2,3,0,1,20.9,0.0,51.2
2024-07-30,R05,4,3,4,0,1,35.5,0.0,65.3
2024-07-31,R05,2,2,2,0,0,16.9,0.0,62.1
2024-08-01,R05,4,2,4,0,2,24.0,0.0,44.1
2024-08-02,R05,1,2,1,0,0,15.9,3.4,100.0
2024-08-05,R05,3,3,3,0,0,25.9,0.0,63.5
2024-08-06,R05,3,2,3,0,1,22.3,0.0,54.7
2024-08-07,R05,2,2,2,0,0,13.6,0.0,50.0
2024-08-08,R05,3,2,3,0,1,22.6,0.0,55.4
2024-08-09,R05,1,1,1,0,0,7.7,0.0,56.6
2024-08-12,R05,3,3,3,0,0,31.4,0.0,77.0
2024-08-13,R05,2,3,2,0,0,27.6,2.6,100.0
2024-08-14,R05,2,3,2,0,0,22.5,0.1,92.2
2024-08-15,R05,2,2,2,0,0,21.0,0.0,77.4
2024-08-16,R05,1,2,1,0,0,21.9,9.4,100.0
2024-08-19,R05,3,3,3,0,0,19.2,0.0,47.1
2024-08-20,R05,3,3,3,0,0,36.8,0.0,90.2
2024-08-21,R05,2,3,2,1,0,35.5,0.0,87.0
2024-08-22,R05,3,3,3,0,0,28.7,0.0,70.3
2024-08-23,R05,1,2,1,0,0,16.9,4.4,100.0
2024-08-26,R05,3,3,3,0,0,22.2,0.0,54.4
2024-08-27,R05,3,3,3,0,0,29.9,0.0,73.3
2024-08-28,R05,3,2,3,0,1,20.6,0.0,50.5
2024-08-29,R05,3,4,3,1,0,44.9,0.0,82.5
2024-08-30,R05,2,2,2,0,0,17.3,0.0,63.6
2024-09-02,R05,3,3,3,0,0,29.9,0.0,73.3
2024-09-03,R05,3,4,3,1,0,43.9,0.0,80.7
2024-09-04,R05,2,2,2,0,0,23.8,0.0,87.5
2024-09-05,R05,4,4,4,0,0,44.8,0.0,82.4
2024-09-06,R05,1,2,1,0,0,16.1,3.6,100.0
2024-09-09,R05,3,3,3,0,0,28.5,0.0,69.9
2024-09-10,R05,3,4,3,1,0,43.3,0.0,79.6
2024-09-11,R05,1,3,1,0,0,35.4,22.9,100.0
2024-09-12,R05,4,7,4,1,0,52.4,12.7,100.0
2024-09-13,R05,2,4,2,1,0,29.1,4.3,100.0
2024-09-16,R05,3,3,3,0,0,23.2,0.0,56.9
2024-09-17,R05,3,4,3,0,0,45.4,7.9,100.0
2024-09-18,R05,3,3,3,0,0,20.0,0.0,68.3
2024-09-19,R05,7,6,7,0,1,63.8,0.0,67.0
2024-09-20,R05,3,3,3,0,0,27.7,0.0,67.9
2024-09-23,R05,4,2,4,0,2,15.0,0.0,27.6
2024-09-24,R05,4,4,4,0,0,41.8,0.0,76.8
2024-09-25,R05,4,2,4,0,2,23.0,0.0,42.3
2024-09-26,R05,6,5,6,0,1,52.0,0.0,63.7
2024-09-27,R05,3,2,3,0,1,19.3,0.0,47.3
2024-09-30,R05,3,3,3,0,0,32.1,0.0,78.7
2024-10-01,R05,4,5,4,0,0,50.9,0.9,93.6
2024-10-02,R05,2,4,2,1,0,38.8,2.1,97.2
2024-10-04,R05,2,2,2,0,0,13.5,0.0,49.6
2024-10-07,R05,3,2,3,0,1,20.7,0.0,50.7
2024-10-08,R05,5,4,5,0,1,46.4,0.0,68.2
2024-10-09,R05,3,2,3,0,1,23.8,0.0,58.3
2024-10-10,R05,5,4,5,0,1,45.9,0.0,67.5
2024-10-11,R05,2,2,2,0,0,13.2,0.0,48.5
2024-10-14,R05,3,3,3,0,0,29.3,0.0,71.8
2024-10-15,R05,4,4,4,0,0,41.6,0.0,76.5
2024-10-16,R05,3,3,3,0,0,27.5,0.0,67.4
2024-10-17,R05,4,4,4,0,0,43.6,0.0,80.1
2024-10-18,R05,1,2,1,1,0,23.3,0.0,85.7
2024-10-21,R05,3,3,3,0,0,26.8,0.0,65.7
2024-10-22,R05,4,4,4,0,0,40.1,0.0,73.7
2024-10-23,R05,2,2,2,0,0,18.0,0.0,66.2
2024-10-24,R05,4,4,4,0,0,38.2,0.0,70.2
2024-10-25,R05,2,2,2,0,0,22.2,0.0,81.6
2024-10-28,R05,4,3,4,0,1,29.9,0.0,55.0
2024-10-29,R05,4,5,4,1,0,56.2,0.0,82.6
2024-10-30,R05,3,2,3,0,1,21.3,0.0,52.2
2024-10-31,R05,3,5,3,2,0,62.1,0.0,91.3
2024-11-04,R05,4,3,4,0,1,31.0,0.0,57.0
2024-11-05,R05,5,3,5,0,2,32.7,0.0,48.1
2024-11-06,R05,2,3,2,0,0,26.3,1.3,96.7
2024-11-07,R05,5,3,5,0,2,32.1,0.0,49.1
2024-11-08,R05,2,3,2,0,0,25.1,0.1,92.3
2024-11-11,R05,3,3,3,0,0,28.1,0.0,68.9
2024-11-12,R05,4,4,4,0,0,49.2,0.0,90.4
2024-11-13,R05,3,3,3,0,0,30.1,0.0,73.8
2024-11-14,R05,3,3,3,0,0,25.8,0.0,63.2
2024-11-15,R05,3,4,3,0,0,38.4,0.9,94.1
2024-11-18,R05,3,3,3,0,0,28.1,0.0,68.9
2024-11-19,R05,4,5,4,1,0,61.1,0.0,89.9
2024-11-20,R05,3,2,3,0,1,21.6,0.0,52.9
2024-11-21,R05,4,4,4,0,0,43.7,0.0,80.3
2024-11-22,R05,3,2,3,0,1,19.5,0.0,47.8
2024-11-25,R05,3,3,3,0,0,25.3,0.0,62.0
2024-11-26,R05,5,3,5,0,2,37.2,0.0,54.7
2024-11-27,R05,2,3,2,0,0,28.1,3.1,100.0
2024-11-28,R05,4,4,4,0,0,41.2,0.0,81.4
2024-11-29,R05,3,3,3,0,0,26.2,0.0,64.2
2024-12-02,R05,3,2,3,0,1,19.4,0.0,47.5
2024-12-03,R05,3,4,3,0,0,41.3,3.8,100.0
2024-12-04,R05,3,3,3,0,0,32.0,0.0,87.7
2024-12-05,R05,4,4,4,0,0,41.3,0.0,75.9
2024-12-06,R05,3,2,3,0,1,15.1,0.0,37.0
2024-12-09,R05,3,4,3,0,0,38.4,0.9,94.1
2024-12-10,R05,4,5,4,0,0,51.2,2.0,95.7
2024-12-11,R05,3,2,3,0,1,20.8,0.0,55.9
2024-12-12,R05,4,4,4,0,0,38.6,0.0,71.0
2024-12-13,R05,2,2,2,0,0,20.0,0.0,73.5
2024-12-16,R05,4,3,4,0,1,32.0,0.0,58.8
2024-12-17,R05,4,4,4,0,0,39.9,0.0,73.3
2024-12-18,R05,2,3,2,0,0,28.4,3.4,100.0
2024-12-19,R05,3,6,3,0,0,63.9,29.7,100.0
2024-12-20,R05,2,5,2,2,0,28.2,7.9,100.0
2024-12-23,R05,4,3,4,0,1,21.4,0.0,39.3
2024-12-24,R05,4,4,4,0,0,44.3,0.0,81.4
2024-12-27,R05,3,1,3,0,2,8.5,0.0,20.8
2024-12-30,R05,3,1,3,0,2,8.8,0.0,21.6
2024-12-31,R05,3,2,3,0,1,20.9,0.0,51.2
2025-01-02,R05,5,2,5,0,3,13.4,0.0,19.7
2025-01-03,R05,1,1,1,0,0,11.0,0.0,80.9
2025-01-07,R05,4,5,4,0,0,52.8,2.8,97.1
2025-01-08,R05,3,3,3,0,0,22.6,0.0,62.1
2025-01-09,R05,3,5,3,1,0,53.1,3.1,97.6
2025-01-10,R05,2,2,2,0,0,16.9,0.0,73.4
2025-01-13,R05,3,3,3,0,0,37.4,0.0,91.7
2025-01-14,R05,4,4,4,0,0,40.5,0.0,74.4
2025-01-15,R05,3,3,3,0,0,30.2,0.0,74.0
2025-01-16,R05,4,4,4,0,0,48.7,0.0,89.5
2025-01-17,R05,2,2,2,0,0,15.8,0.0,58.1
2025-01-20,R05,4,2,4,0,2,25.0,0.0,46.0
2025-01-21,R05,4,5,4,0,0,59.6,9.6,100.0
2025-01-22,R05,2,4,2,2,0,38.2,0.0,87.8
2025-01-23,R05,4,4,4,0,0,46.6,0.0,85.7
2025-01-24,R05,2,2,2,0,0,19.1,0.0,70.2
2025-01-27,R05,3,2,3,0,1,21.3,0.0,52.2
2025-01-28,R05,5,5,5,0,0,60.3,0.0,88.7
2025-01-29,R05,3,3,3,0,0,28.3,0.0,69.4
2025-01-30,R05,5,5,5,0,0,52.1,0.0,76.6
2025-01-31,R05,2,3,2,0,0,25.5,0.5,93.8
2025-02-03,R05,2,3,2,0,0,27.9,3.4,100.0
2025-02-04,R05,5,4,5,0,1,44.2,0.0,69.9
2025-02-05,R05,3,2,3,0,1,23.7,0.0,58.1
2025-02-06,R05,5,4,5,0,1,42.0,0.0,61.8
2025-02-07,R05,2,2,2,0,0,20.2,0.0,74.3
2025-02-10,R05,4,3,4,0,1,31.3,0.0,57.5
2025-02-11,R05,4,4,4,0,0,45.2,0.0,83.1
2025-02-12,R05,2,3,2,0,0,26.6,1.6,97.8
2025-02-13,R05,5,4,5,0,1,39.3,0.0,60.1
2025-02-14,R05,2,2,2,0,0,18.4,0.0,67.6
2025-02-17,R05,4,3,4,0,1,26.8,0.0,49.3
2025-02-18,R05,4,4,4,0,0,49.7,0.0,91.4
2025-02-19,R05,3,3,3,0,0,30.8,0.0,75.5
2025-02-20,R05,4,5,4,0,0,50.7,0.7,93.2
2025-02-21,R05,2,3,2,0,0,27.3,2.9,100.0
2025-02-24,R05,3,4,3,1,0,42.1,0.0,77.4
2025-02-25,R05,3,4,3,1,0,43.3,0.0,79.6
2025-02-26,R05,3,4,3,1,0,43.4,0.0,79.8
2025-02-27,R05,4,3,4,0,1,34.4,0.0,63.2
2025-02-28,R05,2,3,2,0,0,28.4,3.4,100.0
2025-03-03,R05,4,3,4,0,1,28.7,0.0,52.8
2025-03-04,R05,4,4,4,0,0,45.5,0.0,83.6
2025-03-05,R05,3,3,3,0,0,30.8,0.0,75.5
2025-03-06,R05,4,4,4,0,0,44.8,0.0,82.4
2025-03-07,R05,2,2,2,0,0,15.8,0.0,58.1
2025-03-10,R05,4,3,4,0,1,32.2,0.0,59.2
2025-03-11,R05,4,5,4,1,0,55.9,0.0,82.2
2025-03-12,R05,3,2,3,0,1,23.8,0.0,58.3
2025-03-13,R05,4,5,4,1,0,62.5,0.0,91.9
2025-03-14,R05,2,2,2,0,0,16.1,0.0,59.2
2025-03-17,R05,3,3,3,0,0,25.9,0.0,63.5
2025-03-18,R05,5,5,5,0,0,57.6,0.0,84.7
2025-03-19,R05,3,2,3,0,1,24.3,0.0,59.6
2025-03-20,R05,4,4,4,0,0,45.3,0.0,83.3
2025-03-21,R05,2,3,2,1,0,32.1,0.0,78.7
2025-03-24,R05,4,2,4,0,2,19.5,0.0,35.8
2025-03-25,R05,5,4,5,0,1,45.7,0.0,67.2
2025-03-26,R05,2,2,2,0,0,22.7,0.0,83.5
2025-03-27,R05,5,5,5,0,0,60.1,0.0,88.4
2025-03-28,R05,2,2,2,0,0,20.8,0.0,76.5
2025-03-31,R05,2,3,2,1,0,31.6,0.0,77.5
2025-04-01,R05,5,4,5,0,1,39.6,0.0,58.2
2025-04-02,R05,2,4,2,2,0,43.6,0.0,80.1
2025-04-03,R05,5,5,5,0,0,51.9,0.0,76.3
2025-04-04,R05,1,2,1,1,0,24.5,0.0,90.1
2025-04-07,R05,3,3,3,0,0,30.3,0.0,74.3
2025-04-08,R05,4,4,4,0,0,49.9,0.0,91.7
2025-04-09,R05,3,3,3,0,0,30.9,0.0,75.7
2025-04-10,R05,5,5,5,0,0,55.8,0.0,82.1
2025-04-11,R05,2,3,2,0,0,26.5,1.5,97.4
2025-04-14,R05,4,3,4,0,1,24.8,0.0,45.6
2025-04-15,R05,4,4,4,0,0,46.0,0.0,84.6
2025-04-16,R05,3,2,3,0,1,22.6,0.0,55.4
2025-04-17,R05,4,6,4,2,0,67.6,0.0,82.8
2025-04-22,R05,5,3,5,0,2,33.4,0.0,49.1
2025-04-23,R05,3,3,3,0,0,28.6,0.0,70.1
2025-04-24,R05,5,5,5,0,0,54.5,0.0,80.1
2025-04-25,R05,2,2,2,0,0,24.1,0.0,88.6
2025-04-28,R05,2,2,2,0,0,22.0,0.0,80.9
2025-04-29,R05,4,4,4,0,0,39.9,0.0,73.3
2025-04-30,R05,1,3,1,0,0,31.0,18.5,100.0
2025-05-02,R05,2,3,2,1,0,13.2,0.0,32.4
2025-05-05,R05,2,3,2,0,0,32.1,7.1,100.0
2025-05-06,R05,4,5,4,1,0,51.4,0.0,86.0
2025-05-07,R05,3,2,3,0,1,24.0,0.0,58.8
2025-05-08,R05,5,4,5,0,1,48.5,0.0,71.3
2025-05-09,R05,2,2,2,0,0,17.3,0.0,63.6
2025-05-12,R05,3,3,3,0,0,28.9,0.0,70.8
2025-05-13,R05,5,3,5,0,2,37.4,0.0,55.0
2025-05-14,R05,3,2,3,0,1,21.2,0.0,52.0
2025-05-15,R05,4,4,4,0,0,49.4,0.0,90.8
2025-05-16,R05,2,2,2,0,0,18.5,0.0,68.0
2025-05-19,R05,4,2,4,0,2,22.5,0.0,41.4
2025-05-20,R05,4,4,4,0,0,48.4,0.0,89.0
2025-05-21,R05,2,2,2,0,0,19.8,0.0,72.8
2025-05-22,R05,4,5,4,0,0,50.2,0.2,92.3
2025-05-23,R05,2,3,2,0,0,31.2,6.3,100.0
2025-05-26,R05,2,4,2,1,0,32.2,1.0,78.9
2025-05-27,R05,4,4,4,0,0,48.5,0.0,91.0
2025-05-28,R05,2,4,2,1,0,39.7,2.2,97.3
2025-05-30,R05,2,3,2,0,0,25.7,2.8,94.5
2025-06-02,R05,3,3,3,0,0,29.9,0.0,73.3
2025-06-03,R05,4,4,4,0,0,47.5,0.0,87.3
2025-06-04,R05,3,2,3,0,1,22.0,0.0,53.9
2025-06-05,R05,5,4,5,0,1,42.8,0.0,62.9
2025-06-06,R05,3,3,3,0,0,30.5,0.0,74.8
2025-06-10,R05,4,5,4,1,0,57.4,0.0,84.4
2025-06-11,R05,3,2,3,0,1,24.0,0.0,58.8
2025-06-12,R05,4,4,4,0,0,44.0,0.0,80.9
2025-06-13,R05,3,2,3,0,1,22.2,0.0,54.4
2025-06-16,R05,3,2,3,0,1,24.1,0.0,59.1
2025-06-17,R05,4,4,4,0,0,48.0,0.0,88.2
2025-06-18,R05,2,3,2,1,0,36.9,0.0,90.4
2025-06-20,R05,2,2,2,0,0,19.3,0.0,71.0
2025-06-23,R05,3,4,3,0,0,41.6,4.1,100.0
2025-06-24,R05,5,5,5,0,0,49.0,0.0,78.0
2025-06-25,R05,2,3,2,1,0,34.9,0.0,85.5
2025-06-26,R05,5,5,5,0,0,51.1,0.0,75.1
2025-06-27,R05,2,3,2,1,0,30.4,0.0,74.5
2025-06-30,R05,4,3,4,0,1,26.8,0.0,49.3
2025-07-01,R05,4,4,4,0,0,41.3,0.0,75.9
2025-07-02,R05,3,3,3,0,0,25.5,0.0,62.5
2025-07-03,R05,5,5,5,0,0,59.4,0.0,87.4
2025-07-04,R05,2,2,2,0,0,18.5,0.0,68.0
2025-07-07,R05,4,3,4,0,1,30.3,0.0,55.7
2025-07-08,R05,5,4,5,0,1,47.1,0.0,69.3
2025-07-09,R05,2,3,2,0,0,26.4,1.4,97.1
2025-07-10,R05,5,4,5,0,1,43.1,0.0,65.4
2025-07-11,R05,2,3,2,0,0,26.5,1.5,97.4
2025-07-14,R05,4,4,4,0,0,39.1,0.0,71.9
2025-07-15,R05,4,5,4,0,0,53.1,3.1,97.6
2025-07-16,R05,2,4,2,1,0,37.6,3.1,99.6
2025-07-17,R05,5,5,5,0,0,51.7,0.0,80.6
2025-07-18,R05,2,3,2,0,0,27.8,2.8,100.0
2025-07-21,R05,4,4,4,0,0,38.4,0.0,70.6
2025-07-22,R05,4,4,4,0,0,43.7,0.0,80.3
2025-07-23,R05,3,3,3,0,0,33.2,0.0,81.4
2025-07-24,R05,4,4,4,0,0,40.1,0.0,73.7
2025-07-25,R05,2,2,2,0,0,19.7,0.0,72.4
2025-07-28,R05,4,3,4,0,1,37.2,0.0,68.4
2025-07-29,R05,4,6,4,1,0,73.9,11.3,100.0
2025-07-30,R05,3,4,3,0,0,29.9,3.7,100.0
2025-07-31,R05,3,4,3,1,0,40.6,0.0,81.4
2025-08-01,R05,2,2,2,0,0,18.4,0.0,67.6
2025-08-04,R05,3,3,3,0,0,26.7,0.0,65.4
2025-08-05,R05,4,5,4,0,0,51.8,1.8,95.2
2025-08-06,R05,4,2,4,0,2,12.6,0.0,26.4
2025-08-07,R05,3,2,3,0,1,23.0,0.0,56.4
2025-08-08,R05,1,1,1,0,0,10.8,0.0,79.4
2025-08-11,R05,3,2,3,0,1,16.9,0.0,41.4
2025-08-12,R05,4,3,4,0,1,27.2,0.0,50.0
2025-08-13,R05,2,2,2,0,0,18.1,0.0,66.5
2025-08-14,R05,3,2,3,0,1,20.8,0.0,51.0
2025-08-15,R05,1,2,1,0,0,13.5,1.0,99.3
2025-08-18,R05,3,3,3,0,0,27.1,0.0,66.4
2025-08-19,R05,4,2,4,0,2,24.0,0.0,44.1
2025-08-20,R05,2,2,2,0,0,14.6,0.0,53.7
2025-08-21,R05,2,2,2,0,0,23.2,0.0,85.3
2025-08-22,R05,1,2,1,0,0,15.2,2.7,100.0
2025-08-25,R05,3,3,3,0,0,33.2,0.0,81.4
2025-08-26,R05,3,4,3,0,0,40.1,2.6,98.3
2025-08-27,R05,3,3,3,0,0,22.8,0.0,62.2
2025-08-28,R05,3,4,3,0,0,39.3,1.8,96.3
2025-08-29,R05,1,2,1,1,0,18.3,0.0,73.8
2025-09-01,R05,3,2,3,0,1,20.1,0.0,49.3
2025-09-02,R05,3,3,3,0,0,27.6,0.0,67.6
2025-09-03,R05,2,2,2,0,0,15.5,0.0,57.0
2025-09-04,R05,3,3,3,0,0,31.1,0.0,76.2
2025-09-05,R05,2,2,2,0,0,23.7,0.0,87.1
2025-09-08,R05,3,3,3,0,0,27.5,0.0,67.4
2025-09-09,R05,3,5,3,0,0,52.8,15.3,100.0
2025-09-10,R05,3,3,3,0,0,21.2,0.0,89.4
2025-09-11,R05,4,4,4,0,0,45.6,0.0,83.8
2025-09-12,R05,2,2,2,0,0,20.5,0.0,75.4
2025-09-15,R05,3,3,3,0,0,32.1,0.0,78.7
2025-09-16,R05,4,5,4,0,0,51.4,1.4,94.5
2025-09-17,R05,3,2,3,0,1,22.8,0.0,59.2
2025-09-18,R05,4,5,4,0,0,50.8,0.8,93.4
2025-09-19,R05,2,2,2,0,0,23.5,0.0,89.2
2025-09-22,R05,3,3,3,0,0,26.5,0.0,65.0
2025-09-23,R05,5,4,5,0,1,49.5,0.0,72.8
2025-09-24,R05,2,3,2,1,0,30.3,0.0,74.3
2025-09-25,R05,5,4,5,0,1,40.5,0.0,59.6
2025-09-26,R05,2,3,2,0,0,27.9,2.9,100.0
2025-09-29,R05,3,4,3,0,0,35.6,0.9,87.3
2025-09-30,R05,4,4,4,0,0,44.3,0.0,83.2
2025-10-01,R05,3,3,3,0,0,27.1,0.0,66.4
2025-10-02,R05,4,4,4,0,0,40.5,0.0,74.4
2025-10-06,R05,3,3,3,0,0,33.3,0.0,81.6
2025-10-07,R05,4,5,4,1,0,56.1,0.0,82.5
2025-10-08,R05,3,3,3,0,0,36.4,0.0,89.2
2025-10-09,R05,4,4,4,0,0,46.6,0.0,85.7
2025-10-10,R05,2,2,2,0,0,17.6,0.0,64.7
2025-10-13,R05,4,2,4,0,2,23.5,0.0,43.2
2025-10-14,R05,5,4,5,0,1,42.5,0.0,62.5
2025-10-15,R05,3,3,3,0,0,30.1,0.0,73.8
2025-10-16,R05,3,4,3,1,0,49.0,0.0,90.1
2025-10-17,R05,2,2,2,0,0,15.6,0.0,57.4
2025-10-20,R05,3,2,3,0,1,22.1,0.0,54.2
2025-10-21,R05,4,4,4,0,0,44.6,0.0,82.0
2025-10-22,R05,2,3,2,0,0,32.3,7.3,100.0
2025-10-23,R05,4,5,4,0,0,48.3,5.5,100.0
2025-10-24,R05,2,2,2,0,0,18.5,0.0,88.3
2025-10-27,R05,3,3,3,0,0,27.1,0.0,66.4
2025-10-28,R05,5,4,5,0,1,46.0,0.0,67.6
2025-10-29,R05,2,2,2,0,0,17.7,0.0,65.1
2025-10-30,R05,4,6,4,1,0,67.2,4.6,98.8
2025-10-31,R05,1,3,1,1,0,31.0,10.6,100.0
2025-11-03,R05,3,4,3,1,0,36.8,0.0,67.6
2025-11-04,R05,4,4,4,0,0,44.9,0.0,82.5
2025-11-05,R05,2,2,2,0,0,22.6,0.0,83.1
2025-11-06,R05,5,4,5,0,1,44.7,0.0,65.7
2025-11-07,R05,3,2,3,0,1,22.7,0.0,55.6
2025-11-10,R05,4,2,4,0,2,20.0,0.0,36.8
2025-11-11,R05,5,4,5,0,1,48.5,0.0,71.3
2025-11-12,R05,2,3,2,1,0,32.4,0.0,79.4
2025-11-13,R05,5,4,5,0,1,47.9,0.0,70.4
2025-11-14,R05,3,2,3,0,1,15.8,0.0,38.7
2025-11-17,R05,3,3,3,0,0,26.5,0.0,65.0
2025-11-18,R05,4,5,4,1,0,56.3,0.0,82.8
2025-11-19,R05,2,2,2,0,0,16.2,0.0,59.6
2025-11-20,R05,4,4,4,0,0,43.0,0.0,79.0
2025-11-21,R05,2,2,2,0,0,21.0,0.0,77.2
2025-11-24,R05,3,3,3,0,0,30.2,0.0,74.0
2025-11-25,R05,4,4,4,0,0,42.9,0.0,78.9
2025-11-26,R05,2,3,2,0,0,25.3,0.3,93.0
2025-11-27,R05,4,5,4,0,0,49.9,0.1,92.2
2025-11-28,R05,2,3,2,1,0,33.7,0.0,82.9
2025-12-01,R05,3,2,3,0,1,16.6,0.0,40.7
2025-12-02,R05,4,5,4,0,0,50.6,0.6,93.0
2025-12-03,R05,3,2,3,0,1,18.6,0.0,46.9
2025-12-04,R05,5,5,5,0,0,52.9,0.0,77.8
2025-12-05,R05,2,2,2,0,0,17.7,0.0,65.1
2025-12-08,R05,3,3,3,0,0,33.9,0.0,83.1
2025-12-09,R05,5,4,5,0,1,43.0,0.0,63.2
2025-12-10,R05,2,2,2,0,0,23.4,0.0,86.0
2025-12-11,R05,4,5,4,1,0,57.5,0.0,84.6
2025-12-12,R05,2,2,2,0,0,23.2,0.0,85.3
2025-12-15,R05,3,3,3,0,0,26.1,0.0,64.0
2025-12-16,R05,5,5,5,0,0,52.6,0.0,77.4
2025-12-17,R05,3,3,3,0,0,37.3,0.0,91.4
2025-12-18,R05,6,4,6,0,2,41.7,0.0,51.1
2025-12-19,R05,2,2,2,0,0,20.4,0.0,75.0
2025-12-22,R05,3,1,3,0,2,10.2,0.0,25.0
2025-12-23,R05,4,2,4,0,2,13.9,0.0,25.6
2025-12-24,R05,2,1,2,0,1,11.7,0.0,43.0
2025-12-29,R05,2,1,2,0,1,10.5,0.0,38.6
2025-12-30,R05,3,1,3,0,2,10.9,0.0,26.7
2025-12-31,R05,2,2,2,0,0,18.0,0.0,66.2
2026-01-02,R05,1,1,1,0,0,8.1,0.0,59.6
2026-01-05,R05,1,2,1,0,0,17.6,5.1,100.0
2026-01-07,R05,2,2,2,0,0,15.7,0.0,57.7
2026-01-08,R05,5,4,5,0,1,42.8,0.0,62.9
2026-01-09,R05,1,2,1,0,0,18.3,5.8,100.0
2026-01-12,R05,2,3,2,0,0,25.5,6.3,93.8
2026-01-13,R05,3,4,3,0,0,31.4,0.1,92.3
2026-01-14,R05,2,3,2,1,0,36.6,0.0,90.0
2026-01-15,R05,4,4,4,0,0,49.8,0.0,91.5
2026-01-16,R05,2,2,2,0,0,20.1,0.0,73.9
2026-01-19,R05,3,3,3,0,0,37.1,0.0,90.9
2026-01-20,R05,5,4,5,0,1,37.8,0.0,55.6
2026-01-21,R05,3,3,3,0,0,29.3,0.0,71.8
2026-01-22,R05,4,5,4,0,0,54.8,4.8,100.0
2026-01-23,R05,2,3,2,0,0,25.3,5.0,100.0
2026-01-26,R05,3,3,3,0,0,28.0,0.0,68.6
2026-01-27,R05,5,4,5,0,1,46.3,0.0,68.1
2026-01-28,R05,3,3,3,0,0,28.4,0.0,69.6
2026-01-29,R05,5,4,5,0,1,43.6,0.0,64.1
2026-01-30,R05,2,3,2,1,0,36.8,0.0,90.2
2026-02-02,R05,3,3,3,0,0,27.0,0.0,66.2
2026-02-03,R05,4,4,4,0,0,39.4,0.0,72.4
2026-02-04,R05,3,2,3,0,1,20.7,0.0,50.7
2026-02-05,R05,4,4,4,0,0,37.9,0.0,69.7
2026-02-06,R05,2,3,2,0,0,27.0,2.0,99.3
2026-02-09,R05,3,3,3,0,0,30.7,0.0,75.2
2026-02-10,R05,4,5,4,0,0,54.4,4.4,100.0
2026-02-11,R05,3,3,3,0,0,22.6,0.0,66.1
2026-02-12,R05,5,5,5,0,0,53.3,0.0,78.4
2026-02-13,R05,3,2,3,0,1,20.3,0.0,49.8
2026-02-16,R05,3,3,3,0,0,27.8,0.0,68.1
2026-02-17,R05,5,4,5,0,1,46.7,0.0,68.7
2026-02-18,R05,3,2,3,0,1,15.3,0.0,37.5
2026-02-19,R05,4,3,4,0,1,37.1,0.0,68.2
2026-02-20,R05,2,2,2,0,0,20.9,0.0,76.8
2026-02-23,R05,3,3,3,0,0,25.2,0.0,61.8
2026-02-24,R05,4,4,4,0,0,43.7,0.0,80.3
2026-02-25,R05,3,3,3,0,0,26.4,0.0,64.7
2026-02-26,R05,3,4,3,0,0,41.5,4.0,100.0
2026-02-27,R05,2,3,2,1,0,27.2,0.0,76.4
2026-03-02,R05,3,3,3,0,0,25.9,0.0,63.5
2026-03-03,R05,4,4,4,0,0,41.5,0.0,76.3
2026-03-04,R05,3,3,3,0,0,33.5,0.0,82.1
2026-03-05,R05,4,4,4,0,0,48.4,0.0,89.0
2026-03-06,R05,2,3,2,0,0,29.4,4.4,100.0
2026-03-09,R05,4,4,4,0,0,37.2,0.0,68.4
2026-03-10,R05,4,3,4,0,1,34.9,0.0,64.2
2026-03-11,R05,3,2,3,0,1,17.6,0.0,43.1
2026-03-12,R05,4,5,4,0,0,51.5,1.5,94.7
2026-03-13,R05,3,3,3,0,0,23.7,0.0,61.6
2026-03-16,R05,4,3,4,0,1,26.7,0.0,49.1
2026-03-17,R05,4,5,4,0,0,53.6,3.6,98.5
2026-03-18,R05,2,4,2,1,0,34.6,0.6,93.5
2026-03-19,R05,5,4,5,0,1,38.0,0.0,56.8
2026-03-20,R05,3,2,3,0,1,24.4,0.0,59.8
2026-03-23,R05,3,3,3,0,0,26.0,0.0,63.7
2026-03-24,R05,5,5,5,0,0,52.9,0.0,77.8
2026-03-25,R05,2,3,2,0,0,26.1,1.1,96.0
2026-03-26,R05,4,4,4,0,0,41.6,0.0,78.4
2026-03-27,R05,2,2,2,0,0,22.7,0.0,83.5
2026-03-30,R05,3,2,3,0,1,24.3,0.0,59.6
2026-03-31,R05,5,4,5,0,1,47.4,0.0,69.7
2026-04-01,R05,3,3,3,0,0,32.2,0.0,78.9
2026-04-02,R05,4,5,4,1,0,55.2,0.0,81.2
2026-04-07,R05,4,4,4,0,0,38.3,0.0,70.4
2026-04-08,R05,3,3,3,0,0,27.4,0.0,67.2
2026-04-09,R05,5,6,5,0,0,65.5,2.9,96.3
2026-04-10,R05,2,3,2,0,0,26.9,4.8,100.0
2026-04-13,R05,3,3,3,0,0,29.3,0.0,71.8
2026-04-14,R05,4,5,4,0,0,50.9,0.9,93.6
2026-04-15,R05,3,3,3,0,0,25.7,0.0,65.1
2026-04-16,R05,6,5,6,0,1,59.5,0.0,72.9
2026-04-17,R05,3,2,3,0,1,22.9,0.0,56.1
2026-04-20,R05,3,3,3,0,0,31.4,0.0,77.0
2026-04-21,R05,4,4,4,0,0,41.0,0.0,75.4
2026-04-22,R05,3,3,3,0,0,25.5,0.0,62.5
2026-04-23,R05,6,3,6,0,3,26.8,0.0,32.8
2026-04-24,R05,2,3,2,0,0,33.3,8.3,100.0
2026-04-27,R05,3,4,3,0,0,31.2,1.9,76.5
2026-04-28,R05,5,4,5,0,1,39.4,0.0,60.8
2026-04-29,R05,3,2,3,0,1,15.5,0.0,38.0
2026-04-30,R05,3,5,3,2,0,59.3,0.0,87.2
2026-05-04,R05,3,3,3,0,0,27.3,0.0,66.9
2026-05-05,R05,4,5,4,0,0,51.7,1.7,95.0
2026-05-06,R05,3,2,3,0,1,18.9,0.0,50.4
2026-05-07,R05,4,4,4,0,0,43.5,0.0,80.0
2026-05-08,R05,3,2,3,0,1,18.6,0.0,45.6
2026-05-11,R05,4,3,4,0,1,36.1,0.0,66.4
2026-05-12,R05,4,5,4,1,0,58.8,0.0,86.5
2026-05-13,R05,2,3,2,1,0,35.3,0.0,86.5
2026-05-15,R05,1,1,1,0,0,11.9,0.0,87.5
2026-05-18,R05,3,3,3,0,0,25.8,0.0,63.2
2026-05-19,R05,5,5,5,0,0,58.8,0.0,86.5
2026-05-20,R05,2,2,2,0,0,20.6,0.0,75.7
2026-05-21,R05,5,4,5,0,1,48.7,0.0,71.6
2026-05-22,R05,2,2,2,0,0,24.3,0.0,89.3
2026-05-26,R05,4,4,4,0,0,41.6,0.0,76.5
2026-05-27,R05,3,2,3,0,1,22.8,0.0,55.9
2026-05-28,R05,4,5,4,1,0,56.6,0.0,83.2
2026-05-29,R05,2,2,2,0,0,24.3,0.0,89.3
2026-06-01,R05,4,3,4,0,1,30.3,0.0,55.7
2026-06-02,R05,4,4,4,0,0,44.8,0.0,82.4
2026-06-03,R05,2,4,2,1,0,49.5,12.0,100.0
2026-06-05,R05,3,3,3,0,0,15.7,0.0,38.5
2026-06-08,R05,3,3,3,0,0,32.7,0.0,80.1
2026-06-09,R05,5,5,5,0,0,52.5,0.0,77.2
2026-06-10,R05,3,3,3,0,0,32.9,0.0,80.6
2026-06-11,R05,5,5,5,0,0,52.2,0.0,76.8
2026-06-12,R05,2,2,2,0,0,20.7,0.0,76.1
2026-06-15,R05,3,3,3,0,0,26.8,0.0,65.7
2026-06-16,R05,4,4,4,0,0,42.7,0.0,78.5
2026-06-17,R05,4,3,4,0,1,32.6,0.0,59.9
2026-06-18,R05,5,4,5,0,1,44.1,0.0,64.9
2026-06-19,R05,2,3,2,0,0,25.9,0.9,95.2
2026-06-22,R05,3,2,3,0,1,20.7,0.0,50.7
2026-06-23,R05,5,6,5,0,0,62.6,0.0,92.1
2026-06-24,R05,3,3,3,0,0,33.1,0.0,81.2
2026-06-25,R05,4,4,4,0,0,49.2,0.0,90.4
2026-06-26,R05,3,2,3,0,1,22.9,0.0,56.1
2026-06-29,R05,2,3,2,1,0,33.4,0.0,81.9
2026-06-30,R05,5,4,5,0,1,41.5,0.0,61.0
2026-07-01,R05,3,3,3,0,0,26.4,0.0,64.7
2026-07-02,R05,5,4,5,0,1,41.3,0.0,60.7
2026-07-03,R05,2,3,2,0,0,25.4,0.4,93.4
2026-07-06,R05,4,4,4,0,0,38.4,0.0,70.6
2026-07-07,R05,5,5,5,0,0,54.7,0.0,80.4
2026-07-08,R05,3,4,3,0,0,39.5,2.0,96.8
2026-07-09,R05,4,5,4,1,0,56.6,0.0,86.1
2026-07-10,R05,3,2,3,0,1,14.2,0.0,34.8
2026-07-13,R05,4,3,4,0,1,33.1,0.0,60.8
2026-07-14,R05,5,5,5,0,0,62.1,0.0,91.3
2026-07-15,R05,4,2,4,0,2,18.3,0.0,33.6
2026-07-16,R05,5,5,5,0,0,59.7,0.0,87.8
2026-07-17,R05,2,3,2,0,0,30.7,5.7,100.0
2026-07-20,R05,4,4,4,0,0,37.7,0.0,69.3
2026-07-21,R05,5,4,5,0,1,44.9,0.0,66.0
2026-07-22,R05,3,3,3,0,0,29.7,0.0,72.8
2026-07-23,R05,5,5,5,0,0,52.6,0.0,77.4
2026-07-24,R05,1,2,1,0,0,15.5,3.0,100.0
2026-07-27,R05,4,4,4,0,0,35.4,0.0,65.1
2026-07-28,R05,4,4,4,0,0,44.4,0.0,81.6
2026-07-29,R05,3,3,3,0,0,31.6,0.0,77.5
2026-07-30,R05,5,5,5,0,0,52.5,0.0,77.2
2026-07-31,R05,2,3,2,0,0,33.7,8.7,100.0
2026-08-03,R05,5,3,5,0,2,23.5,0.0,34.6
2026-08-04,R05,4,2,4,0,2,19.2,0.0,35.3
2026-08-05,R05,3,2,3,0,1,14.2,0.0,34.8
2026-08-06,R05,4,2,4,0,2,23.5,0.0,43.2
2026-08-07,R05,2,2,2,0,0,12.7,0.0,46.7
2026-08-10,R05,3,2,3,0,1,20.8,0.0,51.0
2026-08-11,R05,3,3,3,0,0,35.6,0.0,87.3
2026-08-12,R05,3,2,3,0,1,19.8,0.0,48.5
2026-08-13,R05,3,2,3,0,1,22.7,0.0,55.6
2026-08-14,R05,2,2,2,0,0,15.1,0.0,55.5
2026-08-17,R05,2,2,2,0,0,22.6,0.0,83.1
2026-08-18,R05,3,3,3,0,0,26.6,0.0,65.2
2026-08-19,R05,2,2,2,0,0,17.2,0.0,63.2
2026-08-20,R05,2,4,2,2,0,44.6,0.0,82.0
2026-08-21,R05,1,2,1,1,0,24.9,0.0,91.5
2026-08-24,R05,3,2,3,0,1,21.3,0.0,52.2
2026-08-25,R05,3,3,3,0,0,35.5,0.0,87.0
2026-08-26,R05,2,2,2,0,0,21.7,0.0,79.8
2026-08-27,R05,4,3,4,0,1,27.5,0.0,50.6
2026-08-28,R05,2,2,2,0,0,18.9,0.0,69.5
2026-08-31,R05,2,3,2,0,0,29.3,4.3,100.0
2024-01-02,R06,1,2,1,0,0,16.7,4.2,100.0
2024-01-03,R06,2,3,2,0,0,24.5,3.7,100.0
2024-01-04,R06,2,2,2,0,0,20.1,0.0,87.4
2024-01-05,R06,2,2,2,0,0,21.6,0.0,79.4
2024-01-08,R06,3,2,3,0,1,23.4,0.0,57.4
2024-01-09,R06,2,2,2,0,0,23.5,0.0,86.4
2024-01-10,R06,3,2,3,0,1,16.2,0.0,39.7
2024-01-11,R06,2,3,2,0,0,28.5,3.5,100.0
2024-01-12,R06,2,2,2,0,0,10.4,0.0,51.0
2024-01-15,R06,2,3,2,0,0,29.6,4.6,100.0
2024-01-16,R06,2,3,2,0,0,31.7,11.3,100.0
2024-01-17,R06,3,2,3,0,1,13.7,0.0,61.2
2024-01-18,R06,2,2,2,0,0,14.5,0.0,53.3
2024-01-19,R06,1,2,1,1,0,22.4,0.0,82.4
2024-01-22,R06,3,2,3,0,1,24.2,0.0,59.3
2024-01-23,R06,3,3,3,0,0,28.4,0.0,69.6
2024-01-24,R06,2,2,2,0,0,16.8,0.0,61.8
2024-01-25,R06,3,3,3,0,0,26.8,0.0,65.7
2024-01-26,R06,2,2,2,0,0,24.1,0.0,88.6
2024-01-29,R06,3,3,3,0,0,32.6,0.0,79.9
2024-01-30,R06,3,3,3,0,0,28.4,0.0,69.6
2024-01-31,R06,2,3,2,0,0,28.6,3.6,100.0
2024-02-01,R06,3,2,3,0,1,20.5,0.0,59.0
2024-02-02,R06,1,2,1,0,0,18.9,6.4,100.0
2024-02-05,R06,2,4,2,1,0,32.4,1.3,79.4
2024-02-06,R06,3,2,3,0,1,17.2,0.0,45.2
2024-02-07,R06,2,3,2,0,0,27.1,2.1,99.6
2024-02-08,R06,2,3,2,0,0,31.8,8.9,100.0
2024-02-09,R06,1,3,1,2,0,22.3,0.0,76.4
2024-02-12,R06,4,3,4,0,1,28.9,0.0,53.1
2024-02-13,R06,3,2,3,0,1,24.9,0.0,61.0
2024-02-14,R06,3,2,3,0,1,22.0,0.0,53.9
2024-02-15,R06,3,2,3,0,1,14.7,0.0,36.0
2024-02-16,R06,2,2,2,0,0,18.7,0.0,68.8
2024-02-19,R06,3,2,3,0,1,21.5,0.0,52.7
2024-02-20,R06,2,3,2,0,0,25.2,0.2,92.6
2024-02-21,R06,2,2,2,0,0,20.4,0.0,75.6
2024-02-22,R06,2,2,2,0,0,18.8,0.0,69.1
2024-02-23,R06,3,2,3,0,1,17.9,0.0,43.9
2024-02-26,R06,3,2,3,0,1,16.6,0.0,40.7
2024-02-27,R06,3,3,3,0,0,31.3,0.0,76.7
2024-02-28,R06,2,2,2,0,0,21.2,0.0,77.9
2024-02-29,R06,2,2,2,0,0,19.0,0.0,69.9
2024-03-01,R06,2,3,2,0,0,25.1,0.1,92.3
2024-03-04,R06,2,3,2,0,0,25.9,1.0,95.2
2024-03-05,R06,3,2,3,0,1,17.4,0.0,45.0
2024-03-06,R06,2,3,2,1,0,33.0,0.0,80.9
2024-03-07,R06,1,2,1,1,0,21.3,0.0,78.3
2024-03-08,R06,3,2,3,0,1,19.4,0.0,47.5
2024-03-11,R06,3,3,3,0,0,25.8,0.0,63.2
2024-03-12,R06,2,2,2,0,0,16.1,0.0,59.2
2024-03-13,R06,3,2,3,0,1,20.7,0.0,50.7
2024-03-14,R06,2,3,2,0,0,27.6,2.6,100.0
2024-03-15,R06,2,2,2,0,0,18.9,0.0,79.0
2024-03-18,R06,4,3,4,0,1,26.7,0.0,49.1
2024-03-19,R06,3,2,3,0,1,18.9,0.0,46.3
2024-03-20,R06,3,2,3,0,1,15.5,0.0,38.0
2024-03-21,R06,3,3,3,0,0,30.1,0.0,73.8
2024-03-22,R06,1,2,1,0,0,17.5,5.0,100.0
2024-03-25,R06,3,4,3,0,0,34.2,1.7,83.8
2024-03-26,R06,2,3,2,1,0,28.7,0.0,74.4
2024-03-27,R06,3,3,3,0,0,26.2,0.0,64.2
2024-03-28,R06,3,3,3,0,0,25.9,0.0,63.5
2024-04-02,R06,3,3,3,0,0,25.8,0.0,63.2
2024-04-03,R06,3,2,3,0,1,12.7,0.0,31.1
2024-04-04,R06,3,2,3,0,1,19.2,0.0,47.1
2024-04-05,R06,2,2,2,0,0,16.3,0.0,59.9
2024-04-08,R06,4,3,4,0,1,33.6,0.0,61.8
2024-04-09,R06,3,2,3,0,1,24.6,0.0,60.3
2024-04-10,R06,3,2,3,0,1,14.8,0.0,36.3
2024-04-11,R06,3,2,3,0,1,22.2,0.0,54.4
2024-04-12,R06,2,1,2,0,1,9.1,0.0,33.5
2024-04-15,R06,4,2,4,0,2,20.5,0.0,37.7
2024-04-16,R06,2,2,2,0,0,22.8,0.0,83.8
2024-04-17,R06,2,2,2,0,0,19.8,0.0,72.8
2024-04-18,R06,2,3,2,0,0,30.0,5.0,100.0
2024-04-19,R06,1,2,1,0,0,14.9,7.4,100.0
2024-04-22,R06,2,3,2,0,0,19.6,1.9,72.1
2024-04-23,R06,2,3,2,0,0,29.3,6.2,100.0
2024-04-24,R06,2,3,2,1,0,26.4,0.0,79.9
2024-04-25,R06,3,3,3,0,0,26.0,0.0,63.7
2024-04-26,R06,1,2,1,1,0,20.5,0.0,75.4
2024-04-29,R06,3,2,3,0,1,24.3,0.0,59.6
2024-04-30,R06,3,3,3,0,0,33.8,0.0,82.8
2024-05-02,R06,3,2,3,0,1,24.1,0.0,59.1
2024-05-03,R06,2,2,2,0,0,24.3,0.0,89.3
2024-05-06,R06,2,2,2,0,0,24.5,0.0,90.1
2024-05-07,R06,3,3,3,0,0,33.3,0.0,81.6
2024-05-08,R06,3,3,3,0,0,30.6,0.0,75.0
2024-05-10,R06,1,2,1,0,0,13.9,1.4,100.0
2024-05-13,R06,3,3,3,0,0,32.3,0.0,79.2
2024-05-14,R06,3,2,3,0,1,18.5,0.0,45.3
2024-05-15,R06,3,2,3,0,1,23.2,0.0,56.9
2024-05-16,R06,2,3,2,0,0,31.4,6.4,100.0
2024-05-17,R06,1,3,1,2,0,24.2,0.0,74.9
2024-05-21,R06,3,2,3,0,1,20.2,0.0,49.5
2024-05-22,R06,2,3,2,1,0,32.4,0.0,79.4
2024-05-23,R06,3,2,3,0,1,19.5,0.0,47.8
2024-05-24,R06,2,2,2,0,0,14.6,0.0,53.7
2024-05-27,R06,4,4,4,0,0,43.3,0.0,79.6
2024-05-28,R06,2,3,2,1,0,36.1,0.0,88.5
2024-05-29,R06,2,3,2,1,0,30.8,0.0,75.5
2024-05-31,R06,2,1,2,0,1,10.8,0.0,39.7
2024-06-03,R06,5,3,5,0,2,25.1,0.0,36.9
2024-06-04,R06,3,2,3,0,1,22.5,0.0,55.1
2024-06-05,R06,3,3,3,0,0,33.2,0.0,81.4
2024-06-06,R06,1,3,1,0,0,32.4,19.9,100.0
2024-06-07,R06,1,4,1,2,0,20.2,2.6,98.3
2024-06-10,R06,4,3,4,0,1,32.4,0.0,59.6
2024-06-11,R06,3,3,3,0,0,32.9,0.0,80.6
2024-06-12,R06,3,2,3,0,1,21.6,0.0,52.9
2024-06-13,R06,4,2,4,0,2,21.7,0.0,39.9
2024-06-14,R06,3,3,3,0,0,28.6,0.0,70.1
2024-06-17,R06,3,2,3,0,1,20.3,0.0,49.8
2024-06-18,R06,2,3,2,0,0,25.5,0.5,93.8
2024-06-19,R06,2,3,2,0,0,25.8,1.3,96.6
2024-06-20,R06,3,3,3,0,0,28.0,0.0,71.7
2024-06-21,R06,3,2,3,0,1,18.0,0.0,44.1
2024-06-24,R06,3,3,3,0,0,30.4,0.0,74.5
2024-06-25,R06,3,3,3,0,0,25.7,0.0,63.0
2024-06-26,R06,2,2,2,0,0,18.3,0.0,67.3
2024-06-27,R06,3,3,3,0,0,25.5,0.0,62.5
2024-06-28,R06,2,2,2,0,0,17.7,0.0,65.1
2024-07-01,R06,3,3,3,0,0,26.4,0.0,64.7
2024-07-02,R06,3,2,3,0,1,20.8,0.0,51.0
2024-07-03,R06,3,2,3,0,1,21.0,0.0,51.5
2024-07-04,R06,3,3,3,0,0,29.1,0.0,71.3
2024-07-05,R06,1,2,1,0,0,18.4,5.9,100.0
2024-07-08,R06,3,3,3,0,0,23.2,0.0,56.9
2024-07-09,R06,3,3,3,0,0,30.8,0.0,75.5
2024-07-10,R06,2,3,2,0,0,37.0,12.0,100.0
2024-07-11,R06,3,5,3,1,0,40.7,2.6,96.8
2024-07-12,R06,2,2,2,0,0,16.9,0.0,71.8
2024-07-15,R06,3,2,3,0,1,20.5,0.0,50.2
2024-07-16,R06,3,2,3,0,1,20.3,0.0,49.8
2024-07-17,R06,2,2,2,0,0,16.6,0.0,61.0
2024-07-18,R06,4,3,4,0,1,28.0,0.0,51.5
2024-07-19,R06,2,2,2,0,0,19.7,0.0,72.4
2024-07-22,R06,3,3,3,0,0,25.2,0.0,61.8
2024-07-23,R06,2,3,2,0,0,27.7,2.7,100.0
2024-07-24,R06,2,3,2,0,0,23.8,1.5,97.3
2024-07-25,R06,4,2,4,0,2,18.7,0.0,37.0
2024-07-26,R06,3,1,3,0,2,9.6,0.0,23.5
2024-07-29,R06,4,2,4,0,2,17.4,0.0,32.0
2024-07-30,R06,2,1,2,0,1,11.2,0.0,41.2
2024-07-31,R06,2,2,2,0,0,14.3,0.0,52.6
2024-08-01,R06,3,2,3,0,1,20.0,0.0,49.0
2024-08-02,R06,1,2,1,0,0,15.1,2.6,100.0
2024-08-05,R06,3,2,3,0,1,15.3,0.0,37.5
2024-08-06,R06,1,3,1,0,0,27.5,15.0,100.0
2024-08-07,R06,3,3,3,0,0,12.8,0.0,68.1
2024-08-08,R06,2,2,2,0,0,15.5,0.0,57.0
2024-08-09,R06,1,2,1,0,0,13.7,1.2,100.0
2024-08-12,R06,3,2,3,0,1,18.1,0.0,44.4
2024-08-13,R06,3,2,3,0,1,24.8,0.0,60.8
2024-08-14,R06,3,2,3,0,1,13.7,0.0,33.6
2024-08-15,R06,1,2,1,0,0,13.7,1.2,100.0
2024-08-16,R06,1,1,1,0,0,9.3,0.0,77.1
2024-08-19,R06,2,3,2,0,0,28.3,3.3,100.0
2024-08-20,R06,2,2,2,0,0,20.5,0.0,87.4
2024-08-21,R06,3,2,3,0,1,21.9,0.0,53.7
2024-08-22,R06,2,2,2,0,0,22.0,0.0,80.9
2024-08-23,R06,1,1,1,0,0,12.2,0.0,89.7
2024-08-26,R06,3,2,3,0,1,20.7,0.0,50.7
2024-08-27,R06,2,3,2,0,0,25.5,0.5,93.8
2024-08-28,R06,2,2,2,0,0,15.5,0.0,58.7
2024-08-29,R06,2,2,2,0,0,18.2,0.0,66.9
2024-08-30,R06,1,2,1,0,0,17.5,5.0,100.0
2024-09-02,R06,3,3,3,0,0,21.9,0.0,53.7
2024-09-03,R06,2,2,2,0,0,16.1,0.0,59.2
2024-09-04,R06,2,2,2,0,0,17.0,0.0,62.5
2024-09-05,R06,1,3,1,1,0,26.2,1.2,96.3
2024-09-06,R06,1,2,1,0,0,17.0,5.7,100.0
2024-09-09,R06,3,3,3,0,0,29.1,0.0,71.3
2024-09-10,R06,1,2,1,1,0,18.4,0.0,67.6
2024-09-11,R06,0,2,0,2,0,24.3,0.0,89.3
2024-09-12,R06,2,3,2,0,0,32.4,7.4,100.0
2024-09-13,R06,1,3,1,0,0,20.5,15.4,100.0
2024-09-16,R06,3,4,3,0,0,23.7,1.5,58.1
2024-09-17,R06,1,2,1,1,0,23.4,0.0,91.6
2024-09-18,R06,2,3,2,0,0,25.3,0.3,93.0
2024-09-19,R06,3,2,3,0,1,23.9,0.0,59.3
2024-09-20,R06,2,2,2,0,0,14.5,0.0,53.3
2024-09-23,R06,4,2,4,0,2,23.7,0.0,43.6
2024-09-24,R06,2,3,2,1,0,30.8,0.0,75.5
2024-09-25,R06,3,2,3,0,1,21.6,0.0,52.9
2024-09-26,R06,2,3,2,0,0,34.6,9.6,100.0
2024-09-27,R06,3,3,3,0,0,25.7,0.0,86.5
2024-09-30,R06,3,2,3,0,1,24.4,0.0,59.8
2024-10-01,R06,3,4,3,0,0,38.0,0.5,93.1
2024-10-02,R06,2,3,2,1,0,29.7,0.0,73.9
2024-10-04,R06,2,1,2,0,1,9.9,0.0,36.4
2024-10-07,R06,2,3,2,0,0,27.7,2.7,100.0
2024-10-08,R06,3,3,3,0,0,28.6,0.0,76.7
2024-10-09,R06,3,2,3,0,1,19.4,0.0,47.5
2024-10-10,R06,3,2,3,0,1,22.4,0.0,54.9
2024-10-11,R06,1,2,1,0,0,15.2,2.7,100.0
2024-10-14,R06,3,3,3,0,0,25.5,0.0,62.5
2024-10-15,R06,3,3,3,0,0,26.2,0.0,64.2
2024-10-16,R06,3,3,3,0,0,26.4,0.0,64.7
2024-10-17,R06,2,2,2,0,0,16.1,0.0,59.2
2024-10-18,R06,1,2,1,1,0,20.0,0.0,73.5
2024-10-21,R06,3,3,3,0,0,29.6,0.0,72.5
2024-10-22,R06,3,2,3,0,1,21.2,0.0,52.0
2024-10-23,R06,3,2,3,0,1,19.5,0.0,47.8
2024-10-24,R06,2,3,2,0,0,28.6,3.6,100.0
2024-10-25,R06,2,2,2,0,0,18.8,0.0,82.3
2024-10-28,R06,3,3,3,0,0,28.9,0.0,70.8
2024-10-29,R06,2,3,2,0,0,29.0,4.0,100.0
2024-10-30,R06,2,3,2,0,0,23.4,2.4,100.0
2024-10-31,R06,3,3,3,0,0,28.4,0.0,75.4
2024-11-04,R06,3,3,3,0,0,33.2,0.0,81.4
2024-11-05,R06,3,2,3,0,1,18.8,0.0,46.1
2024-11-06,R06,2,2,2,0,0,23.5,0.0,86.4
2024-11-07,R06,4,2,4,0,2,24.9,0.0,45.8
2024-11-08,R06,2,2,2,0,0,18.9,0.0,69.5
2024-11-11,R06,3,3,3,0,0,27.6,0.0,67.6
2024-11-12,R06,2,3,2,0,0,28.2,3.2,100.0
2024-11-13,R06,3,3,3,0,0,23.7,0.0,65.9
2024-11-14,R06,2,1,2,0,1,10.5,0.0,38.6
2024-11-15,R06,1,3,1,1,0,30.0,5.0,100.0
2024-11-18,R06,4,2,4,0,2,19.6,0.0,36.0
2024-11-19,R06,2,3,2,0,0,26.3,1.3,96.7
2024-11-20,R06,2,3,2,1,0,29.3,0.0,74.9
2024-11-21,R06,2,3,2,0,0,28.3,3.3,100.0
2024-11-22,R06,2,2,2,0,0,16.0,0.0,70.9
2024-11-25,R06,3,3,3,0,0,27.9,0.0,68.4
2024-11-26,R06,3,3,3,0,0,27.9,0.0,68.4
2024-11-27,R06,3,2,3,0,1,17.7,0.0,43.4
2024-11-28,R06,2,3,2,0,0,37.4,12.4,100.0
2024-11-29,R06,1,3,1,1,0,15.5,2.9,100.0
2024-12-02,R06,3,2,3,0,1,16.5,0.0,40.4
2024-12-03,R06,3,3,3,0,0,27.3,0.0,66.9
2024-12-04,R06,2,2,2,0,0,20.7,0.0,76.1
2024-12-05,R06,2,2,2,0,0,20.5,0.0,75.4
2024-12-06,R06,2,1,2,0,1,8.5,0.0,31.3
2024-12-09,R06,3,2,3,0,1,18.4,0.0,45.1
2024-12-10,R06,3,2,3,0,1,20.1,0.0,49.3
2024-12-11,R06,2,3,2,0,0,28.1,3.1,100.0
2024-12-12,R06,2,2,2,0,0,19.7,0.0,83.7
2024-12-13,R06,2,2,2,0,0,15.7,0.0,57.7
2024-12-16,R06,2,2,2,0,0,24.0,0.0,88.2
2024-12-17,R06,2,3,2,0,0,25.1,0.1,92.3
2024-12-18,R06,3,2,3,0,1,17.6,0.0,43.3
2024-12-19,R06,2,2,2,0,0,21.4,0.0,78.7
2024-12-20,R06,1,2,1,0,0,14.5,2.0,100.0
2024-12-23,R06,2,2,2,0,0,14.7,0.0,54.0
2024-12-24,R06,3,2,3,0,1,17.6,0.0,43.1
2024-12-27,R06,2,1,2,0,1,5.2,0.0,19.1
2024-12-30,R06,3,2,3,0,1,14.2,0.0,34.8
2024-12-31,R06,2,3,2,0,0,26.1,1.1,96.0
2025-01-02,R06,2,2,2,0,0,18.3,0.0,67.3
2025-01-03,R06,1,2,1,1,0,17.8,0.0,65.4
2025-01-07,R06,2,2,2,0,0,23.0,0.0,84.6
2025-01-08,R06,2,2,2,0,0,21.8,0.0,80.1
2025-01-09,R06,2,3,2,0,0,29.2,4.2,100.0
2025-01-10,R06,1,2,1,0,0,14.3,6.0,100.0
2025-01-13,R06,3,2,3,0,1,17.8,0.0,43.6
2025-01-14,R06,3,3,3,0,0,26.3,0.0,64.5
2025-01-15,R06,1,2,1,0,0,23.2,10.7,100.0
2025-01-16,R06,3,3,3,0,0,16.0,0.0,65.4
2025-01-17,R06,2,1,2,0,1,9.6,0.0,35.3
2025-01-20,R06,3,2,3,0,1,24.7,0.0,60.5
2025-01-21,R06,3,2,3,0,1,20.7,0.0,50.7
2025-01-22,R06,2,3,2,0,0,27.5,2.5,100.0
2025-01-23,R06,4,2,4,0,2,22.1,0.0,45.2
2025-01-24,R06,1,3,1,0,0,26.0,13.5,100.0
2025-01-27,R06,3,4,3,0,0,27.7,3.7,67.9
2025-01-28,R06,3,3,3,0,0,22.0,0.0,62.9
2025-01-29,R06,3,2,3,0,1,22.5,0.0,55.1
2025-01-30,R06,3,2,3,0,1,21.3,0.0,52.2
2025-01-31,R06,2,3,2,0,0,28.3,3.3,100.0
2025-02-03,R06,3,3,3,0,0,29.7,0.0,72.8
2025-02-04,R06,2,3,2,1,0,32.6,0.0,79.9
2025-02-05,R06,2,3,2,0,0,29.7,4.7,100.0
2025-02-06,R06,2,2,2,0,0,18.3,0.0,84.5
2025-02-07,R06,3,2,3,0,1,20.1,0.0,49.3
2025-02-10,R06,3,2,3,0,1,24.2,0.0,59.3
2025-02-11,R06,2,3,2,0,0,26.0,1.0,95.6
2025-02-12,R06,3,2,3,0,1,21.1,0.0,54.1
2025-02-13,R06,2,3,2,1,0,34.9,0.0,85.5
2025-02-14,R06,2,2,2,0,0,22.1,0.0,81.2
2025-02-17,R06,3,2,3,0,1,24.6,0.0,60.3
2025-02-18,R06,3,2,3,0,1,24.1,0.0,59.1
2025-02-19,R06,2,2,2,0,0,19.0,0.0,69.9
2025-02-20,R06,2,2,2,0,0,22.8,0.0,83.8
2025-02-21,R06,1,2,1,1,0,20.2,0.0,74.3
2025-02-24,R06,2,3,2,0,0,26.4,1.4,97.1
2025-02-25,R06,3,2,3,0,1,20.8,0.0,54.4
2025-02-26,R06,3,2,3,0,1,17.3,0.0,42.4
2025-02-27,R06,2,2,2,0,0,21.4,0.0,78.7
2025-02-28,R06,2,2,2,0,0,16.8,0.0,61.8
2025-03-03,R06,3,2,3,0,1,19.9,0.0,48.8
2025-03-04,R06,2,3,2,0,0,28.4,3.4,100.0
2025-03-05,R06,2,3,2,0,0,25.3,3.7,100.0
2025-03-06,R06,2,2,2,0,0,20.9,0.0,90.3
2025-03-07,R06,2,2,2,0,0,18.5,0.0,68.0
2025-03-10,R06,2,2,2,0,0,19.9,0.0,73.2
2025-03-11,R06,2,3,2,1,0,31.8,0.0,77.9
2025-03-12,R06,2,3,2,0,0,27.8,2.8,100.0
2025-03-13,R06,2,3,2,1,0,30.5,0.0,81.6
2025-03-14,R06,2,1,2,0,1,11.9,0.0,43.7
2025-03-17,R06,2,3,2,0,0,28.3,3.3,100.0
2025-03-18,R06,3,3,3,0,0,27.1,0.0,74.5
2025-03-19,R06,3,3,3,0,0,31.0,0.0,76.0
2025-03-20,R06,3,2,3,0,1,23.5,0.0,57.6
2025-03-21,R06,1,1,1,0,0,11.5,0.0,84.6
2025-03-24,R06,3,3,3,0,0,26.4,0.0,64.7
2025-03-25,R06,3,2,3,0,1,22.6,0.0,55.4
2025-03-26,R06,3,2,3,0,1,24.6,0.0,60.3
2025-03-27,R06,2,2,2,0,0,22.8,0.0,83.8
2025-03-28,R06,1,2,1,0,0,13.5,1.0,99.3
2025-03-31,R06,3,3,3,0,0,30.8,0.0,75.5
2025-04-01,R06,3,2,3,0,1,15.9,0.0,39.0
2025-04-02,R06,2,3,2,0,0,26.5,1.5,97.4
2025-04-03,R06,2,2,2,0,0,20.3,0.0,80.1
2025-04-04,R06,2,2,2,0,0,20.4,0.0,75.0
2025-04-07,R06,4,3,4,0,1,28.6,0.0,52.6
2025-04-08,R06,2,3,2,0,0,28.1,3.1,100.0
2025-04-09,R06,3,2,3,0,1,21.2,0.0,59.5
2025-04-10,R06,2,3,2,1,0,30.9,0.0,75.7
2025-04-11,R06,2,2,2,0,0,20.7,0.0,76.1
2025-04-14,R06,2,2,2,0,0,19.6,0.0,72.1
2025-04-15,R06,2,3,2,0,0,25.1,0.1,92.3
2025-04-16,R06,3,2,3,0,1,19.1,0.0,47.0
2025-04-17,R06,3,3,3,0,0,28.4,0.0,69.6
2025-04-22,R06,3,3,3,0,0,26.2,0.0,64.2
2025-04-23,R06,2,2,2,0,0,25.0,0.0,91.9
2025-04-24,R06,3,3,3,0,0,32.4,0.0,79.4
2025-04-25,R06,1,2,1,0,0,14.7,2.2,100.0
2025-04-28,R06,2,3,2,0,0,26.3,3.5,96.7
2025-04-29,R06,3,3,3,0,0,26.4,0.0,73.2
2025-04-30,R06,2,2,2,0,0,16.7,0.0,61.4
2025-05-02,R06,2,1,2,0,1,10.5,0.0,38.6
2025-05-05,R06,3,3,3,0,0,25.5,0.0,62.5
2025-05-06,R06,3,3,3,0,0,32.7,0.0,80.1
2025-05-07,R06,3,3,3,0,0,32.3,0.0,79.2
2025-05-08,R06,3,3,3,0,0,27.3,0.0,66.9
2025-05-09,R06,1,2,1,1,0,20.1,0.0,73.9
2025-05-12,R06,4,2,4,0,2,24.6,0.0,45.2
2025-05-13,R06,3,3,3,0,0,33.5,0.0,82.1
2025-05-14,R06,2,3,2,0,0,26.6,1.6,97.8
2025-05-15,R06,3,3,3,0,0,24.9,0.0,64.9
2025-05-16,R06,2,2,2,0,0,17.4,0.0,64.0
2025-05-19,R06,2,3,2,0,0,26.7,1.7,98.2
2025-05-20,R06,3,3,3,0,0,26.9,0.0,70.0
2025-05-21,R06,3,2,3,0,1,23.8,0.0,58.3
2025-05-22,R06,2,3,2,0,0,30.6,5.6,100.0
2025-05-23,R06,2,3,2,0,0,24.0,4.6,100.0
2025-05-26,R06,3,4,3,0,0,34.2,1.2,83.8
2025-05-27,R06,3,2,3,0,1,21.7,0.0,56.2
2025-05-28,R06,3,2,3,0,1,22.2,0.0,54.4
2025-05-30,R06,2,2,2,0,0,14.4,0.0,52.9
2025-06-02,R06,4,4,4,0,0,39.2,0.0,72.1
2025-06-03,R06,2,2,2,0,0,21.4,0.0,78.7
2025-06-04,R06,3,3,3,0,0,26.0,0.0,63.7
2025-06-05,R06,3,3,3,0,0,33.2,0.0,81.4
2025-06-06,R06,2,2,2,0,0,23.7,0.0,87.1
2025-06-10,R06,2,3,2,0,0,27.9,2.9,100.0
2025-06-11,R06,3,2,3,0,1,18.3,0.0,51.9
2025-06-12,R06,2,3,2,0,0,25.8,0.8,94.9
2025-06-13,R06,3,2,3,0,1,14.3,0.0,37.0
2025-06-16,R06,3,3,3,0,0,30.3,0.0,74.3
2025-06-17,R06,3,3,3,0,0,26.4,0.0,64.7
2025-06-18,R06,3,2,3,0,1,23.3,0.0,57.1
2025-06-20,R06,2,1,2,0,1,12.3,0.0,45.2
2025-06-23,R06,4,3,4,0,1,33.4,0.0,61.4
2025-06-24,R06,4,3,4,0,1,29.6,0.0,54.4
2025-06-25,R06,2,3,2,0,0,27.0,2.0,99.3
2025-06-26,R06,3,3,3,0,0,34.4,0.0,89.2
2025-06-27,R06,1,1,1,0,0,12.0,0.0,88.2
2025-06-30,R06,3,3,3,0,0,30.3,0.0,74.3
2025-07-01,R06,3,2,3,0,1,20.2,0.0,49.5
2025-07-02,R06,3,2,3,0,1,14.8,0.0,36.3
2025-07-03,R06,3,3,3,0,0,34.7,0.0,85.0
2025-07-04,R06,1,2,1,0,0,17.3,4.8,100.0
2025-07-07,R06,3,3,3,0,0,25.7,0.0,63.0
2025-07-08,R06,2,4,2,1,0,39.2,1.7,96.1
2025-07-09,R06,3,3,3,0,0,27.4,0.0,71.2
2025-07-10,R06,3,3,3,0,0,32.1,0.0,78.7
2025-07-11,R06,1,2,1,0,0,16.5,4.0,100.0
2025-07-14,R06,4,3,4,0,1,29.2,0.0,53.7
2025-07-15,R06,3,3,3,0,0,25.9,0.0,63.5
2025-07-16,R06,2,2,2,0,0,13.0,0.0,47.8
2025-07-17,R06,3,3,3,0,0,26.4,0.0,64.7
2025-07-18,R06,2,2,2,0,0,20.4,0.0,75.0
2025-07-21,R06,4,3,4,0,1,29.6,0.0,54.4
2025-07-22,R06,3,2,3,0,1,23.5,0.0,57.6
2025-07-23,R06,3,2,3,0,1,22.4,0.0,54.9
2025-07-24,R06,3,3,3,0,0,33.4,0.0,81.9
2025-07-25,R06,2,1,2,0,1,11.2,0.0,41.2
2025-07-28,R06,3,2,3,0,1,23.7,0.0,58.1
2025-07-29,R06,2,3,2,1,0,33.7,0.0,82.6
2025-07-30,R06,2,2,2,0,0,15.4,0.0,56.6
2025-07-31,R06,3,2,3,0,1,14.0,0.0,34.3
2025-08-01,R06,1,2,1,1,0,17.9,0.0,65.8
2025-08-04,R06,2,1,2,0,1,11.8,0.0,43.4
2025-08-05,R06,3,2,3,0,1,19.7,0.0,48.3
2025-08-06,R06,2,1,2,0,1,12.0,0.0,44.1
2025-08-07,R06,3,1,3,0,2,9.7,0.0,23.8
2025-08-08,R06,1,2,1,0,0,17.2,4.7,100.0
2025-08-11,R06,2,2,2,0,0,16.2,0.0,59.6
2025-08-12,R06,2,3,2,0,0,29.4,4.4,100.0
2025-08-13,R06,2,2,2,0,0,16.5,0.0,76.8
2025-08-14,R06,2,2,2,0,0,23.0,0.0,84.6
2025-08-15,R06,2,1,2,0,1,9.0,0.0,33.1
2025-08-18,R06,2,1,2,0,1,9.1,0.0,33.5
2025-08-19,R06,3,3,3,0,0,37.2,0.0,91.2
2025-08-20,R06,2,2,2,0,0,18.3,0.0,67.3
2025-08-21,R06,3,2,3,0,1,24.7,0.0,60.5
2025-08-22,R06,1,2,1,1,0,20.2,0.0,74.3
2025-08-25,R06,2,2,2,0,0,20.0,0.0,73.5
2025-08-26,R06,3,3,3,0,0,26.3,0.0,64.5
2025-08-27,R06,2,2,2,0,0,23.3,0.0,85.7
2025-08-28,R06,2,3,2,0,0,32.5,7.5,100.0
2025-08-29,R06,1,3,1,1,0,19.8,2.3,100.0
2025-09-01,R06,2,2,2,0,0,16.2,0.0,59.6
2025-09-02,R06,2,2,2,0,0,19.9,0.0,73.2
2025-09-03,R06,2,2,2,0,0,15.3,0.0,56.2
2025-09-04,R06,3,2,3,0,1,21.8,0.0,53.4
2025-09-05,R06,2,1,2,0,1,11.1,0.0,40.8
2025-09-08,R06,2,2,2,0,0,22.9,0.0,84.2
2025-09-09,R06,2,2,2,0,0,19.4,0.0,71.3
2025-09-10,R06,2,2,2,0,0,14.6,0.0,53.7
2025-09-11,R06,2,2,2,0,0,18.5,0.0,68.0
2025-09-12,R06,2,2,2,0,0,13.4,0.0,49.3
2025-09-15,R06,3,2,3,0,1,24.4,0.0,59.8
2025-09-16,R06,2,2,2,0,0,18.7,0.0,68.8
2025-09-17,R06,2,2,2,0,0,17.4,0.0,64.0
2025-09-18,R06,2,2,2,0,0,23.3,0.0,85.7
2025-09-19,R06,2,2,2,0,0,18.3,0.0,67.3
2025-09-22,R06,2,3,2,0,0,29.4,4.4,100.0
2025-09-23,R06,1,4,1,2,0,39.3,6.1,100.0
2025-09-24,R06,2,3,2,1,0,31.0,0.0,91.0
2025-09-25,R06,2,2,2,0,0,23.5,0.0,86.4
2025-09-26,R06,2,2,2,0,0,15.0,0.0,55.1
2025-09-29,R06,2,3,2,0,0,28.4,3.4,100.0
2025-09-30,R06,4,3,4,0,1,23.4,0.0,49.2
2025-10-01,R06,3,3,3,0,0,25.4,0.0,62.3
2025-10-02,R06,1,3,1,2,0,36.8,0.0,90.2
2025-10-06,R06,3,3,3,0,0,27.8,0.0,68.1
2025-10-07,R06,3,2,3,0,1,17.8,0.0,43.6
2025-10-08,R06,3,3,3,0,0,25.8,0.0,63.2
2025-10-09,R06,2,3,2,0,0,25.3,0.3,93.0
2025-10-10,R06,1,2,1,0,0,12.7,0.5,95.4
2025-10-13,R06,4,3,4,0,1,27.9,0.0,51.3
2025-10-14,R06,3,3,3,0,0,28.2,0.0,69.1
2025-10-15,R06,4,2,4,0,2,16.0,0.0,29.4
2025-10-16,R06,4,2,4,0,2,24.0,0.0,44.1
2025-10-17,R06,2,2,2,0,0,13.4,0.0,49.3
2025-10-20,R06,3,3,3,0,0,26.9,0.0,65.9
2025-10-21,R06,2,2,2,0,0,18.3,0.0,67.3
2025-10-22,R06,2,2,2,0,0,17.9,0.0,65.8
2025-10-23,R06,2,3,2,0,0,25.1,0.1,92.3
2025-10-24,R06,2,1,2,0,1,12.0,0.0,44.4
2025-10-27,R06,3,2,3,0,1,22.5,0.0,55.1
2025-10-28,R06,3,2,3,0,1,20.4,0.0,50.0
2025-10-29,R06,3,2,3,0,1,18.7,0.0,45.8
2025-10-30,R06,2,3,2,0,0,27.5,2.5,100.0
2025-10-31,R06,1,2,1,1,0,20.5,0.0,84.5
2025-11-03,R06,3,2,3,0,1,24.6,0.0,60.3
2025-11-04,R06,2,3,2,0,0,26.5,1.5,97.4
2025-11-05,R06,2,2,2,0,0,21.8,0.0,85.6
2025-11-06,R06,3,2,3,0,1,20.7,0.0,50.7
2025-11-07,R06,1,2,1,0,0,16.1,3.6,100.0
2025-11-10,R06,3,3,3,0,0,24.1,0.0,59.1
2025-11-11,R06,3,3,3,0,0,28.5,0.0,69.9
2025-11-12,R06,1,2,1,1,0,22.2,0.0,81.6
2025-11-13,R06,2,2,2,0,0,16.9,0.0,62.1
2025-11-14,R06,2,1,2,0,1,11.8,0.0,43.4
2025-11-17,R06,2,3,2,0,0,30.4,5.4,100.0
2025-11-18,R06,3,2,3,0,1,18.4,0.0,58.3
2025-11-19,R06,3,2,3,0,1,16.3,0.0,40.0
2025-11-20,R06,2,3,2,0,0,25.9,0.9,95.2
2025-11-21,R06,2,2,2,0,0,15.3,0.0,59.5
2025-11-24,R06,3,3,3,0,0,27.8,0.0,68.1
2025-11-25,R06,3,2,3,0,1,22.4,0.0,54.9
2025-11-26,R06,2,2,2,0,0,19.7,0.0,72.4
2025-11-27,R06,3,2,3,0,1,18.6,0.0,45.6
2025-11-28,R06,2,2,2,0,0,17.1,0.0,62.9
2025-12-01,R06,3,2,3,0,1,21.4,0.0,52.5
2025-12-02,R06,2,3,2,0,0,29.3,4.3,100.0
2025-12-03,R06,2,4,2,1,0,33.7,0.4,93.1
2025-12-04,R06,3,2,3,0,1,18.2,0.0,45.7
2025-12-05,R06,1,2,1,1,0,23.3,0.0,85.7
2025-12-08,R06,3,2,3,0,1,23.8,0.0,58.3
2025-12-09,R06,3,2,3,0,1,19.3,0.0,47.3
2025-12-10,R06,3,2,3,0,1,22.0,0.0,53.9
2025-12-11,R06,2,2,2,0,0,17.7,0.0,65.1
2025-12-12,R06,1,2,1,0,0,15.8,3.3,100.0
2025-12-15,R06,3,2,3,0,1,21.4,0.0,52.5
2025-12-16,R06,2,3,2,0,0,25.4,0.4,93.4
2025-12-17,R06,3,2,3,0,1,17.4,0.0,43.6
2025-12-18,R06,2,2,2,0,0,21.2,0.0,77.9
2025-12-19,R06,2,1,2,0,1,9.5,0.0,34.9
2025-12-22,R06,2,1,2,0,1,11.9,0.0,43.8
2025-12-23,R06,2,2,2,0,0,13.3,0.0,48.9
2025-12-24,R06,2,1,2,0,1,9.2,0.0,33.8
2025-12-29,R06,2,1,2,0,1,12.2,0.0,44.9
2025-12-30,R06,3,2,3,0,1,13.3,0.0,32.6
2025-12-31,R06,1,1,1,0,0,4.2,0.0,30.9
2026-01-02,R06,1,1,1,0,0,2.6,0.0,19.1
2026-01-05,R06,1,2,1,0,0,15.0,2.5,100.0
2026-01-07,R06,1,2,1,0,0,21.3,11.3,100.0
2026-01-08,R06,3,3,3,0,0,21.0,0.0,79.1
2026-01-09,R06,1,2,1,0,0,15.8,3.3,100.0
2026-01-12,R06,1,2,1,0,0,18.2,9.0,100.0
2026-01-13,R06,3,3,3,0,0,21.4,0.0,74.5
2026-01-14,R06,2,2,2,0,0,20.7,0.0,76.1
2026-01-15,R06,3,2,3,0,1,23.3,0.0,57.1
2026-01-16,R06,1,2,1,1,0,19.1,0.0,70.2
2026-01-19,R06,3,2,3,0,1,23.0,0.0,56.4
2026-01-20,R06,3,2,3,0,1,19.6,0.0,48.0
2026-01-21,R06,2,3,2,0,0,26.2,1.2,96.3
2026-01-22,R06,2,2,2,0,0,20.7,0.0,80.4
2026-01-23,R06,2,2,2,0,0,13.5,0.0,49.6
2026-01-26,R06,3,2,3,0,1,21.5,0.0,52.7
2026-01-27,R06,2,2,2,0,0,21.1,0.0,77.6
2026-01-28,R06,3,2,3,0,1,16.5,0.0,40.4
2026-01-29,R06,2,2,2,0,0,22.3,0.0,82.0
2026-01-30,R06,1,2,1,0,0,17.2,4.7,100.0
2026-02-02,R06,2,3,2,0,0,20.6,0.3,75.7
2026-02-03,R06,2,2,2,0,0,19.2,0.0,71.6
2026-02-04,R06,2,2,2,0,0,13.9,0.0,51.1
2026-02-05,R06,2,2,2,0,0,21.3,0.0,78.3
2026-02-06,R06,2,2,2,0,0,12.6,0.0,46.3
2026-02-09,R06,3,2,3,0,1,18.6,0.0,45.6
2026-02-10,R06,3,2,3,0,1,21.8,0.0,53.4
2026-02-11,R06,2,2,2,0,0,15.2,0.0,55.9
2026-02-12,R06,2,3,2,0,0,25.1,0.1,92.3
2026-02-13,R06,2,2,2,0,0,17.0,0.0,62.8
2026-02-16,R06,2,3,2,0,0,28.1,3.1,100.0
2026-02-17,R06,2,2,2,0,0,17.9,0.0,77.1
2026-02-18,R06,2,2,2,0,0,20.7,0.0,76.1
2026-02-19,R06,2,2,2,0,0,21.3,0.0,78.3
2026-02-20,R06,2,1,2,0,1,11.5,0.0,42.3
2026-02-23,R06,3,2,3,0,1,24.0,0.0,58.8
2026-02-24,R06,2,4,2,1,0,39.8,2.3,97.5
2026-02-25,R06,2,3,2,0,0,30.6,7.8,100.0
2026-02-26,R06,2,3,2,0,0,18.8,1.6,97.9
2026-02-27,R06,2,2,2,0,0,16.6,0.0,67.0
2026-03-02,R06,3,2,3,0,1,22.7,0.0,55.6
2026-03-03,R06,4,2,4,0,2,24.6,0.0,45.2
2026-03-04,R06,3,2,3,0,1,20.1,0.0,49.3
2026-03-05,R06,2,2,2,0,0,20.8,0.0,76.5
2026-03-06,R06,1,2,1,0,0,13.7,1.2,100.0
2026-03-09,R06,2,3,2,0,0,25.2,1.4,92.6
2026-03-10,R06,3,2,3,0,1,23.6,0.0,61.2
2026-03-11,R06,2,3,2,0,0,25.6,0.6,94.1
2026-03-12,R06,3,2,3,0,1,20.7,0.0,52.1
2026-03-13,R06,2,2,2,0,0,16.3,0.0,59.9
2026-03-16,R06,3,3,3,0,0,34.4,0.0,84.3
2026-03-17,R06,3,3,3,0,0,28.5,0.0,69.9
2026-03-18,R06,3,2,3,0,1,16.9,0.0,41.4
2026-03-19,R06,2,2,2,0,0,22.1,0.0,81.3
2026-03-20,R06,1,2,1,0,0,17.3,4.8,100.0
2026-03-23,R06,4,3,4,0,1,25.9,0.0,47.6
2026-03-24,R06,3,3,3,0,0,29.8,0.0,73.0
2026-03-25,R06,2,3,2,0,0,26.0,1.0,95.6
2026-03-26,R06,2,2,2,0,0,18.6,0.0,72.0
2026-03-27,R06,2,2,2,0,0,16.5,0.0,60.7
2026-03-30,R06,3,3,3,0,0,28.2,0.0,69.1
2026-03-31,R06,2,2,2,0,0,24.9,0.0,91.5
2026-04-01,R06,3,2,3,0,1,21.8,0.0,53.4
2026-04-02,R06,2,3,2,0,0,27.3,2.3,100.0
2026-04-07,R06,3,3,3,0,0,24.3,0.0,59.6
2026-04-08,R06,2,2,2,0,0,24.7,0.0,90.8
2026-04-09,R06,3,2,3,0,1,23.0,0.0,56.4
2026-04-10,R06,1,2,1,0,0,22.6,10.1,100.0
2026-04-13,R06,3,3,3,0,0,20.3,0.0,49.8
2026-04-14,R06,2,3,2,0,0,29.1,4.1,100.0
2026-04-15,R06,2,3,2,0,0,25.3,4.4,100.0
2026-04-16,R06,2,3,2,1,0,30.3,0.0,84.9
2026-04-17,R06,2,1,2,0,1,12.3,0.0,45.2
2026-04-20,R06,3,2,3,0,1,24.7,0.0,60.5
2026-04-21,R06,4,3,4,0,1,35.1,0.0,64.5
2026-04-22,R06,2,2,2,0,0,24.5,0.0,90.1
2026-04-23,R06,3,1,3,0,2,10.8,0.0,26.5
2026-04-24,R06,2,3,2,0,0,27.1,2.1,99.6
2026-04-27,R06,3,3,3,0,0,23.7,0.0,58.1
2026-04-28,R06,3,3,3,0,0,31.4,0.0,77.0
2026-04-29,R06,2,2,2,0,0,21.8,0.0,80.1
2026-04-30,R06,1,3,1,1,0,27.1,2.1,99.6
2026-05-04,R06,3,2,3,0,1,20.7,0.0,50.7
2026-05-05,R06,3,2,3,0,1,24.4,0.0,59.8
2026-05-06,R06,3,2,3,0,1,17.3,0.0,42.4
2026-05-07,R06,3,3,3,0,0,26.6,0.0,65.2
2026-05-08,R06,2,2,2,0,0,19.8,0.0,72.8
2026-05-11,R06,3,2,3,0,1,23.5,0.0,57.6
2026-05-12,R06,2,3,2,1,0,31.3,0.0,76.7
2026-05-13,R06,2,3,2,1,0,31.2,0.0,76.5
2026-05-15,R06,1,1,1,0,0,12.1,0.0,89.0
2026-05-18,R06,3,2,3,0,1,24.7,0.0,60.5
2026-05-19,R06,3,3,3,0,0,32.4,0.0,79.4
2026-05-20,R06,3,2,3,0,1,22.7,0.0,55.6
2026-05-21,R06,3,3,3,0,0,28.3,0.0,69.4
2026-05-22,R06,1,2,1,0,0,12.8,0.3,94.1
2026-05-26,R06,3,3,3,0,0,32.1,0.0,78.7
2026-05-27,R06,2,2,2,0,0,21.9,0.0,80.5
2026-05-28,R06,3,2,3,0,1,22.3,0.0,54.7
2026-05-29,R06,2,2,2,0,0,21.4,0.0,78.7
2026-06-01,R06,3,2,3,0,1,16.7,0.0,40.9
2026-06-02,R06,2,3,2,0,0,31.8,6.8,100.0
2026-06-03,R06,2,4,2,1,0,31.4,0.6,93.6
2026-06-05,R06,2,2,2,0,0,12.5,0.0,46.0
2026-06-08,R06,2,3,2,0,0,25.9,0.9,95.2
2026-06-09,R06,3,3,3,0,0,30.5,0.0,76.9
2026-06-10,R06,3,2,3,0,1,18.0,0.0,44.1
2026-06-11,R06,3,3,3,0,0,29.5,0.0,72.3
2026-06-12,R06,2,2,2,0,0,23.5,0.0,86.4
2026-06-15,R06,3,3,3,0,0,31.8,0.0,77.9
2026-06-16,R06,3,3,3,0,0,27.4,0.0,67.2
2026-06-17,R06,3,2,3,0,1,21.4,0.0,52.5
2026-06-18,R06,3,3,3,0,0,33.0,0.0,80.9
2026-06-19,R06,1,2,1,0,0,13.0,0.5,95.6
2026-06-22,R06,4,2,4,0,2,23.0,0.0,42.3
2026-06-23,R06,3,3,3,0,0,34.9,0.0,85.5
2026-06-24,R06,2,2,2,0,0,23.8,0.0,87.5
2026-06-25,R06,3,4,3,1,0,43.5,0.0,80.0
2026-06-26,R06,2,2,2,0,0,15.9,0.0,58.5
2026-06-29,R06,3,2,3,0,1,23.1,0.0,56.6
2026-06-30,R06,2,3,2,1,0,36.3,0.0,89.0
2026-07-01,R06,2,2,2,0,0,17.8,0.0,65.4
2026-07-02,R06,4,2,4,0,2,19.5,0.0,35.8
2026-07-03,R06,3,2,3,0,1,19.6,0.0,48.0
2026-07-06,R06,2,2,2,0,0,24.4,0.0,89.7
2026-07-07,R06,4,2,4,0,2,19.5,0.0,35.8
2026-07-08,R06,2,3,2,0,0,26.6,1.6,97.8
2026-07-09,R06,3,2,3,0,1,23.2,0.0,60.7
2026-07-10,R06,2,2,2,0,0,18.9,0.0,69.5
2026-07-13,R06,3,3,3,0,0,31.8,0.0,77.9
2026-07-14,R06,2,2,2,0,0,24.5,0.0,90.1
2026-07-15,R06,2,3,2,0,0,29.2,4.2,100.0
2026-07-16,R06,3,3,3,0,0,26.2,0.0,74.5
2026-07-17,R06,1,2,1,1,0,22.9,0.0,84.2
2026-07-20,R06,3,2,3,0,1,24.9,0.0,61.0
2026-07-21,R06,2,2,2,0,0,16.3,0.0,59.9
2026-07-22,R06,3,2,3,0,1,19.0,0.0,46.6
2026-07-23,R06,3,2,3,0,1,21.1,0.0,51.7
2026-07-24,R06,1,2,1,0,0,14.5,2.0,100.0
2026-07-27,R06,2,3,2,0,0,24.2,1.2,89.0
2026-07-28,R06,1,2,1,1,0,19.1,0.0,74.5
2026-07-29,R06,2,3,2,0,0,27.9,2.9,100.0
2026-07-30,R06,2,3,2,0,0,25.2,3.1,100.0
2026-07-31,R06,2,2,2,0,0,17.1,0.0,74.1
2026-08-03,R06,2,3,2,0,0,26.1,1.1,96.0
2026-08-04,R06,2,2,2,0,0,18.1,0.0,70.5
2026-08-05,R06,3,2,3,0,1,15.7,0.0,38.5
2026-08-06,R06,2,2,2,0,0,19.8,0.0,72.8
2026-08-07,R06,2,2,2,0,0,14.3,0.0,52.6
2026-08-10,R06,3,3,3,0,0,27.0,0.0,66.2
2026-08-11,R06,3,2,3,0,1,14.8,0.0,36.3
2026-08-12,R06,2,2,2,0,0,16.7,0.0,61.4
2026-08-13,R06,3,2,3,0,1,18.2,0.0,44.6
2026-08-14,R06,1,1,1,0,0,10.2,0.0,75.0
2026-08-17,R06,2,2,2,0,0,16.1,0.0,59.2
2026-08-18,R06,2,2,2,0,0,13.8,0.0,50.7
2026-08-19,R06,2,1,2,0,1,9.9,0.0,36.4
2026-08-20,R06,2,2,2,0,0,18.1,0.0,66.5
2026-08-21,R06,2,1,2,0,1,6.8,0.0,25.0
2026-08-24,R06,2,2,2,0,0,18.9,0.0,69.5
2026-08-25,R06,2,2,2,0,0,16.4,0.0,60.3
2026-08-26,R06,1,2,1,0,0,14.9,2.4,100.0
2026-08-27,R06,2,2,2,0,0,22.5,0.0,91.5
2026-08-28,R06,1,1,1,0,0,6.8,0.0,50.0
2026-08-31,R06,2,2,2,0,0,24.0,0.0,88.2
2024-01-02,R07,4,4,4,0,0,47.5,0.0,87.3
2024-01-03,R07,2,2,2,0,0,17.2,0.0,63.2
2024-01-04,R07,3,4,3,0,0,42.7,5.2,100.0
2024-01-05,R07,3,3,3,0,0,30.3,0.0,86.9
2024-01-08,R07,2,2,2,0,0,23.7,0.0,87.1
2024-01-09,R07,4,4,4,0,0,48.9,0.0,89.9
2024-01-10,R07,3,3,3,0,0,33.9,0.0,83.1
2024-01-11,R07,4,5,4,0,0,55.3,5.3,100.0
2024-01-12,R07,3,3,3,0,0,24.0,0.0,71.7
2024-01-15,R07,2,3,2,0,0,27.2,2.2,100.0
2024-01-16,R07,4,5,4,1,0,54.8,0.0,83.8
2024-01-17,R07,2,2,2,0,0,19.9,0.0,73.2
2024-01-18,R07,5,3,5,0,2,35.0,0.0,51.5
2024-01-19,R07,3,4,3,1,0,42.8,0.0,78.7
2024-01-22,R07,3,3,3,0,0,36.1,0.0,88.5
2024-01-23,R07,5,6,5,1,0,71.1,0.0,87.1
2024-01-24,R07,3,2,3,0,1,24.1,0.0,59.1
2024-01-25,R07,3,5,3,1,0,51.6,1.6,94.9
2024-01-26,R07,4,3,4,0,1,23.5,0.0,46.1
2024-01-29,R07,4,2,4,0,2,24.9,0.0,45.8
2024-01-30,R07,6,6,6,0,0,65.9,0.0,80.8
2024-01-31,R07,2,2,2,0,0,24.4,0.0,89.7
2024-02-01,R07,5,6,5,0,0,63.2,0.6,92.9
2024-02-02,R07,3,2,3,0,1,17.6,0.0,44.7
2024-02-05,R07,3,3,3,0,0,36.5,0.0,89.5
2024-02-06,R07,5,5,5,0,0,55.9,0.0,82.2
2024-02-07,R07,2,3,2,0,0,25.1,0.1,92.3
2024-02-08,R07,6,4,6,0,2,48.3,0.0,59.3
2024-02-09,R07,2,3,2,0,0,29.7,4.7,100.0
2024-02-12,R07,3,3,3,0,0,29.9,0.0,73.3
2024-02-13,R07,5,6,5,0,0,65.9,3.3,96.9
2024-02-14,R07,3,4,3,0,0,38.7,4.5,100.0
2024-02-15,R07,5,6,5,0,0,61.0,2.9,96.3
2024-02-16,R07,3,3,3,0,0,30.4,0.0,81.7
2024-02-19,R07,3,2,3,0,1,21.9,0.0,53.7
2024-02-20,R07,5,6,5,0,0,65.3,2.7,96.0
2024-02-21,R07,4,3,4,0,1,30.8,0.0,61.7
2024-02-22,R07,5,4,5,0,1,49.4,0.0,72.6
2024-02-23,R07,3,3,3,0,0,25.6,0.0,62.7
2024-02-26,R07,3,3,3,0,0,28.9,0.0,70.8
2024-02-27,R07,6,4,6,0,2,44.2,0.0,54.2
2024-02-28,R07,3,2,3,0,1,23.3,0.0,57.1
2024-02-29,R07,5,6,5,1,0,68.6,0.0,84.1
2024-03-01,R07,2,1,2,0,1,11.7,0.0,43.0
2024-03-04,R07,3,3,3,0,0,29.8,0.0,73.0
2024-03-05,R07,5,5,5,0,0,54.5,0.0,80.1
2024-03-06,R07,3,2,3,0,1,24.0,0.0,58.8
2024-03-07,R07,6,5,6,0,1,56.3,0.0,69.0
2024-03-08,R07,2,3,2,0,0,25.7,0.7,94.5
2024-03-11,R07,4,3,4,0,1,29.8,0.0,54.8
2024-03-12,R07,4,4,4,0,0,50.0,0.0,91.9
2024-03-13,R07,2,2,2,0,0,18.0,0.0,66.2
2024-03-14,R07,5,6,5,0,0,68.4,5.8,100.0
2024-03-15,R07,2,3,2,0,0,24.1,4.9,100.0
2024-03-18,R07,3,3,3,0,0,32.4,0.0,79.4
2024-03-19,R07,4,5,4,1,0,58.8,0.0,86.5
2024-03-20,R07,2,3,2,0,0,25.7,0.7,94.5
2024-03-21,R07,6,5,6,0,1,61.0,0.0,75.6
2024-03-22,R07,3,2,3,0,1,15.0,0.0,36.8
2024-03-25,R07,4,3,4,0,1,29.2,0.0,53.7
2024-03-26,R07,5,4,5,0,1,48.9,0.0,71.9
2024-03-27,R07,3,2,3,0,1,23.1,0.0,56.6
2024-03-28,R07,5,7,5,0,0,76.8,14.2,100.0
2024-04-02,R07,4,6,4,2,0,56.9,0.0,69.7
2024-04-03,R07,2,3,2,1,0,32.9,0.0,80.6
2024-04-04,R07,6,4,6,0,2,47.0,0.0,57.6
2024-04-05,R07,2,2,2,0,0,24.1,0.0,88.6
2024-04-08,R07,4,3,4,0,1,36.0,0.0,66.2
2024-04-09,R07,5,6,5,0,0,68.2,5.6,100.0
2024-04-10,R07,3,3,3,0,0,21.2,0.0,65.8
2024-04-11,R07,5,7,5,1,0,78.4,3.3,96.1
2024-04-12,R07,2,3,2,0,0,23.6,1.9,99.0
2024-04-15,R07,3,3,3,0,0,27.0,0.0,66.2
2024-04-16,R07,6,4,6,0,2,48.4,0.0,59.3
2024-04-17,R07,3,3,3,0,0,32.1,0.0,78.7
2024-04-18,R07,6,5,6,0,1,56.2,0.0,68.9
2024-04-19,R07,2,2,2,0,0,19.4,0.0,71.3
2024-04-22,R07,4,2,4,0,2,24.6,0.0,45.2
2024-04-23,R07,5,5,5,0,0,50.7,0.0,74.6
2024-04-24,R07,3,2,3,0,1,21.8,0.0,53.4
2024-04-25,R07,6,5,6,0,1,51.2,0.0,62.7
2024-04-26,R07,2,2,2,0,0,15.3,0.0,56.2
2024-04-29,R07,3,3,3,0,0,32.3,0.0,79.2
2024-04-30,R07,4,7,4,0,0,86.2,36.2,100.0
2024-05-02,R07,5,7,5,0,0,51.3,24.9,75.4
2024-05-03,R07,2,4,2,0,0,21.0,20.9,100.0
2024-05-06,R07,3,5,3,1,0,33.0,3.8,60.7
2024-05-07,R07,6,5,6,0,1,55.3,0.0,72.5
2024-05-08,R07,2,4,2,1,0,38.9,1.4,95.3
2024-05-10,R07,2,2,2,0,0,12.6,0.0,46.3
2024-05-13,R07,4,3,4,0,1,27.0,0.0,49.6
2024-05-14,R07,5,5,5,0,0,52.9,0.0,77.8
2024-05-15,R07,4,2,4,0,2,17.8,0.0,32.7
2024-05-16,R07,7,4,7,0,3,45.1,0.0,47.4
2024-05-17,R07,2,3,2,0,0,28.9,3.9,100.0
2024-05-21,R07,4,5,4,1,0,53.1,0.0,78.1
2024-05-22,R07,3,2,3,0,1,18.2,0.0,44.6
2024-05-23,R07,4,4,4,0,0,41.3,0.0,75.9
2024-05-24,R07,2,2,2,0,0,12.8,0.0,47.1
2024-05-27,R07,3,3,3,0,0,28.2,0.0,69.1
2024-05-28,R07,5,5,5,0,0,55.8,0.0,82.1
2024-05-29,R07,2,3,2,1,0,31.3,0.0,76.7
2024-05-31,R07,2,1,2,0,1,11.5,0.0,42.3
2024-06-03,R07,3,3,3,0,0,35.9,0.0,88.0
2024-06-04,R07,5,4,5,0,1,41.9,0.0,61.6
2024-06-05,R07,3,3,3,0,0,30.8,0.0,75.5
2024-06-06,R07,4,4,4,0,0,42.4,0.0,77.9
2024-06-07,R07,1,2,1,0,0,18.1,5.6,100.0
2024-06-10,R07,3,3,3,0,0,30.9,0.0,75.7
2024-06-11,R07,5,5,5,0,0,58.6,0.0,86.2
2024-06-12,R07,3,2,3,0,1,21.6,0.0,52.9
2024-06-13,R07,4,4,4,0,0,49.7,0.0,91.4
2024-06-14,R07,1,2,1,1,0,24.9,0.0,91.5
2024-06-17,R07,3,3,3,0,0,29.3,0.0,71.8
2024-06-18,R07,4,4,4,0,0,45.1,0.0,82.9
2024-06-19,R07,2,3,2,0,0,28.4,3.4,100.0
2024-06-20,R07,5,6,5,0,0,60.0,0.8,93.2
2024-06-21,R07,1,2,1,1,0,19.5,0.0,74.7
2024-06-24,R07,4,2,4,0,2,24.4,0.0,44.9
2024-06-25,R07,4,6,4,1,0,66.0,3.4,97.1
2024-06-26,R07,3,3,3,0,0,25.9,0.0,71.9
2024-06-27,R07,5,5,5,0,0,52.3,0.0,76.9
2024-06-28,R07,1,2,1,0,0,18.8,6.3,100.0
2024-07-01,R07,2,3,2,0,0,23.5,4.8,86.4
2024-07-02,R07,5,6,5,0,0,57.9,0.1,92.2
2024-07-03,R07,3,3,3,0,0,28.2,0.0,69.4
2024-07-04,R07,5,5,5,0,0,61.0,0.0,89.7
2024-07-05,R07,2,2,2,0,0,17.1,0.0,62.9
2024-07-08,R07,3,3,3,0,0,29.0,0.0,71.1
2024-07-09,R07,6,5,6,0,1,51.2,0.0,62.7
2024-07-10,R07,2,3,2,0,0,31.6,6.6,100.0
2024-07-11,R07,5,5,5,0,0,53.6,0.0,88.5
2024-07-12,R07,2,3,2,0,0,27.4,2.4,100.0
2024-07-15,R07,3,3,3,0,0,24.8,0.0,60.8
2024-07-16,R07,5,5,5,0,0,58.5,0.0,86.0
2024-07-17,R07,3,2,3,0,1,21.3,0.0,52.2
2024-07-18,R07,5,4,5,0,1,48.1,0.0,70.7
2024-07-19,R07,2,2,2,0,0,17.2,0.0,63.2
2024-07-22,R07,3,2,3,0,1,20.7,0.0,50.7
2024-07-23,R07,5,5,5,0,0,52.1,0.0,76.6
2024-07-24,R07,2,2,2,0,0,22.9,0.0,84.2
2024-07-25,R07,5,4,5,0,1,46.5,0.0,68.4
2024-07-26,R07,2,2,2,0,0,18.2,0.0,66.9
2024-07-29,R07,3,3,3,0,0,28.3,0.0,69.4
2024-07-30,R07,5,4,5,0,1,41.3,0.0,60.7
2024-07-31,R07,2,2,2,0,0,21.1,0.0,77.6
2024-08-01,R07,3,2,3,0,1,22.2,0.0,54.4
2024-08-02,R07,2,1,2,0,1,8.7,0.0,32.0
2024-08-05,R07,3,2,3,0,1,20.7,0.0,50.7
2024-08-06,R07,3,3,3,0,0,27.0,0.0,66.2
2024-08-07,R07,2,2,2,0,0,15.2,0.0,55.9
2024-08-08,R07,2,3,2,0,0,28.9,3.9,100.0
2024-08-09,R07,1,2,1,0,0,9.1,0.5,95.4
2024-08-12,R07,2,2,2,0,0,19.0,0.0,69.9
2024-08-13,R07,4,3,4,0,1,29.4,0.0,54.0
2024-08-14,R07,2,1,2,0,1,11.9,0.0,43.7
2024-08-15,R07,3,2,3,0,1,21.8,0.0,53.4
2024-08-16,R07,2,2,2,0,0,15.3,0.0,56.2
2024-08-19,R07,2,3,2,1,0,30.9,0.0,75.7
2024-08-20,R07,3,3,3,0,0,37.4,0.0,91.7
2024-08-21,R07,2,2,2,0,0,24.8,0.0,91.2
2024-08-22,R07,2,4,2,1,0,47.5,10.0,100.0
2024-08-23,R07,2,3,2,0,0,18.0,2.9,100.0
2024-08-26,R07,3,3,3,0,0,22.7,0.0,55.6
2024-08-27,R07,3,4,3,1,0,49.4,0.0,90.8
2024-08-28,R07,1,3,1,1,0,29.3,4.3,100.0
2024-08-29,R07,4,5,4,0,0,50.6,4.8,100.0
2024-08-30,R07,2,3,2,1,0,28.7,0.0,82.2
2024-09-02,R07,3,3,3,0,0,32.3,0.0,79.2
2024-09-03,R07,3,4,3,1,0,46.7,0.0,85.8
2024-09-04,R07,2,2,2,0,0,24.2,0.0,89.0
2024-09-05,R07,3,5,3,1,0,54.7,4.7,100.0
2024-09-06,R07,3,3,3,0,0,22.1,0.0,65.6
2024-09-09,R07,3,4,3,0,0,39.4,1.9,96.6
2024-09-10,R07,4,6,4,0,0,61.8,13.6,100.0
2024-09-11,R07,2,4,2,1,0,31.0,7.1,100.0
2024-09-12,R07,5,6,5,1,0,61.5,0.0,84.0
2024-09-13,R07,2,3,2,0,0,29.2,4.2,100.0
2024-09-16,R07,4,3,4,0,1,32.8,0.0,60.3
2024-09-17,R07,5,4,5,0,1,42.5,0.0,62.5
2024-09-18,R07,3,2,3,0,1,24.2,0.0,59.3
2024-09-19,R07,6,6,6,0,0,73.7,0.0,90.3
2024-09-20,R07,3,3,3,0,0,29.9,0.0,73.3
2024-09-23,R07,4,3,4,0,1,31.9,0.0,58.6
2024-09-24,R07,4,4,4,0,0,48.1,0.0,88.4
2024-09-25,R07,2,2,2,0,0,16.7,0.0,61.4
2024-09-26,R07,6,5,6,0,1,50.1,0.0,61.4
2024-09-27,R07,2,3,2,0,0,26.9,1.9,98.9
2024-09-30,R07,4,3,4,0,1,24.5,0.0,45.0
2024-10-01,R07,4,6,4,1,0,65.5,2.9,96.3
2024-10-02,R07,2,3,2,1,0,29.2,0.0,78.8
2024-10-04,R07,3,1,3,0,2,11.8,0.0,28.9
2024-10-07,R07,3,3,3,0,0,28.8,0.0,70.6
2024-10-08,R07,5,5,5,0,0,53.0,0.0,77.9
2024-10-09,R07,3,2,3,0,1,22.7,0.0,55.6
2024-10-10,R07,5,4,5,0,1,50.0,0.0,73.5
2024-10-11,R07,1,2,1,1,0,18.4,0.0,67.6
2024-10-14,R07,4,3,4,0,1,27.5,0.0,50.6
2024-10-15,R07,5,6,5,0,0,62.8,0.2,92.4
2024-10-16,R07,3,3,3,0,0,26.0,0.0,64.3
2024-10-17,R07,4,4,4,0,0,48.7,0.0,89.5
2024-10-18,R07,1,2,1,0,0,19.8,7.3,100.0
2024-10-21,R07,3,3,3,0,0,29.5,0.0,72.3
2024-10-22,R07,6,5,6,0,1,55.9,0.0,68.5
2024-10-23,R07,3,2,3,0,1,14.2,0.0,34.8
2024-10-24,R07,4,4,4,0,0,48.1,0.0,88.4
2024-10-25,R07,2,2,2,0,0,20.2,0.0,74.3
2024-10-28,R07,4,3,4,0,1,31.7,0.0,58.3
2024-10-29,R07,6,5,6,0,1,59.5,0.0,72.9
2024-10-30,R07,3,3,3,0,0,28.9,0.0,70.8
2024-10-31,R07,3,5,3,0,0,60.9,23.4,100.0
2024-11-04,R07,4,5,4,1,0,35.0,0.0,51.5
2024-11-05,R07,5,6,5,0,0,62.9,0.3,92.5
2024-11-06,R07,3,2,3,0,1,24.0,0.0,59.7
2024-11-07,R07,4,5,4,0,0,50.7,0.7,93.2
2024-11-08,R07,2,2,2,0,0,19.0,0.0,72.3
2024-11-11,R07,5,3,5,0,2,27.6,0.0,40.6
2024-11-12,R07,5,6,5,0,0,65.3,2.7,96.0
2024-11-13,R07,2,3,2,1,0,33.0,0.0,87.6
2024-11-14,R07,5,3,5,0,2,29.3,0.0,43.1
2024-11-15,R07,2,3,2,0,0,35.0,10.0,100.0
2024-11-18,R07,4,3,4,0,1,19.7,0.0,36.2
2024-11-19,R07,5,5,5,0,0,55.4,0.0,81.5
2024-11-20,R07,3,2,3,0,1,19.7,0.0,48.3
2024-11-21,R07,3,4,3,0,0,41.6,4.1,100.0
2024-11-22,R07,2,2,2,0,0,19.0,0.0,84.8
2024-11-25,R07,3,2,3,0,1,24.2,0.0,59.3
2024-11-26,R07,6,5,6,0,1,50.6,0.0,62.0
2024-11-27,R07,2,2,2,0,0,19.4,0.0,71.3
2024-11-28,R07,4,4,4,0,0,45.9,0.0,84.4
2024-11-29,R07,2,2,2,0,0,19.3,0.0,71.0
2024-12-02,R07,3,4,3,0,0,39.9,2.4,97.8
2024-12-03,R07,5,4,5,0,1,37.6,0.0,58.8
2024-12-04,R07,2,3,2,0,0,27.1,2.1,99.6
2024-12-05,R07,4,5,4,0,0,51.1,3.1,97.8
2024-12-06,R07,2,3,2,1,0,27.1,0.0,74.1
2024-12-09,R07,4,3,4,0,1,25.6,0.0,47.1
2024-12-10,R07,5,4,5,0,1,43.7,0.0,64.3
2024-12-11,R07,2,2,2,0,0,23.9,0.0,87.9
2024-12-12,R07,5,5,5,0,0,53.2,0.0,78.2
2024-12-13,R07,3,2,3,0,1,14.5,0.0,35.5
2024-12-16,R07,4,2,4,0,2,22.3,0.0,41.0
2024-12-17,R07,5,5,5,0,0,57.8,0.0,85.0
2024-12-18,R07,3,3,3,0,0,28.2,0.0,69.1
2024-12-19,R07,5,4,5,0,1,40.6,0.0,59.7
2024-12-20,R07,2,2,2,0,0,16.4,0.0,60.3
2024-12-23,R07,3,2,3,0,1,20.6,0.0,50.5
2024-12-24,R07,4,4,4,0,0,38.5,0.0,70.8
2024-12-27,R07,2,1,2,0,1,4.4,0.0,16.2
2024-12-30,R07,2,1,2,0,1,8.8,0.0,32.4
2024-12-31,R07,3,2,3,0,1,20.7,0.0,50.7
2025-01-02,R07,4,2,4,0,2,23.7,0.0,43.6
2025-01-03,R07,1,1,1,0,0,10.9,0.0,80.1
2025-01-07,R07,3,4,3,0,0,49.5,12.0,100.0
2025-01-08,R07,3,3,3,0,0,16.3,0.0,69.3
2025-01-09,R07,4,5,4,1,0,60.2,0.0,88.5
2025-01-10,R07,1,2,1,1,0,24.2,0.0,89.0
2025-01-13,R07,3,3,3,0,0,30.8,0.0,75.5
2025-01-14,R07,4,5,4,0,0,54.6,4.6,100.0
2025-01-15,R07,2,3,2,0,0,22.5,2.0,99.5
2025-01-16,R07,4,5,4,0,0,54.5,6.5,100.0
2025-01-17,R07,2,3,2,1,0,24.9,0.0,76.9
2025-01-20,R07,3,3,3,0,0,30.7,0.0,75.2
2025-01-21,R07,5,4,5,0,1,40.5,0.0,59.6
2025-01-22,R07,2,2,2,0,0,21.6,0.0,79.4
2025-01-23,R07,5,6,5,0,0,66.4,3.8,97.6
2025-01-24,R07,3,3,3,0,0,27.0,0.0,75.6
2025-01-27,R07,3,3,3,0,0,33.8,0.0,82.8
2025-01-28,R07,5,5,5,0,0,56.0,0.0,82.4
2025-01-29,R07,2,3,2,1,0,30.9,0.0,75.7
2025-01-30,R07,5,4,5,0,1,47.2,0.0,69.4
2025-01-31,R07,3,2,3,0,1,19.3,0.0,47.3
2025-02-03,R07,4,2,4,0,2,23.8,0.0,43.8
2025-02-04,R07,5,4,5,0,1,43.7,0.0,64.3
2025-02-05,R07,3,2,3,0,1,20.4,0.0,50.0
2025-02-06,R07,5,5,5,0,0,56.2,0.0,82.6
2025-02-07,R07,2,3,2,1,0,30.7,0.0,75.2
2025-02-10,R07,3,3,3,0,0,31.2,0.0,76.5
2025-02-11,R07,5,6,5,0,0,65.1,2.5,95.7
2025-02-12,R07,3,3,3,0,0,31.3,0.0,82.9
2025-02-13,R07,5,5,5,0,0,52.3,0.0,76.9
2025-02-14,R07,2,2,2,0,0,21.4,0.0,78.7
2025-02-17,R07,3,3,3,0,0,27.9,0.0,68.4
2025-02-18,R07,5,7,5,0,0,78.6,16.0,100.0
2025-02-19,R07,3,4,3,0,0,21.7,0.2,92.5
2025-02-20,R07,4,5,4,1,0,56.3,0.0,83.1
2025-02-21,R07,2,2,2,0,0,23.0,0.0,84.6
2025-02-24,R07,3,3,3,0,0,31.1,0.0,76.2
2025-02-25,R07,6,6,6,0,0,63.9,0.0,78.3
2025-02-26,R07,4,3,4,0,1,27.0,0.0,49.6
2025-02-27,R07,5,4,5,0,1,37.6,0.0,55.3
2025-02-28,R07,2,2,2,0,0,20.1,0.0,73.9
2025-03-03,R07,3,3,3,0,0,29.2,0.0,71.6
2025-03-04,R07,6,5,6,0,1,57.1,0.0,70.0
2025-03-05,R07,4,3,4,0,1,28.1,0.0,51.7
2025-03-06,R07,5,5,5,0,0,55.9,0.0,82.2
2025-03-07,R07,2,2,2,0,0,20.3,0.0,74.6
2025-03-10,R07,3,3,3,0,0,28.9,0.0,70.8
2025-03-11,R07,5,5,5,0,0,51.0,0.0,75.0
2025-03-12,R07,3,2,3,0,1,17.2,0.0,42.2
2025-03-13,R07,5,6,5,0,0,62.6,0.0,92.1
2025-03-14,R07,2,2,2,0,0,22.3,0.0,82.1
2025-03-17,R07,4,3,4,0,1,32.4,0.0,59.6
2025-03-18,R07,5,4,5,0,1,47.8,0.0,70.3
2025-03-19,R07,3,2,3,0,1,22.2,0.0,54.4
2025-03-20,R07,5,3,5,0,2,37.5,0.0,55.1
2025-03-21,R07,2,2,2,0,0,22.3,0.0,82.0
2025-03-24,R07,3,2,3,0,1,20.4,0.0,50.0
2025-03-25,R07,4,4,4,0,0,42.3,0.0,77.8
2025-03-26,R07,2,2,2,0,0,24.9,0.0,91.5
2025-03-27,R07,5,5,5,0,0,58.3,0.0,85.7
2025-03-28,R07,3,2,3,0,1,21.2,0.0,52.0
2025-03-31,R07,2,3,2,0,0,29.9,4.9,100.0
2025-04-01,R07,5,5,5,0,0,53.9,0.0,86.4
2025-04-02,R07,3,2,3,0,1,23.6,0.0,57.8
2025-04-03,R07,4,6,4,0,0,73.9,23.9,100.0
2025-04-04,R07,2,4,2,1,0,13.8,0.1,92.3
2025-04-07,R07,3,4,3,0,0,40.3,2.9,98.8
2025-04-08,R07,6,5,6,0,1,57.0,0.0,73.4
2025-04-09,R07,3,2,3,0,1,23.8,0.0,58.3
2025-04-10,R07,6,4,6,0,2,43.9,0.0,53.8
2025-04-11,R07,3,2,3,0,1,23.6,0.0,57.8
2025-04-14,R07,3,3,3,0,0,30.2,0.0,74.0
2025-04-15,R07,5,6,5,0,0,73.9,11.3,100.0
2025-04-16,R07,2,4,2,1,0,26.5,0.3,92.7
2025-04-17,R07,4,5,4,1,0,62.0,0.0,91.6
2025-04-22,R07,5,5,5,0,0,55.3,0.0,81.3
2025-04-23,R07,3,3,3,0,0,29.8,0.0,73.0
2025-04-24,R07,5,5,5,0,0,56.4,0.0,82.9
2025-04-25,R07,1,2,1,0,0,20.7,8.2,100.0
2025-04-28,R07,3,4,3,0,0,31.4,2.1,77.0
2025-04-29,R07,6,4,6,0,2,46.7,0.0,59.7
2025-04-30,R07,3,3,3,0,0,27.0,0.0,66.2
2025-05-02,R07,3,2,3,0,1,14.6,0.0,35.8
2025-05-05,R07,5,3,5,0,2,28.1,0.0,41.3
2025-05-06,R07,5,5,5,0,0,53.3,0.0,78.4
2025-05-07,R07,4,2,4,0,2,24.3,0.0,44.7
2025-05-08,R07,5,5,5,0,0,51.1,0.0,75.1
2025-05-09,R07,2,2,2,0,0,23.2,0.0,85.3
2025-05-12,R07,3,3,3,0,0,32.6,0.0,79.9
2025-05-13,R07,5,6,5,0,0,63.2,0.6,92.9
2025-05-14,R07,2,2,2,0,0,23.6,0.0,89.1
2025-05-15,R07,4,5,4,0,0,52.3,2.3,96.1
2025-05-16,R07,2,2,2,0,0,18.4,0.0,75.9
2025-05-19,R07,3,2,3,0,1,22.5,0.0,55.1
2025-05-20,R07,5,3,5,0,2,37.4,0.0,55.0
2025-05-21,R07,2,3,2,0,0,29.2,4.2,100.0
2025-05-22,R07,5,5,5,0,0,48.4,0.0,77.3
2025-05-23,R07,1,2,1,1,0,23.9,0.0,87.9
2025-05-26,R07,3,3,3,0,0,27.6,0.0,67.6
2025-05-27,R07,5,5,5,0,0,53.5,0.0,78.7
2025-05-28,R07,3,3,3,0,0,31.6,0.0,77.5
2025-05-30,R07,2,2,2,0,0,17.8,0.0,65.4
2025-06-02,R07,3,2,3,0,1,17.9,0.0,43.9
2025-06-03,R07,4,6,4,2,0,72.9,0.0,89.3
2025-06-04,R07,3,3,3,0,0,25.6,0.0,62.7
2025-06-05,R07,4,5,4,0,0,55.5,5.5,100.0
2025-06-06,R07,1,3,1,0,0,26.0,18.9,100.0
2025-06-10,R07,5,7,5,2,0,63.7,0.0,66.9
2025-06-11,R07,3,3,3,0,0,33.8,0.0,82.8
2025-06-12,R07,5,5,5,0,0,52.7,0.0,77.5
2025-06-13,R07,3,2,3,0,1,20.8,0.0,51.0
2025-06-16,R07,3,4,3,0,0,38.4,0.9,94.1
2025-06-17,R07,6,6,6,0,0,68.2,0.0,84.6
2025-06-18,R07,3,3,3,0,0,27.1,0.0,66.4
2025-06-20,R07,2,2,2,0,0,22.1,0.0,81.3
2025-06-23,R07,3,3,3,0,0,33.3,0.0,81.6
2025-06-24,R07,6,4,6,0,2,39.3,0.0,48.2
2025-06-25,R07,3,3,3,0,0,31.2,0.0,76.5
2025-06-26,R07,5,6,5,0,0,65.2,2.6,95.9
2025-06-27,R07,2,3,2,0,0,22.9,0.5,93.9
2025-06-30,R07,4,2,4,0,2,19.3,0.0,35.5
2025-07-01,R07,5,5,5,0,0,52.2,0.0,76.8
2025-07-02,R07,3,2,3,0,1,24.6,0.0,60.3
2025-07-03,R07,5,6,5,0,0,66.1,3.5,97.2
2025-07-04,R07,2,2,2,0,0,21.0,0.0,90.2
2025-07-07,R07,3,3,3,0,0,29.1,0.0,71.3
2025-07-08,R07,5,6,5,0,0,71.0,8.4,100.0
2025-07-09,R07,2,3,2,0,0,21.3,4.7,100.0
2025-07-10,R07,6,5,6,0,1,54.8,0.0,72.9
2025-07-11,R07,2,2,2,0,0,21.2,0.0,77.9
2025-07-14,R07,2,2,2,0,0,21.6,0.0,79.4
2025-07-15,R07,5,4,5,0,1,43.3,0.0,63.7
2025-07-16,R07,3,2,3,0,1,24.1,0.0,59.1
2025-07-17,R07,6,6,6,0,0,63.9,0.0,78.3
2025-07-18,R07,2,2,2,0,0,22.4,0.0,82.4
2025-07-21,R07,2,3,2,0,0,26.6,1.6,97.8
2025-07-22,R07,5,4,5,0,1,47.8,0.0,72.6
2025-07-23,R07,2,2,2,0,0,18.4,0.0,67.6
2025-07-24,R07,5,4,5,0,1,45.0,0.0,66.2
2025-07-25,R07,2,2,2,0,0,19.5,0.0,71.7
2025-07-28,R07,3,3,3,0,0,26.6,0.0,65.2
2025-07-29,R07,4,4,4,0,0,48.0,0.0,88.2
2025-07-30,R07,2,3,2,1,0,30.8,0.0,75.5
2025-07-31,R07,4,4,4,0,0,42.0,0.0,77.2
2025-08-01,R07,1,2,1,0,0,14.9,2.4,100.0
2025-08-04,R07,3,2,3,0,1,19.8,0.0,48.5
2025-08-05,R07,4,4,4,0,0,44.4,0.0,81.6
2025-08-06,R07,3,1,3,0,2,11.2,0.0,27.5
2025-08-07,R07,3,2,3,0,1,15.9,0.0,39.0
2025-08-08,R07,2,2,2,0,0,14.2,0.0,52.2
2025-08-11,R07,2,1,2,0,1,12.1,0.0,44.5
2025-08-12,R07,4,2,4,0,2,24.7,0.0,45.4
2025-08-13,R07,1,1,1,0,0,10.4,0.0,76.5
2025-08-14,R07,2,3,2,0,0,25.5,0.5,93.8
2025-08-15,R07,2,1,2,0,1,9.7,0.0,37.4
2025-08-18,R07,2,3,2,0,0,28.4,3.4,100.0
2025-08-19,R07,2,3,2,0,0,22.5,0.9,95.1
2025-08-20,R07,1,1,1,0,0,10.5,0.0,83.5
2025-08-21,R07,3,3,3,0,0,30.9,0.0,75.7
2025-08-22,R07,2,1,2,0,1,11.7,0.0,43.0
2025-08-25,R07,3,2,3,0,1,20.1,0.0,49.3
2025-08-26,R07,3,4,3,1,0,49.5,0.0,91.0
2025-08-27,R07,2,3,2,1,0,32.8,0.0,80.4
2025-08-28,R07,3,4,3,0,0,39.9,2.4,97.8
2025-08-29,R07,1,2,1,1,0,15.7,0.0,66.4
2025-09-01,R07,3,2,3,0,1,23.3,0.0,57.1
2025-09-02,R07,3,4,3,0,0,42.2,4.7,100.0
2025-09-03,R07,2,3,2,1,0,27.2,0.0,78.1
2025-09-04,R07,3,3,3,0,0,30.8,0.0,75.5
2025-09-05,R07,1,2,1,0,0,14.9,2.4,100.0
2025-09-08,R07,3,3,3,0,0,27.5,0.0,67.4
2025-09-09,R07,4,3,4,0,1,37.5,0.0,68.9
2025-09-10,R07,3,2,3,0,1,19.8,0.0,48.5
2025-09-11,R07,4,5,4,0,0,56.7,6.7,100.0
2025-09-12,R07,2,3,2,0,0,19.4,1.0,95.8
2025-09-15,R07,3,3,3,0,0,30.8,0.0,75.5
2025-09-16,R07,4,6,4,1,0,67.4,4.8,99.1
2025-09-17,R07,2,3,2,1,0,26.2,0.0,76.1
2025-09-18,R07,5,5,5,0,0,50.8,0.0,74.7
2025-09-19,R07,3,2,3,0,1,22.4,0.0,54.9
2025-09-22,R07,3,3,3,0,0,26.0,0.0,63.7
2025-09-23,R07,5,5,5,0,0,54.4,0.0,80.0
2025-09-24,R07,3,2,3,0,1,21.5,0.0,52.7
2025-09-25,R07,5,4,5,0,1,48.9,0.0,71.9
2025-09-26,R07,2,3,2,0,0,25.8,0.8,94.9
2025-09-29,R07,3,3,3,0,0,27.0,0.0,66.2
2025-09-30,R07,5,5,5,0,0,58.2,0.0,85.6
2025-10-01,R07,3,3,3,0,0,26.0,0.0,63.7
2025-10-02,R07,4,7,4,0,0,78.9,28.9,100.0
2025-10-06,R07,3,5,3,2,0,29.2,0.0,42.9
2025-10-07,R07,5,5,5,0,0,56.5,0.0,83.1
2025-10-08,R07,3,3,3,0,0,29.8,0.0,73.0
2025-10-09,R07,5,6,5,1,0,72.0,0.0,88.2
2025-10-10,R07,2,3,2,0,0,26.8,1.8,98.5
2025-10-13,R07,4,3,4,0,1,26.7,0.0,49.1
2025-10-14,R07,5,5,5,0,0,57.0,0.0,83.8
2025-10-15,R07,3,2,3,0,1,20.3,0.0,49.8
2025-10-16,R07,6,5,6,0,1,55.5,0.0,68.0
2025-10-17,R07,2,2,2,0,0,21.0,0.0,77.2
2025-10-20,R07,4,3,4,0,1,29.6,0.0,54.4
2025-10-21,R07,5,4,5,0,1,48.0,0.0,70.6
2025-10-22,R07,3,3,3,0,0,32.5,0.0,79.7
2025-10-23,R07,4,6,4,2,0,70.3,0.0,86.2
2025-10-24,R07,3,2,3,0,1,17.1,0.0,41.9
2025-10-27,R07,3,2,3,0,1,25.0,0.0,61.3
2025-10-28,R07,4,4,4,0,0,49.4,0.0,90.8
2025-10-29,R07,3,3,3,0,0,30.1,0.0,73.8
2025-10-30,R07,5,5,5,0,0,54.7,0.0,80.4
2025-10-31,R07,1,3,1,1,0,25.9,0.9,95.2
2025-11-03,R07,3,3,3,0,0,29.0,0.0,71.1
2025-11-04,R07,5,5,5,0,0,52.6,0.0,77.4
2025-11-05,R07,2,2,2,0,0,21.8,0.0,80.1
2025-11-06,R07,5,4,5,0,1,48.4,0.0,71.2
2025-11-07,R07,2,2,2,0,0,20.8,0.0,76.5
2025-11-10,R07,3,4,3,0,0,41.2,3.7,100.0
2025-11-11,R07,5,6,5,0,0,59.1,0.2,92.3
2025-11-12,R07,3,2,3,0,1,21.2,0.0,52.5
2025-11-13,R07,4,5,4,0,0,55.0,5.0,100.0
2025-11-14,R07,3,3,3,0,0,20.9,0.0,63.4
2025-11-17,R07,4,3,4,0,1,29.8,0.0,54.8
2025-11-18,R07,6,6,6,0,0,72.4,0.0,88.7
2025-11-19,R07,2,3,2,0,0,29.8,4.8,100.0
2025-11-20,R07,5,6,5,0,0,62.0,4.2,98.2
2025-11-21,R07,2,2,2,0,0,20.3,0.0,90.1
2025-11-24,R07,4,2,4,0,2,24.8,0.0,45.6
2025-11-25,R07,6,5,6,0,1,52.1,0.0,63.8
2025-11-26,R07,2,3,2,0,0,27.0,2.0,99.3
2025-11-27,R07,5,6,5,0,0,63.9,3.3,96.9
2025-11-28,R07,2,2,2,0,0,19.4,0.0,83.5
2025-12-01,R07,3,3,3,0,0,25.9,0.0,63.5
2025-12-02,R07,5,5,5,0,0,50.5,0.0,74.3
2025-12-03,R07,3,3,3,0,0,29.6,0.0,72.5
2025-12-04,R07,5,5,5,0,0,58.8,0.0,86.5
2025-12-05,R07,1,3,1,0,0,25.2,12.7,100.0
2025-12-08,R07,2,4,2,1,0,25.4,0.6,62.3
2025-12-09,R07,6,5,6,0,1,61.1,0.0,75.6
2025-12-10,R07,2,2,2,0,0,14.1,0.0,51.8
2025-12-11,R07,5,5,5,0,0,60.7,0.0,89.3
2025-12-12,R07,2,2,2,0,0,18.3,0.0,67.3
2025-12-15,R07,3,3,3,0,0,26.1,0.0,64.0
2025-12-16,R07,5,6,5,0,0,64.6,2.0,95.0
2025-12-17,R07,2,2,2,0,0,20.6,0.0,83.2
2025-12-18,R07,5,4,5,0,1,46.6,0.0,68.5
2025-12-19,R07,1,2,1,0,0,20.3,7.8,100.0
2025-12-22,R07,3,2,3,0,1,16.8,0.0,41.2
2025-12-23,R07,4,2,4,0,2,21.1,0.0,38.8
2025-12-24,R07,1,1,1,0,0,11.0,0.0,80.9
2025-12-29,R07,2,1,2,0,1,12.3,0.0,45.2
2025-12-30,R07,2,2,2,0,0,14.5,0.0,53.3
2025-12-31,R07,1,2,1,0,0,14.7,2.2,100.0
2026-01-02,R07,1,1,1,0,0,8.7,0.0,64.0
2026-01-05,R07,1,2,1,0,0,16.9,4.4,100.0
2026-01-07,R07,1,2,1,1,0,14.4,0.0,52.9
2026-01-08,R07,5,5,5,0,0,55.1,0.0,81.0
2026-01-09,R07,1,2,1,0,0,19.2,6.7,100.0
2026-01-12,R07,3,3,3,0,0,19.6,0.0,48.0
2026-01-13,R07,4,3,4,0,1,32.6,0.0,59.9
2026-01-14,R07,3,3,3,0,0,29.1,0.0,71.3
2026-01-15,R07,5,3,5,0,2,35.4,0.0,52.1
2026-01-16,R07,1,2,1,0,0,20.4,7.9,100.0
2026-01-19,R07,3,3,3,0,0,27.1,0.0,66.4
2026-01-20,R07,4,5,4,0,0,51.1,1.1,93.9
2026-01-21,R07,3,3,3,0,0,24.3,0.0,62.1
2026-01-22,R07,4,4,4,0,0,43.5,0.0,80.0
2026-01-23,R07,2,2,2,0,0,20.3,0.0,74.6
2026-01-26,R07,3,2,3,0,1,24.4,0.0,59.8
2026-01-27,R07,4,5,4,1,0,57.2,0.0,84.1
2026-01-28,R07,3,2,3,0,1,13.5,0.0,33.1
2026-01-29,R07,4,4,4,0,0,45.4,0.0,83.5
2026-01-30,R07,2,3,2,0,0,29.2,4.2,100.0
2026-02-02,R07,2,3,2,0,0,29.2,8.4,100.0
2026-02-03,R07,4,6,4,1,0,55.3,1.1,93.6
2026-02-04,R07,2,2,2,0,0,19.1,0.0,74.2
2026-02-05,R07,4,5,4,0,0,53.6,3.6,98.5
2026-02-06,R07,2,2,2,0,0,21.2,0.0,91.0
2026-02-09,R07,3,3,3,0,0,28.7,0.0,70.3
2026-02-10,R07,6,5,6,0,1,55.8,0.0,68.4
2026-02-11,R07,2,2,2,0,0,24.4,0.0,89.7
2026-02-12,R07,5,5,5,0,0,61.9,0.0,91.0
2026-02-13,R07,1,2,1,1,0,17.9,0.0,65.8
2026-02-16,R07,3,2,3,0,1,16.0,0.0,39.2
2026-02-17,R07,6,5,6,0,1,53.6,0.0,65.7
2026-02-18,R07,3,2,3,0,1,19.6,0.0,48.0
2026-02-19,R07,5,3,5,0,2,33.5,0.0,49.3
2026-02-20,R07,1,2,1,1,0,22.8,0.0,83.8
2026-02-23,R07,3,2,3,0,1,24.6,0.0,60.3
2026-02-24,R07,5,4,5,0,1,42.8,0.0,62.9
2026-02-25,R07,2,2,2,0,0,22.2,0.0,81.6
2026-02-26,R07,4,5,4,0,0,61.1,11.1,100.0
2026-02-27,R07,2,3,2,1,0,19.1,0.0,73.9
2026-03-02,R07,3,3,3,0,0,31.8,0.0,77.9
2026-03-03,R07,4,5,4,1,0,59.0,0.0,86.8
2026-03-04,R07,3,2,3,0,1,21.6,0.0,52.9
2026-03-05,R07,5,6,5,0,0,66.3,3.7,97.5
2026-03-06,R07,3,3,3,0,0,27.9,0.0,77.5
2026-03-09,R07,3,3,3,0,0,34.7,0.0,85.0
2026-03-10,R07,5,4,5,0,1,39.6,0.0,58.2
2026-03-11,R07,2,3,2,0,0,30.1,5.1,100.0
2026-03-12,R07,5,5,5,0,0,45.3,0.0,74.1
2026-03-13,R07,2,2,2,0,0,17.3,0.0,63.6
2026-03-16,R07,3,3,3,0,0,29.3,0.0,71.8
2026-03-17,R07,4,5,4,0,0,62.5,12.5,100.0
2026-03-18,R07,3,3,3,0,0,22.6,0.0,85.9
2026-03-19,R07,4,6,4,1,0,64.6,2.0,95.0
2026-03-20,R07,2,2,2,0,0,22.9,0.0,91.7
2026-03-23,R07,3,3,3,0,0,25.8,0.0,63.2
2026-03-24,R07,5,4,5,0,1,44.2,0.0,65.0
2026-03-25,R07,2,2,2,0,0,21.2,0.0,77.9
2026-03-26,R07,5,4,5,0,1,39.9,0.0,58.7
2026-03-27,R07,1,2,1,1,0,23.2,0.0,85.3
2026-03-30,R07,3,3,3,0,0,28.9,0.0,70.8
2026-03-31,R07,4,4,4,0,0,48.3,0.0,88.8
2026-04-01,R07,2,2,2,0,0,19.2,0.0,70.6
2026-04-02,R07,4,5,4,1,0,60.6,0.0,89.1
2026-04-07,R07,4,4,4,0,0,49.3,0.0,90.6
2026-04-08,R07,2,2,2,0,0,18.1,0.0,66.5
2026-04-09,R07,4,4,4,0,0,45.6,0.0,83.8
2026-04-10,R07,2,2,2,0,0,24.6,0.0,90.4
2026-04-13,R07,3,2,3,0,1,23.3,0.0,57.1
2026-04-14,R07,4,6,4,2,0,67.6,0.0,82.8
2026-04-15,R07,3,2,3,0,1,21.0,0.0,51.5
2026-04-16,R07,4,5,4,0,0,53.4,3.4,98.2
2026-04-17,R07,1,2,1,1,0,19.2,0.0,82.9
2026-04-20,R07,2,3,2,0,0,25.3,0.3,93.0
2026-04-21,R07,5,5,5,0,0,53.6,0.0,79.2
2026-04-22,R07,2,2,2,0,0,21.2,0.0,77.9
2026-04-23,R07,5,3,5,0,2,29.8,0.0,43.8
2026-04-24,R07,2,3,2,0,0,26.1,1.1,96.0
2026-04-27,R07,4,3,4,0,1,26.0,0.0,47.8
2026-04-28,R07,5,5,5,0,0,52.9,0.0,77.8
2026-04-29,R07,2,2,2,0,0,21.9,0.0,80.5
2026-04-30,R07,4,5,4,0,0,60.7,10.7,100.0
2026-05-04,R07,4,4,4,0,0,29.3,0.0,53.9
2026-05-05,R07,5,5,5,0,0,54.8,0.0,80.6
2026-05-06,R07,2,2,2,0,0,21.3,0.0,78.3
2026-05-07,R07,5,5,5,0,0,52.9,0.0,77.8
2026-05-08,R07,2,2,2,0,0,20.0,0.0,73.5
2026-05-11,R07,4,3,4,0,1,28.8,0.0,52.9
2026-05-12,R07,5,5,5,0,0,60.2,0.0,88.5
2026-05-13,R07,2,3,2,0,0,32.2,7.2,100.0
2026-05-15,R07,2,3,2,0,0,22.8,5.0,83.8
2026-05-18,R07,4,3,4,0,1,26.8,0.0,49.3
2026-05-19,R07,4,4,4,0,0,48.6,0.0,89.3
2026-05-20,R07,2,3,2,0,0,25.8,0.8,94.9
2026-05-21,R07,5,5,5,0,0,56.6,0.0,84.4
2026-05-22,R07,2,3,2,1,0,36.3,0.0,89.0
2026-05-26,R07,4,6,4,2,0,70.7,0.0,86.6
2026-05-27,R07,3,2,3,0,1,19.1,0.0,46.8
2026-05-28,R07,6,6,6,0,0,64.7,0.0,79.3
2026-05-29,R07,2,3,2,0,0,27.7,2.7,100.0
2026-06-01,R07,3,2,3,0,1,18.2,0.0,44.6
2026-06-02,R07,5,6,5,0,0,64.4,1.8,94.7
2026-06-03,R07,1,3,1,1,0,35.4,12.2,100.0
2026-06-05,R07,3,3,3,0,0,20.5,0.0,50.2
2026-06-08,R07,2,3,2,0,0,28.1,3.1,100.0
2026-06-09,R07,7,5,7,0,2,57.2,0.0,63.3
2026-06-10,R07,3,2,3,0,1,17.6,0.0,43.1
2026-06-11,R07,5,5,5,0,0,52.3,0.0,76.9
2026-06-12,R07,2,2,2,0,0,23.5,0.0,86.4
2026-06-15,R07,3,3,3,0,0,35.9,0.0,88.0
2026-06-16,R07,5,5,5,0,0,62.5,0.0,91.9
2026-06-17,R07,3,4,3,0,0,37.8,0.3,92.6
2026-06-18,R07,4,4,4,0,0,47.9,0.0,88.5
2026-06-19,R07,2,2,2,0,0,23.2,0.0,85.3
2026-06-22,R07,4,2,4,0,2,15.9,0.0,29.2
2026-06-23,R07,5,5,5,0,0,61.0,0.0,89.7
2026-06-24,R07,3,3,3,0,0,31.0,0.0,76.0
2026-06-25,R07,5,4,5,0,1,47.1,0.0,69.3
2026-06-26,R07,2,2,2,0,0,15.6,0.0,57.4
2026-06-29,R07,2,3,2,1,0,33.6,0.0,82.4
2026-06-30,R07,5,4,5,0,1,46.2,0.0,67.9
2026-07-01,R07,2,3,2,1,0,30.3,0.0,74.3
2026-07-02,R07,5,6,5,0,0,63.8,1.2,93.8
2026-07-03,R07,1,2,1,1,0,23.2,0.0,89.9
2026-07-06,R07,3,3,3,0,0,25.7,0.0,63.0
2026-07-07,R07,5,5,5,0,0,50.7,0.0,74.6
2026-07-08,R07,2,2,2,0,0,21.4,0.0,78.7
2026-07-09,R07,6,5,6,0,1,51.1,0.0,62.6
2026-07-10,R07,1,2,1,0,0,23.0,10.5,100.0
2026-07-13,R07,3,3,3,0,0,26.5,0.0,65.0
2026-07-14,R07,4,4,4,0,0,49.0,0.0,90.1
2026-07-15,R07,2,3,2,0,0,28.0,3.0,100.0
2026-07-16,R07,5,6,5,0,0,61.3,1.7,94.5
2026-07-17,R07,2,2,2,0,0,22.2,0.0,87.9
2026-07-20,R07,3,2,3,0,1,24.1,0.0,59.1
2026-07-21,R07,4,4,4,0,0,49.6,0.0,91.2
2026-07-22,R07,2,3,2,1,0,34.8,0.0,85.3
2026-07-23,R07,5,5,5,0,0,58.2,0.0,85.6
2026-07-24,R07,2,2,2,0,0,20.1,0.0,73.9
2026-07-27,R07,3,2,3,0,1,23.8,0.0,58.3
2026-07-28,R07,4,5,4,0,0,54.4,4.4,100.0
2026-07-29,R07,3,2,3,0,1,20.0,0.0,59.7
2026-07-30,R07,5,4,5,0,1,47.0,0.0,69.1
2026-07-31,R07,2,3,2,0,0,25.6,0.6,94.1
2026-08-03,R07,2,3,2,0,0,24.8,0.4,91.2
2026-08-04,R07,5,3,5,0,2,24.7,0.0,36.8
2026-08-05,R07,1,2,1,0,0,16.1,3.6,100.0
2026-08-06,R07,3,2,3,0,1,16.4,0.0,49.0
2026-08-07,R07,2,1,2,0,1,10.2,0.0,37.5
2026-08-10,R07,2,2,2,0,0,15.1,0.0,55.5
2026-08-11,R07,2,2,2,0,0,24.9,0.0,91.5
2026-08-12,R07,2,2,2,0,0,15.4,0.0,56.6
2026-08-13,R07,3,3,3,0,0,26.6,0.0,65.2
2026-08-14,R07,1,1,1,0,0,11.4,0.0,83.8
2026-08-17,R07,3,1,3,0,2,6.1,0.0,15.0
2026-08-18,R07,3,3,3,0,0,26.4,0.0,64.7
2026-08-19,R07,2,2,2,0,0,17.9,0.0,65.8
2026-08-20,R07,3,3,3,0,0,35.1,0.0,86.0
2026-08-21,R07,1,2,1,0,0,19.2,6.7,100.0
2026-08-24,R07,1,2,1,1,0,15.2,0.0,55.9
2026-08-25,R07,3,3,3,0,0,31.7,0.0,77.7
2026-08-26,R07,3,2,3,0,1,24.2,0.0,59.3
2026-08-27,R07,4,4,4,0,0,46.4,0.0,85.3
2026-08-28,R07,2,2,2,0,0,18.9,0.0,69.5
2026-08-31,R07,2,2,2,0,0,22.6,0.0,83.1
2024-01-02,R08,4,4,4,0,0,38.5,0.0,70.8
2024-01-03,R08,2,2,2,0,0,23.8,0.0,87.5
2024-01-04,R08,3,3,3,0,0,35.4,0.0,86.8
2024-01-05,R08,2,3,2,0,0,25.9,0.9,95.2
2024-01-08,R08,4,3,4,0,1,33.8,0.0,62.1
2024-01-09,R08,3,3,3,0,0,36.8,0.0,90.2
2024-01-10,R08,2,2,2,0,0,16.4,0.0,60.3
2024-01-11,R08,3,5,3,2,0,56.3,0.0,82.8
2024-01-12,R08,3,3,3,0,0,28.2,0.0,69.1
2024-01-15,R08,4,3,4,0,1,34.8,0.0,64.0
2024-01-16,R08,3,5,3,0,0,55.5,18.0,100.0
2024-01-17,R08,2,3,2,1,0,16.9,0.0,85.5
2024-01-18,R08,5,2,5,0,3,24.8,0.0,36.5
2024-01-19,R08,2,3,2,0,0,28.0,3.0,100.0
2024-01-22,R08,3,3,3,0,0,30.9,0.0,75.7
2024-01-23,R08,4,5,4,1,0,55.5,0.0,81.6
2024-01-24,R08,3,2,3,0,1,17.8,0.0,43.6
2024-01-25,R08,3,5,3,0,0,54.8,17.3,100.0
2024-01-26,R08,3,5,3,1,0,36.2,3.4,98.3
2024-01-29,R08,3,4,3,0,0,45.8,11.7,100.0
2024-01-30,R08,5,5,5,0,0,47.9,0.0,87.6
2024-01-31,R08,2,2,2,0,0,22.6,0.0,83.1
2024-02-01,R08,4,5,4,0,0,50.4,0.4,92.6
2024-02-02,R08,3,2,3,0,1,24.0,0.0,59.7
2024-02-05,R08,4,3,4,0,1,35.8,0.0,65.8
2024-02-06,R08,5,5,5,0,0,51.1,0.0,75.1
2024-02-07,R08,2,3,2,1,0,34.6,0.0,84.8
2024-02-08,R08,5,5,5,0,0,50.8,0.0,74.7
2024-02-09,R08,3,2,3,0,1,20.2,0.0,49.5
2024-02-12,R08,4,3,4,0,1,30.1,0.0,55.3
2024-02-13,R08,5,4,5,0,1,43.0,0.0,63.2
2024-02-14,R08,2,2,2,0,0,23.3,0.0,85.7
2024-02-15,R08,4,4,4,0,0,39.1,0.0,71.9
2024-02-16,R08,1,2,1,1,0,18.3,0.0,67.3
2024-02-19,R08,3,3,3,0,0,35.3,0.0,86.5
2024-02-20,R08,4,5,4,1,0,59.8,0.0,87.9
2024-02-21,R08,3,3,3,0,0,32.4,0.0,79.4
2024-02-22,R08,5,4,5,0,1,38.1,0.0,56.0
2024-02-23,R08,2,2,2,0,0,15.5,0.0,57.0
2024-02-26,R08,4,4,4,0,0,39.1,0.0,71.9
2024-02-27,R08,5,5,5,0,0,58.3,0.0,85.7
2024-02-28,R08,2,2,2,0,0,21.9,0.0,80.5
2024-02-29,R08,4,4,4,0,0,42.5,0.0,78.1
2024-03-01,R08,1,2,1,0,0,23.6,11.1,100.0
2024-03-04,R08,4,3,4,0,1,23.7,0.0,43.6
2024-03-05,R08,5,5,5,0,0,53.2,0.0,78.2
2024-03-06,R08,2,4,2,1,0,44.6,7.1,100.0
2024-03-07,R08,4,5,4,0,0,44.4,1.4,94.6
2024-03-08,R08,2,3,2,0,0,23.7,0.1,92.3
2024-03-11,R08,4,4,4,0,0,43.4,0.0,79.8
2024-03-12,R08,5,5,5,0,0,51.8,0.0,76.2
2024-03-13,R08,3,3,3,0,0,29.8,0.0,73.0
2024-03-14,R08,4,5,4,0,0,50.9,0.9,93.6
2024-03-15,R08,2,4,2,2,0,44.0,0.0,82.4
2024-03-18,R08,4,3,4,0,1,35.1,0.0,64.5
2024-03-19,R08,5,4,5,0,1,46.8,0.0,68.8
2024-03-20,R08,3,3,3,0,0,29.3,0.0,71.8
2024-03-21,R08,5,6,5,0,0,64.6,2.0,95.0
2024-03-22,R08,3,3,3,0,0,27.8,0.0,73.1
2024-03-25,R08,4,4,4,0,0,46.5,0.0,85.5
2024-03-26,R08,5,5,5,0,0,61.6,0.0,90.6
2024-03-27,R08,3,3,3,0,0,30.9,0.0,75.7
2024-03-28,R08,6,5,6,0,1,61.1,0.0,74.9
2024-04-02,R08,6,4,6,0,2,47.3,0.0,58.0
2024-04-03,R08,4,3,4,0,1,26.4,0.0,48.5
2024-04-04,R08,8,6,8,0,2,63.3,0.0,58.2
2024-04-05,R08,3,2,3,0,1,24.4,0.0,59.8
2024-04-08,R08,5,3,5,0,2,33.5,0.0,49.3
2024-04-09,R08,5,4,5,0,1,40.0,0.0,58.8
2024-04-10,R08,4,3,4,0,1,37.2,0.0,68.4
2024-04-11,R08,6,4,6,0,2,46.8,0.0,57.4
2024-04-12,R08,2,2,2,0,0,15.7,0.0,57.7
2024-04-15,R08,4,3,4,0,1,28.4,0.0,52.2
2024-04-16,R08,5,5,5,0,0,57.9,0.0,85.1
2024-04-17,R08,3,3,3,0,0,36.0,0.0,88.2
2024-04-18,R08,5,4,5,0,1,46.7,0.0,68.7
2024-04-19,R08,2,3,2,0,0,28.5,3.5,100.0
2024-04-22,R08,4,4,4,0,0,38.6,0.0,71.0
2024-04-23,R08,5,5,5,0,0,54.0,0.0,79.4
2024-04-24,R08,3,3,3,0,0,28.5,0.0,69.9
2024-04-25,R08,4,5,4,1,0,57.6,0.0,84.7
2024-04-26,R08,2,2,2,0,0,21.7,0.0,79.8
2024-04-29,R08,4,4,4,0,0,44.8,0.0,82.4
2024-04-30,R08,5,6,5,1,0,71.1,0.0,87.1
2024-05-02,R08,5,4,5,0,1,46.1,0.0,67.8
2024-05-03,R08,2,2,2,0,0,19.3,0.0,71.0
2024-05-06,R08,4,3,4,0,1,28.5,0.0,52.4
2024-05-07,R08,6,4,6,0,2,37.6,0.0,46.1
2024-05-08,R08,2,4,2,1,0,40.4,2.9,99.0
2024-05-10,R08,2,2,2,0,0,18.7,0.0,68.7
2024-05-13,R08,4,3,4,0,1,32.2,0.0,59.2
2024-05-14,R08,4,4,4,0,0,42.7,0.0,78.5
2024-05-15,R08,4,3,4,0,1,29.8,0.0,54.8
2024-05-16,R08,4,5,4,0,0,52.6,2.6,96.7
2024-05-17,R08,1,3,1,1,0,26.7,4.2,100.0
2024-05-21,R08,4,4,4,0,0,42.6,0.0,78.3
2024-05-22,R08,4,3,4,0,1,28.7,0.0,52.8
2024-05-23,R08,5,5,5,0,0,56.5,0.0,83.1
2024-05-24,R08,2,3,2,0,0,36.6,11.6,100.0
2024-05-27,R08,4,3,4,0,1,22.3,0.0,41.0
2024-05-28,R08,4,4,4,0,0,47.9,0.0,88.1
2024-05-29,R08,2,2,2,0,0,23.9,0.0,87.9
2024-05-31,R08,3,2,3,0,1,19.4,0.0,47.5
2024-06-03,R08,4,4,4,0,0,37.9,0.0,69.7
2024-06-04,R08,5,4,5,0,1,40.6,0.0,59.7
2024-06-05,R08,2,3,2,0,0,29.8,4.8,100.0
2024-06-06,R08,5,4,5,0,1,44.5,0.0,72.5
2024-06-07,R08,2,2,2,0,0,22.9,0.0,84.2
2024-06-10,R08,4,3,4,0,1,31.3,0.0,57.5
2024-06-11,R08,4,4,4,0,0,49.0,0.0,90.1
2024-06-12,R08,3,3,3,0,0,37.4,0.0,91.7
2024-06-13,R08,4,5,4,1,0,56.6,0.0,83.2
2024-06-14,R08,2,3,2,0,0,28.7,3.7,100.0
2024-06-17,R08,4,3,4,0,1,27.6,0.0,50.7
2024-06-18,R08,4,4,4,0,0,45.9,0.0,84.4
2024-06-19,R08,3,3,3,0,0,37.4,0.0,91.7
2024-06-20,R08,4,4,4,0,0,41.9,0.0,77.0
2024-06-21,R08,2,2,2,0,0,16.7,0.0,61.4
2024-06-24,R08,3,4,3,0,0,41.7,4.2,100.0
2024-06-25,R08,4,6,4,0,0,68.6,22.7,100.0
2024-06-26,R08,3,6,3,2,0,41.0,1.2,93.7
2024-06-27,R08,4,5,4,0,0,51.9,3.0,97.5
2024-06-28,R08,2,3,2,1,0,28.0,0.0,76.0
2024-07-01,R08,4,3,4,0,1,34.7,0.0,63.8
2024-07-02,R08,5,5,5,0,0,55.2,0.0,81.2
2024-07-03,R08,4,3,4,0,1,31.8,0.0,58.5
2024-07-04,R08,5,4,5,0,1,49.4,0.0,72.6
2024-07-05,R08,2,3,2,0,0,25.2,0.2,92.6
2024-07-08,R08,3,3,3,0,0,30.8,0.0,75.5
2024-07-09,R08,5,6,5,1,0,68.0,0.0,83.3
2024-07-10,R08,3,3,3,0,0,32.6,0.0,79.9
2024-07-11,R08,4,4,4,0,0,47.2,0.0,86.8
2024-07-12,R08,3,2,3,0,1,19.9,0.0,48.8
2024-07-15,R08,4,4,4,0,0,37.6,0.0,69.1
2024-07-16,R08,5,5,5,0,0,52.2,0.0,76.8
2024-07-17,R08,3,3,3,0,0,33.9,0.0,83.1
2024-07-18,R08,4,4,4,0,0,42.3,0.0,77.8
2024-07-19,R08,2,3,2,0,0,27.3,2.3,100.0
2024-07-22,R08,4,4,4,0,0,37.5,0.0,68.9
2024-07-23,R08,5,4,5,0,1,38.4,0.0,56.5
2024-07-24,R08,3,2,3,0,1,20.4,0.0,50.0
2024-07-25,R08,5,3,5,0,2,32.3,0.0,47.5
2024-07-26,R08,3,3,3,0,0,28.4,0.0,69.6
2024-07-29,R08,4,3,4,0,1,31.9,0.0,58.6
2024-07-30,R08,5,4,5,0,1,44.1,0.0,64.9
2024-07-31,R08,2,2,2,0,0,21.9,0.0,80.5
2024-08-01,R08,2,4,2,1,0,41.2,3.7,100.0
2024-08-02,R08,3,2,3,0,1,19.7,0.0,57.3
2024-08-05,R08,3,2,3,0,1,20.6,0.0,50.5
2024-08-06,R08,4,4,4,0,0,40.1,0.0,73.7
2024-08-07,R08,2,2,2,0,0,16.5,0.0,60.7
2024-08-08,R08,3,3,3,0,0,33.8,0.0,82.8
2024-08-09,R08,2,2,2,0,0,19.5,0.0,71.7
2024-08-12,R08,2,2,2,0,0,19.8,0.0,72.8
2024-08-13,R08,4,3,4,0,1,31.5,0.0,57.9
2024-08-14,R08,2,2,2,0,0,21.3,0.0,78.3
2024-08-15,R08,3,4,3,0,0,49.2,11.7,100.0
2024-08-16,R08,1,3,1,2,0,22.8,0.0,84.5
2024-08-19,R08,2,4,2,1,0,39.2,1.7,96.1
2024-08-20,R08,4,5,4,1,0,55.6,0.0,84.2
2024-08-21,R08,2,3,2,1,0,32.9,0.0,80.6
2024-08-22,R08,4,3,4,0,1,35.8,0.0,65.8
2024-08-23,R08,3,3,3,0,0,29.8,0.0,73.0
2024-08-26,R08,3,4,3,0,0,48.2,10.7,100.0
2024-08-27,R08,4,6,4,2,0,59.0,0.0,85.4
2024-08-28,R08,2,3,2,1,0,34.4,0.0,84.3
2024-08-29,R08,4,4,4,0,0,37.6,0.0,69.1
2024-08-30,R08,3,3,3,0,0,26.2,0.0,64.2
2024-09-02,R08,4,3,4,0,1,30.8,0.0,56.6
2024-09-03,R08,5,4,5,0,1,38.0,0.0,55.9
2024-09-04,R08,3,3,3,0,0,35.2,0.0,86.3
2024-09-05,R08,3,4,3,0,0,42.2,4.7,100.0
2024-09-06,R08,3,2,3,0,1,19.8,0.0,60.0
2024-09-09,R08,4,3,4,0,1,36.7,0.0,67.5
2024-09-10,R08,5,5,5,0,0,56.0,0.0,82.4
2024-09-11,R08,3,3,3,0,0,28.1,0.0,68.9
2024-09-12,R08,3,4,3,1,0,45.7,0.0,84.0
2024-09-13,R08,1,3,1,1,0,26.1,1.1,96.0
2024-09-16,R08,3,5,3,1,0,51.6,2.6,94.9
2024-09-17,R08,4,5,4,1,0,53.4,0.0,82.4
2024-09-18,R08,4,4,4,0,0,41.8,0.0,76.8
2024-09-19,R08,4,4,4,0,0,41.6,0.0,76.5
2024-09-20,R08,2,2,2,0,0,14.8,0.0,54.4
2024-09-23,R08,5,4,5,0,1,42.1,0.0,61.9
2024-09-24,R08,5,4,5,0,1,43.8,0.0,64.4
2024-09-25,R08,4,2,4,0,2,21.4,0.0,39.3
2024-09-26,R08,4,4,4,0,0,49.1,0.0,90.3
2024-09-27,R08,2,2,2,0,0,15.5,0.0,57.0
2024-09-30,R08,4,3,4,0,1,35.7,0.0,65.6
2024-10-01,R08,5,5,5,0,0,53.2,0.0,78.2
2024-10-02,R08,2,3,2,1,0,34.9,0.0,85.5
2024-10-04,R08,2,1,2,0,1,9.9,0.0,36.4
2024-10-07,R08,3,4,3,1,0,44.2,0.0,81.3
2024-10-08,R08,5,4,5,0,1,47.3,0.0,69.6
2024-10-09,R08,3,3,3,0,0,28.5,0.0,69.9
2024-10-10,R08,4,5,4,0,0,54.1,4.1,99.4
2024-10-11,R08,1,3,1,2,0,28.7,0.0,80.3
2024-10-14,R08,4,3,4,0,1,33.3,0.0,61.2
2024-10-15,R08,4,4,4,0,0,41.5,0.0,76.3
2024-10-16,R08,3,3,3,0,0,31.8,0.0,77.9
2024-10-17,R08,5,4,5,0,1,46.4,0.0,68.2
2024-10-18,R08,2,2,2,0,0,19.6,0.0,72.1
2024-10-21,R08,4,3,4,0,1,28.5,0.0,52.4
2024-10-22,R08,4,4,4,0,0,38.0,0.0,69.9
2024-10-23,R08,3,2,3,0,1,23.5,0.0,57.6
2024-10-24,R08,5,5,5,0,0,50.2,0.0,73.8
2024-10-25,R08,2,2,2,0,0,19.9,0.0,73.2
2024-10-28,R08,3,3,3,0,0,32.8,0.0,80.4
2024-10-29,R08,4,5,4,1,0,62.0,0.0,91.2
2024-10-30,R08,3,3,3,0,0,28.8,0.0,70.6
2024-10-31,R08,4,5,4,0,0,57.1,7.1,100.0
2024-11-04,R08,4,4,4,0,0,34.2,0.0,62.9
2024-11-05,R08,4,4,4,0,0,43.3,0.0,79.6
2024-11-06,R08,2,3,2,0,0,31.6,6.6,100.0
2024-11-07,R08,4,5,4,0,0,46.7,3.2,97.9
2024-11-08,R08,2,2,2,0,0,21.3,0.0,90.2
2024-11-11,R08,4,3,4,0,1,27.6,0.0,50.7
2024-11-12,R08,4,4,4,0,0,45.4,0.0,83.5
2024-11-13,R08,2,3,2,0,0,29.3,4.3,100.0
2024-11-14,R08,5,2,5,0,3,13.1,0.0,25.6
2024-11-15,R08,2,3,2,0,0,34.4,9.4,100.0
2024-11-18,R08,4,4,4,0,0,36.8,0.0,67.6
2024-11-19,R08,5,4,5,0,1,38.3,0.0,56.3
2024-11-20,R08,3,3,3,0,0,30.1,0.0,73.8
2024-11-21,R08,3,4,3,0,0,44.5,7.0,100.0
2024-11-22,R08,3,3,3,0,0,26.9,0.0,83.0
2024-11-25,R08,4,3,4,0,1,33.6,0.0,61.8
2024-11-26,R08,4,3,4,0,1,36.2,0.0,66.5
2024-11-27,R08,3,2,3,0,1,21.2,0.0,52.0
2024-11-28,R08,3,3,3,0,0,31.2,0.0,76.5
2024-11-29,R08,3,3,3,0,0,27.8,0.0,68.1
2024-12-02,R08,4,3,4,0,1,31.7,0.0,58.3
2024-12-03,R08,4,4,4,0,0,48.4,0.0,89.0
2024-12-04,R08,2,2,2,0,0,20.7,0.0,76.1
2024-12-05,R08,3,4,3,1,0,44.6,0.0,82.0
2024-12-06,R08,3,2,3,0,1,12.9,0.0,31.6
2024-12-09,R08,3,3,3,0,0,34.9,0.0,85.5
2024-12-10,R08,4,4,4,0,0,42.7,0.0,78.5
2024-12-11,R08,2,4,2,2,0,42.6,0.0,78.3
2024-12-12,R08,4,3,4,0,1,37.3,0.0,68.6
2024-12-13,R08,1,3,1,1,0,27.5,2.5,100.0
2024-12-16,R08,3,4,3,0,0,39.5,4.4,96.8
2024-12-17,R08,4,4,4,0,0,39.3,0.0,80.4
2024-12-18,R08,3,2,3,0,1,24.9,0.0,61.0
2024-12-19,R08,4,4,4,0,0,49.1,0.0,90.3
2024-12-20,R08,2,2,2,0,0,15.7,0.0,57.7
2024-12-23,R08,4,3,4,0,1,26.8,0.0,49.3
2024-12-24,R08,4,4,4,0,0,45.5,0.0,83.6
2024-12-27,R08,2,1,2,0,1,8.0,0.0,29.4
2024-12-30,R08,3,2,3,0,1,21.8,0.0,53.4
2024-12-31,R08,4,4,4,0,0,39.2,0.0,72.1
2025-01-02,R08,3,3,3,0,0,25.2,0.0,61.8
2025-01-03,R08,1,2,1,0,0,17.5,5.0,100.0
2025-01-07,R08,4,6,4,1,0,61.8,4.2,90.9
2025-01-08,R08,2,4,2,1,0,39.4,6.1,100.0
2025-01-09,R08,4,4,4,0,0,41.7,0.0,87.9
2025-01-10,R08,2,3,2,0,0,28.2,3.2,100.0
2025-01-13,R08,3,4,3,1,0,43.4,0.0,79.8
2025-01-14,R08,6,4,6,0,2,38.7,0.0,47.4
2025-01-15,R08,3,3,3,0,0,25.3,0.0,62.0
2025-01-16,R08,3,4,3,0,0,37.7,0.2,92.4
2025-01-17,R08,3,3,3,0,0,30.2,0.0,74.4
2025-01-20,R08,4,4,4,0,0,37.9,0.0,69.7
2025-01-21,R08,5,5,5,0,0,57.3,0.0,84.3
2025-01-22,R08,2,3,2,1,0,37.0,0.0,90.7
2025-01-23,R08,4,4,4,0,0,38.7,0.0,71.1
2025-01-24,R08,4,3,4,0,1,30.3,0.0,55.7
2025-01-27,R08,4,4,4,0,0,38.1,0.0,70.0
2025-01-28,R08,5,4,5,0,1,45.7,0.0,67.2
2025-01-29,R08,2,2,2,0,0,23.6,0.0,86.8
2025-01-30,R08,4,4,4,0,0,48.4,0.0,89.0
2025-01-31,R08,2,3,2,0,0,27.7,2.7,100.0
2025-02-03,R08,4,3,4,0,1,27.9,0.0,51.3
2025-02-04,R08,4,4,4,0,0,46.7,0.0,85.8
2025-02-05,R08,3,3,3,0,0,36.5,0.0,89.5
2025-02-06,R08,4,3,4,0,1,30.4,0.0,55.9
2025-02-07,R08,2,2,2,0,0,21.6,0.0,79.4
2025-02-10,R08,4,3,4,0,1,27.7,0.0,50.9
2025-02-11,R08,4,4,4,0,0,38.7,0.0,71.1
2025-02-12,R08,2,3,2,0,0,27.2,2.2,100.0
2025-02-13,R08,3,4,3,1,0,42.8,0.0,82.7
2025-02-14,R08,2,2,2,0,0,24.0,0.0,88.2
2025-02-17,R08,3,4,3,1,0,48.5,0.0,89.2
2025-02-18,R08,4,4,4,0,0,42.5,0.0,78.1
2025-02-19,R08,3,2,3,0,1,22.6,0.0,55.4
2025-02-20,R08,4,5,4,1,0,59.2,0.0,87.1
2025-02-21,R08,1,3,1,0,0,25.4,12.9,100.0
2025-02-24,R08,5,5,5,0,0,42.8,0.0,62.9
2025-02-25,R08,4,4,4,0,0,46.1,0.0,84.7
2025-02-26,R08,2,3,2,1,0,35.0,0.0,85.8
2025-02-27,R08,4,3,4,0,1,36.9,0.0,67.8
2025-02-28,R08,2,3,2,0,0,28.4,3.4,100.0
2025-03-03,R08,4,3,4,0,1,32.3,0.0,59.4
2025-03-04,R08,4,3,4,0,1,37.5,0.0,68.9
2025-03-05,R08,3,3,3,0,0,28.7,0.0,70.3
2025-03-06,R08,4,5,4,1,0,55.1,0.0,81.0
2025-03-07,R08,3,2,3,0,1,23.8,0.0,58.3
2025-03-10,R08,4,4,4,0,0,37.9,0.0,69.7
2025-03-11,R08,4,4,4,0,0,49.0,0.0,90.1
2025-03-12,R08,3,3,3,0,0,30.7,0.0,75.2
2025-03-13,R08,6,5,6,0,1,52.7,0.0,64.6
2025-03-14,R08,3,2,3,0,1,21.6,0.0,52.9
2025-03-17,R08,4,3,4,0,1,35.3,0.0,64.9
2025-03-18,R08,4,4,4,0,0,46.6,0.0,85.7
2025-03-19,R08,3,3,3,0,0,26.5,0.0,65.0
2025-03-20,R08,7,5,7,0,2,60.3,0.0,63.3
2025-03-21,R08,2,3,2,0,0,28.4,3.4,100.0
2025-03-24,R08,4,3,4,0,1,32.0,0.0,58.8
2025-03-25,R08,5,5,5,0,0,53.8,0.0,79.1
2025-03-26,R08,3,3,3,0,0,25.2,0.0,61.8
2025-03-27,R08,5,4,5,0,1,37.6,0.0,55.3
2025-03-28,R08,2,2,2,0,0,23.9,0.0,87.9
2025-03-31,R08,4,4,4,0,0,45.5,0.0,83.6
2025-04-01,R08,5,4,5,0,1,41.3,0.0,60.7
2025-04-02,R08,3,3,3,0,0,28.1,0.0,68.9
2025-04-03,R08,5,4,5,0,1,50.0,0.0,73.5
2025-04-04,R08,2,3,2,0,0,26.5,1.5,97.4
2025-04-07,R08,4,4,4,0,0,42.6,0.0,78.3
2025-04-08,R08,4,5,4,0,0,50.6,0.6,93.0
2025-04-09,R08,3,3,3,0,0,36.2,0.0,90.1
2025-04-10,R08,4,5,4,0,0,50.2,0.2,92.3
2025-04-11,R08,3,3,3,0,0,30.9,0.0,76.1
2025-04-14,R08,4,3,4,0,1,31.5,0.0,57.9
2025-04-15,R08,5,5,5,0,0,54.5,0.0,80.1
2025-04-16,R08,3,3,3,0,0,26.3,0.0,64.5
2025-04-17,R08,4,5,4,0,0,50.6,0.6,93.0
2025-04-22,R08,5,4,5,0,1,41.6,0.0,61.2
2025-04-23,R08,4,3,4,0,1,35.1,0.0,64.5
2025-04-24,R08,5,4,5,0,1,39.8,0.0,58.5
2025-04-25,R08,3,2,3,0,1,15.7,0.0,38.5
2025-04-28,R08,4,4,4,0,0,39.3,0.0,72.2
2025-04-29,R08,4,5,4,0,0,53.6,3.6,98.5
2025-04-30,R08,3,4,3,0,0,37.3,3.3,100.0
2025-05-02,R08,2,3,2,0,0,23.1,1.4,84.9
2025-05-05,R08,4,4,4,0,0,38.2,0.0,70.2
2025-05-06,R08,4,4,4,0,0,42.0,0.0,77.2
2025-05-07,R08,5,3,5,0,2,35.7,0.0,52.5
2025-05-08,R08,4,5,4,0,0,53.7,3.7,98.7
2025-05-09,R08,2,3,2,0,0,28.0,6.6,100.0
2025-05-12,R08,4,4,4,0,0,35.1,0.0,64.5
2025-05-13,R08,4,4,4,0,0,46.1,0.0,84.7
2025-05-14,R08,3,3,3,0,0,35.6,0.0,87.3
2025-05-15,R08,5,4,5,0,1,47.6,0.0,70.0
2025-05-16,R08,2,2,2,0,0,20.8,0.0,76.5
2025-05-19,R08,4,4,4,0,0,47.1,0.0,86.6
2025-05-20,R08,4,5,4,0,0,52.1,2.1,95.8
2025-05-21,R08,3,3,3,0,0,31.6,0.0,82.5
2025-05-22,R08,4,4,4,0,0,47.1,0.0,86.6
2025-05-23,R08,2,2,2,0,0,20.3,0.0,74.6
2025-05-26,R08,4,3,4,0,1,32.4,0.0,59.6
2025-05-27,R08,4,5,4,0,0,54.5,4.5,100.0
2025-05-28,R08,3,5,3,0,0,47.6,14.5,100.0
2025-05-30,R08,2,4,2,0,0,23.2,12.7,85.3
2025-06-02,R08,4,5,4,0,0,37.8,0.4,69.5
2025-06-03,R08,5,4,5,0,1,49.2,0.0,73.0
2025-06-04,R08,4,3,4,0,1,27.5,0.0,50.6
2025-06-05,R08,4,5,4,0,0,51.1,1.1,93.9
2025-06-06,R08,2,3,2,1,0,32.4,0.0,82.0
2025-06-10,R08,5,3,5,0,2,31.3,0.0,46.0
2025-06-11,R08,3,3,3,0,0,37.5,0.0,91.9
2025-06-12,R08,5,4,5,0,1,46.0,0.0,67.6
2025-06-13,R08,2,2,2,0,0,23.6,0.0,86.8
2025-06-16,R08,5,4,5,0,1,46.8,0.0,68.8
2025-06-17,R08,4,4,4,0,0,37.6,0.0,69.1
2025-06-18,R08,3,4,3,0,0,38.7,1.2,94.9
2025-06-20,R08,2,3,2,0,0,27.3,3.4,100.0
2025-06-23,R08,4,4,4,0,0,43.9,0.0,80.7
2025-06-24,R08,5,5,5,0,0,52.6,0.0,77.4
2025-06-25,R08,5,3,5,0,2,30.5,0.0,44.9
2025-06-26,R08,5,4,5,0,1,48.7,0.0,71.6
2025-06-27,R08,2,2,2,0,0,18.3,0.0,67.3
2025-06-30,R08,4,4,4,0,0,40.8,0.0,75.0
2025-07-01,R08,5,3,5,0,2,37.4,0.0,55.0
2025-07-02,R08,3,2,3,0,1,22.6,0.0,55.4
2025-07-03,R08,4,4,4,0,0,42.4,0.0,77.9
2025-07-04,R08,3,2,3,0,1,20.8,0.0,51.0
2025-07-07,R08,4,3,4,0,1,31.7,0.0,58.3
2025-07-08,R08,5,5,5,0,0,54.8,0.0,80.6
2025-07-09,R08,3,3,3,0,0,29.0,0.0,71.1
2025-07-10,R08,4,3,4,0,1,34.8,0.0,64.0
2025-07-11,R08,2,2,2,0,0,21.0,0.0,77.2
2025-07-14,R08,3,3,3,0,0,29.5,0.0,72.3
2025-07-15,R08,5,5,5,0,0,52.1,0.0,76.6
2025-07-16,R08,2,3,2,0,0,25.7,0.7,94.5
2025-07-17,R08,4,4,4,0,0,46.9,0.0,87.5
2025-07-18,R08,3,2,3,0,1,21.3,0.0,52.2
2025-07-21,R08,4,3,4,0,1,35.8,0.0,65.8
2025-07-22,R08,5,4,5,0,1,44.9,0.0,66.0
2025-07-23,R08,3,2,3,0,1,19.6,0.0,48.0
2025-07-24,R08,3,5,3,1,0,51.2,1.2,94.1
2025-07-25,R08,3,2,3,0,1,22.9,0.0,59.0
2025-07-28,R08,3,3,3,0,0,31.7,0.0,77.7
2025-07-29,R08,5,5,5,0,0,54.3,0.0,79.9
2025-07-30,R08,2,2,2,0,0,24.8,0.0,91.2
2025-07-31,R08,5,3,5,0,2,34.5,0.0,50.7
2025-08-01,R08,2,2,2,0,0,16.7,0.0,61.4
2025-08-04,R08,4,2,4,0,2,24.5,0.0,45.0
2025-08-05,R08,4,3,4,0,1,31.9,0.0,58.6
2025-08-06,R08,2,2,2,0,0,20.7,0.0,76.1
2025-08-07,R08,3,3,3,0,0,30.2,0.0,74.0
2025-08-08,R08,2,2,2,0,0,21.8,0.0,80.1
2025-08-11,R08,3,3,3,0,0,26.3,0.0,64.5
2025-08-12,R08,3,4,3,0,0,38.7,1.2,94.9
2025-08-13,R08,2,3,2,0,0,25.5,1.6,98.0
2025-08-14,R08,3,4,3,1,0,47.4,0.0,90.1
2025-08-15,R08,3,2,3,0,1,15.9,0.0,39.0
2025-08-18,R08,4,3,4,0,1,25.1,0.0,46.1
2025-08-19,R08,4,4,4,0,0,47.4,0.0,87.1
2025-08-20,R08,3,2,3,0,1,20.6,0.0,50.5
2025-08-21,R08,4,3,4,0,1,27.1,0.0,49.8
2025-08-22,R08,1,2,1,0,0,14.9,2.4,100.0
2025-08-25,R08,4,3,4,0,1,29.3,0.0,53.9
2025-08-26,R08,4,4,4,0,0,37.6,0.0,69.1
2025-08-27,R08,3,2,3,0,1,19.2,0.0,47.1
2025-08-28,R08,3,3,3,0,0,36.2,0.0,88.7
2025-08-29,R08,2,2,2,0,0,20.5,0.0,75.4
2025-09-01,R08,4,2,4,0,2,24.1,0.0,44.3
2025-09-02,R08,4,4,4,0,0,43.3,0.0,79.6
2025-09-03,R08,2,3,2,1,0,32.3,0.0,79.2
2025-09-04,R08,3,4,3,0,0,41.8,4.3,100.0
2025-09-05,R08,2,2,2,0,0,16.1,0.0,74.9
2025-09-08,R08,2,3,2,0,0,26.1,1.1,96.0
2025-09-09,R08,4,5,4,0,0,49.1,0.1,92.2
2025-09-10,R08,2,2,2,0,0,22.9,0.0,84.7
2025-09-11,R08,3,3,3,0,0,34.5,0.0,84.6
2025-09-12,R08,2,1,2,0,1,11.9,0.0,43.7
2025-09-15,R08,4,2,4,0,2,17.8,0.0,32.7
2025-09-16,R08,5,3,5,0,2,34.3,0.0,50.4
2025-09-17,R08,3,3,3,0,0,28.4,0.0,69.6
2025-09-18,R08,4,4,4,0,0,43.7,0.0,80.3
2025-09-19,R08,2,2,2,0,0,19.0,0.0,69.9
2025-09-22,R08,4,2,4,0,2,21.6,0.0,39.7
2025-09-23,R08,3,4,3,0,0,38.5,1.0,94.4
2025-09-24,R08,2,3,2,0,0,25.6,1.5,97.7
2025-09-25,R08,4,4,4,0,0,36.7,0.0,70.3
2025-09-26,R08,2,2,2,0,0,24.0,0.0,88.2
2025-09-29,R08,3,2,3,0,1,22.2,0.0,54.4
2025-09-30,R08,4,4,4,0,0,45.5,0.0,83.6
2025-10-01,R08,3,2,3,0,1,21.6,0.0,52.9
2025-10-02,R08,4,4,4,0,0,43.4,0.0,79.8
2025-10-06,R08,2,3,2,0,0,29.6,4.6,100.0
2025-10-07,R08,4,4,4,0,0,42.7,0.0,86.9
2025-10-08,R08,3,3,3,0,0,29.7,0.0,72.8
2025-10-09,R08,4,4,4,0,0,49.2,0.0,90.4
2025-10-10,R08,3,2,3,0,1,21.8,0.0,53.4
2025-10-13,R08,4,2,4,0,2,24.4,0.0,44.9
2025-10-14,R08,4,3,4,0,1,32.4,0.0,59.6
2025-10-15,R08,3,3,3,0,0,25.7,0.0,63.0
2025-10-16,R08,4,3,4,0,1,35.5,0.0,65.3
2025-10-17,R08,2,2,2,0,0,23.8,0.0,87.5
2025-10-20,R08,2,2,2,0,0,21.8,0.0,80.1
2025-10-21,R08,4,3,4,0,1,36.1,0.0,66.4
2025-10-22,R08,3,2,3,0,1,18.5,0.0,45.3
2025-10-23,R08,4,4,4,0,0,39.9,0.0,73.3
2025-10-24,R08,2,2,2,0,0,22.6,0.0,83.1
2025-10-27,R08,3,3,3,0,0,29.9,0.0,73.3
2025-10-28,R08,4,4,4,0,0,42.7,0.0,78.5
2025-10-29,R08,2,3,2,0,0,28.6,3.6,100.0
2025-10-30,R08,4,4,4,0,0,42.5,0.0,84.7
2025-10-31,R08,2,3,2,1,0,32.5,0.0,79.7
2025-11-03,R08,3,2,3,0,1,24.5,0.0,60.0
2025-11-04,R08,4,4,4,0,0,41.6,0.0,76.5
2025-11-05,R08,2,2,2,0,0,22.3,0.0,82.0
2025-11-06,R08,4,4,4,0,0,38.9,0.0,71.5
2025-11-07,R08,2,2,2,0,0,18.2,0.0,66.9
2025-11-10,R08,3,3,3,0,0,27.9,0.0,68.4
2025-11-11,R08,4,4,4,0,0,45.1,0.0,82.9
2025-11-12,R08,2,2,2,0,0,22.9,0.0,84.2
2025-11-13,R08,3,4,3,1,0,47.6,0.0,87.5
2025-11-14,R08,3,2,3,0,1,21.5,0.0,52.7
2025-11-17,R08,3,2,3,0,1,14.2,0.0,34.8
2025-11-18,R08,4,4,4,0,0,47.7,0.0,87.7
2025-11-19,R08,2,3,2,0,0,27.4,2.4,100.0
2025-11-20,R08,5,3,5,0,2,33.4,0.0,52.6
2025-11-21,R08,2,2,2,0,0,20.4,0.0,75.0
2025-11-24,R08,4,2,4,0,2,22.1,0.0,40.6
2025-11-25,R08,3,4,3,0,0,38.7,1.2,94.9
2025-11-26,R08,2,3,2,0,0,25.0,1.1,96.2
2025-11-27,R08,4,4,4,0,0,45.9,0.0,86.5
2025-11-28,R08,2,3,2,0,0,26.2,1.2,96.3
2025-12-01,R08,3,3,3,0,0,28.1,0.0,68.9
2025-12-02,R08,4,4,4,0,0,47.4,0.0,87.1
2025-12-03,R08,2,2,2,0,0,19.3,0.0,71.0
2025-12-04,R08,4,3,4,0,1,35.7,0.0,65.6
2025-12-05,R08,1,3,1,1,0,26.4,1.4,97.1
2025-12-08,R08,3,3,3,0,0,25.0,0.0,61.3
2025-12-09,R08,4,4,4,0,0,46.3,0.0,85.1
2025-12-10,R08,3,3,3,0,0,25.3,0.0,62.0
2025-12-11,R08,3,5,3,1,0,53.1,3.1,97.6
2025-12-12,R08,3,2,3,0,1,20.0,0.0,56.5
2025-12-15,R08,4,3,4,0,1,31.3,0.0,57.5
2025-12-16,R08,4,5,4,0,0,54.2,4.2,99.6
2025-12-17,R08,3,2,3,0,1,19.1,0.0,57.0
2025-12-18,R08,4,4,4,0,0,41.1,0.0,75.6
2025-12-19,R08,2,2,2,0,0,22.3,0.0,82.0
2025-12-22,R08,3,1,3,0,2,11.3,0.0,27.7
2025-12-23,R08,4,3,4,0,1,34.4,0.0,63.2
2025-12-24,R08,2,2,2,0,0,20.8,0.0,76.5
2025-12-29,R08,3,2,3,0,1,17.4,0.0,42.6
2025-12-30,R08,3,3,3,0,0,26.2,0.0,64.2
2025-12-31,R08,1,2,1,0,0,13.2,0.7,97.1
2026-01-02,R08,2,1,2,0,1,10.2,0.0,37.5
2026-01-05,R08,1,2,1,1,0,17.8,0.0,65.4
2026-01-07,R08,2,2,2,0,0,16.3,0.0,59.9
2026-01-08,R08,3,4,3,1,0,49.1,0.0,90.3
2026-01-09,R08,2,2,2,0,0,16.1,0.0,59.2
2026-01-12,R08,3,3,3,0,0,29.0,0.0,71.1
2026-01-13,R08,4,3,4,0,1,36.3,0.0,66.7
2026-01-14,R08,2,3,2,0,0,26.4,1.4,97.1
2026-01-15,R08,5,3,5,0,2,30.8,0.0,47.3
2026-01-16,R08,1,2,1,0,0,24.0,11.5,100.0
2026-01-19,R08,4,3,4,0,1,24.7,0.0,45.4
2026-01-20,R08,3,3,3,0,0,31.0,0.0,76.0
2026-01-21,R08,3,2,3,0,1,20.0,0.0,49.0
2026-01-22,R08,3,4,3,1,0,45.6,0.0,83.8
2026-01-23,R08,2,2,2,0,0,16.1,0.0,59.2
2026-01-26,R08,4,3,4,0,1,29.2,0.0,53.7
2026-01-27,R08,4,4,4,0,0,46.8,0.0,86.0
2026-01-28,R08,2,2,2,0,0,24.6,0.0,90.4
2026-01-29,R08,4,4,4,0,0,46.1,0.0,84.7
2026-01-30,R08,2,2,2,0,0,24.0,0.0,88.2
2026-02-02,R08,3,2,3,0,1,18.8,0.0,46.1
2026-02-03,R08,4,3,4,0,1,34.3,0.0,63.1
2026-02-04,R08,3,3,3,0,0,28.6,0.0,70.1
2026-02-05,R08,4,3,4,0,1,31.4,0.0,57.7
2026-02-06,R08,1,2,1,0,0,23.8,11.3,100.0
2026-02-09,R08,3,4,3,1,0,36.6,0.0,67.3
2026-02-10,R08,4,5,4,1,0,56.3,0.0,82.8
2026-02-11,R08,3,2,3,0,1,21.9,0.0,53.7
2026-02-12,R08,4,4,4,0,0,44.9,0.0,82.5
2026-02-13,R08,2,2,2,0,0,13.4,0.0,49.3
2026-02-16,R08,4,2,4,0,2,23.0,0.0,42.3
2026-02-17,R08,4,4,4,0,0,38.1,0.0,70.0
2026-02-18,R08,2,3,2,0,0,26.2,1.2,96.3
2026-02-19,R08,4,3,4,0,1,35.6,0.0,67.6
2026-02-20,R08,2,2,2,0,0,23.2,0.0,85.3
2026-02-23,R08,4,2,4,0,2,22.6,0.0,41.5
2026-02-24,R08,4,4,4,0,0,37.9,0.0,69.7
2026-02-25,R08,3,3,3,0,0,30.2,0.0,74.0
2026-02-26,R08,3,4,3,1,0,44.2,0.0,81.3
2026-02-27,R08,2,3,2,0,0,28.5,3.5,100.0
2026-03-02,R08,2,3,2,0,0,26.1,4.6,96.0
2026-03-03,R08,4,6,4,1,0,62.9,4.9,99.2
2026-03-04,R08,3,3,3,0,0,20.8,0.0,63.0
2026-03-05,R08,5,3,5,0,2,35.3,0.0,51.9
2026-03-06,R08,3,2,3,0,1,16.3,0.0,40.0
2026-03-09,R08,3,4,3,0,0,41.0,3.5,100.0
2026-03-10,R08,5,5,5,0,0,51.6,0.0,81.0
2026-03-11,R08,3,3,3,0,0,25.7,0.0,63.0
2026-03-12,R08,3,4,3,1,0,44.1,0.0,81.1
2026-03-13,R08,2,2,2,0,0,24.7,0.0,90.8
2026-03-16,R08,4,3,4,0,1,27.4,0.0,50.4
2026-03-17,R08,5,4,5,0,1,45.2,0.0,66.5
2026-03-18,R08,3,3,3,0,0,26.9,0.0,65.9
2026-03-19,R08,5,3,5,0,2,36.5,0.0,53.7
2026-03-20,R08,2,3,2,0,0,26.1,1.1,96.0
2026-03-23,R08,4,3,4,0,1,28.3,0.0,52.0
2026-03-24,R08,4,4,4,0,0,41.2,0.0,75.7
2026-03-25,R08,3,3,3,0,0,29.2,0.0,71.6
2026-03-26,R08,4,4,4,0,0,48.2,0.0,88.6
2026-03-27,R08,2,1,2,0,1,11.9,0.0,43.7
2026-03-30,R08,5,2,5,0,3,23.9,0.0,35.1
2026-03-31,R08,4,4,4,0,0,43.4,0.0,79.8
2026-04-01,R08,3,2,3,0,1,19.6,0.0,48.0
2026-04-02,R08,4,4,4,0,0,48.4,0.0,89.0
2026-04-07,R08,4,5,4,0,0,53.9,3.9,99.1
2026-04-08,R08,2,5,2,2,0,49.5,3.3,98.1
2026-04-09,R08,5,5,5,0,0,49.4,0.0,77.5
2026-04-10,R08,2,2,2,0,0,18.9,0.0,69.5
2026-04-13,R08,3,3,3,0,0,35.9,0.0,88.0
2026-04-14,R08,5,4,5,0,1,38.6,0.0,56.8
2026-04-15,R08,4,3,4,0,1,25.8,0.0,47.4
2026-04-16,R08,5,4,5,0,1,40.7,0.0,59.9
2026-04-17,R08,2,2,2,0,0,20.5,0.0,75.4
2026-04-20,R08,3,2,3,0,1,24.8,0.0,60.8
2026-04-21,R08,4,4,4,0,0,46.5,0.0,85.5
2026-04-22,R08,4,3,4,0,1,25.3,0.0,46.5
2026-04-23,R08,4,3,4,0,1,33.3,0.0,61.2
2026-04-24,R08,1,2,1,1,0,24.0,0.0,88.2
2026-04-27,R08,3,2,3,0,1,18.5,0.0,45.3
2026-04-28,R08,4,4,4,0,0,38.2,0.0,70.2
2026-04-29,R08,3,2,3,0,1,24.9,0.0,61.0
2026-04-30,R08,3,5,3,1,0,50.2,0.2,92.3
2026-05-04,R08,3,4,3,1,0,44.0,0.0,80.9
2026-05-05,R08,5,4,5,0,1,39.8,0.0,58.5
2026-05-06,R08,2,2,2,0,0,15.4,0.0,56.6
2026-05-07,R08,4,4,4,0,0,43.6,0.0,80.1
2026-05-08,R08,3,2,3,0,1,23.9,0.0,58.6
2026-05-11,R08,4,3,4,0,1,25.5,0.0,46.9
2026-05-12,R08,4,5,4,0,0,53.0,3.0,97.4
2026-05-13,R08,2,3,2,1,0,31.2,0.0,83.7
2026-05-15,R08,2,2,2,0,0,14.2,0.0,52.2
2026-05-18,R08,4,3,4,0,1,26.6,0.0,48.9
2026-05-19,R08,5,4,5,0,1,39.1,0.0,57.5
2026-05-20,R08,3,4,3,0,0,39.8,2.3,97.5
2026-05-21,R08,4,5,4,1,0,58.5,0.0,89.4
2026-05-22,R08,1,3,1,0,0,29.8,17.3,100.0
2026-05-26,R08,5,5,5,0,0,44.6,0.0,65.6
2026-05-27,R08,4,3,4,0,1,30.4,0.0,55.9
2026-05-28,R08,5,5,5,0,0,55.1,0.0,81.0
2026-05-29,R08,3,2,3,0,1,18.5,0.0,45.3
2026-06-01,R08,5,3,5,0,2,37.2,0.0,54.7
2026-06-02,R08,5,4,5,0,1,47.7,0.0,70.1
2026-06-03,R08,3,3,3,0,0,34.9,0.0,85.5
2026-06-05,R08,2,2,2,0,0,21.1,0.0,77.6
2026-06-08,R08,4,2,4,0,2,21.9,0.0,40.3
2026-06-09,R08,3,4,3,0,0,47.8,10.3,100.0
2026-06-10,R08,3,4,3,0,0,31.5,4.2,100.0
2026-06-11,R08,4,4,4,0,0,42.0,0.0,85.0
2026-06-12,R08,2,3,2,0,0,28.8,3.8,100.0
2026-06-15,R08,3,3,3,0,0,32.0,0.0,78.4
2026-06-16,R08,4,5,4,1,0,56.5,0.0,83.1
2026-06-17,R08,4,3,4,0,1,25.3,0.0,46.5
2026-06-18,R08,4,4,4,0,0,41.9,0.0,77.0
2026-06-19,R08,2,2,2,0,0,23.6,0.0,86.8
2026-06-22,R08,3,3,3,0,0,27.1,0.0,66.4
2026-06-23,R08,4,4,4,0,0,48.6,0.0,89.3
2026-06-24,R08,3,2,3,0,1,22.9,0.0,56.1
2026-06-25,R08,4,4,4,0,0,47.5,0.0,87.3
2026-06-26,R08,1,2,1,1,0,18.7,0.0,68.8
2026-06-29,R08,4,3,4,0,1,27.1,0.0,49.8
2026-06-30,R08,4,3,4,0,1,31.4,0.0,57.7
2026-07-01,R08,2,2,2,0,0,18.0,0.0,66.2
2026-07-02,R08,4,3,4,0,1,37.2,0.0,68.4
2026-07-03,R08,2,2,2,0,0,20.7,0.0,76.1
2026-07-06,R08,3,3,3,0,0,34.7,0.0,85.0
2026-07-07,R08,4,4,4,0,0,44.3,0.0,81.4
2026-07-08,R08,3,3,3,0,0,27.0,0.0,66.2
2026-07-09,R08,3,5,3,1,0,53.1,3.1,97.6
2026-07-10,R08,2,2,2,0,0,20.7,0.0,87.3
2026-07-13,R08,3,3,3,0,0,35.6,0.0,87.3
2026-07-14,R08,4,4,4,0,0,49.1,0.0,90.3
2026-07-15,R08,2,2,2,0,0,21.6,0.0,79.4
2026-07-16,R08,4,4,4,0,0,46.9,0.0,86.2
2026-07-17,R08,1,2,1,0,0,15.8,3.3,100.0
2026-07-20,R08,4,3,4,0,1,29.3,0.0,53.9
2026-07-21,R08,4,5,4,0,0,53.1,3.1,97.6
2026-07-22,R08,2,2,2,0,0,17.4,0.0,75.2
2026-07-23,R08,5,5,5,0,0,53.5,0.0,78.7
2026-07-24,R08,2,3,2,0,0,26.1,1.1,96.0
2026-07-27,R08,3,3,3,0,0,32.7,0.0,80.1
2026-07-28,R08,5,4,5,0,1,47.8,0.0,70.3
2026-07-29,R08,2,2,2,0,0,20.2,0.0,74.3
2026-07-30,R08,4,3,4,0,1,34.7,0.0,63.8
2026-07-31,R08,2,2,2,0,0,18.2,0.0,66.9
2026-08-03,R08,3,2,3,0,1,20.9,0.0,51.2
2026-08-04,R08,4,3,4,0,1,35.0,0.0,64.3
2026-08-05,R08,2,3,2,1,0,30.1,0.0,73.8
2026-08-06,R08,2,3,2,1,0,36.7,0.0,90.0
2026-08-07,R08,2,3,2,0,0,30.0,5.0,100.0
2026-08-10,R08,3,2,3,0,1,18.9,0.0,46.3
2026-08-11,R08,3,4,3,0,0,41.8,4.3,100.0
2026-08-12,R08,3,2,3,0,1,16.7,0.0,51.4
2026-08-13,R08,3,4,3,0,0,41.2,3.7,100.0
2026-08-14,R08,2,2,2,0,0,14.5,0.0,66.8
2026-08-17,R08,3,3,3,0,0,25.3,0.0,62.0
2026-08-18,R08,4,5,4,0,0,50.7,0.7,93.2
2026-08-19,R08,3,3,3,0,0,24.4,0.0,61.4
2026-08-20,R08,3,3,3,0,0,31.0,0.0,76.0
2026-08-21,R08,2,2,2,0,0,14.6,0.0,53.7
2026-08-24,R08,3,2,3,0,1,25.0,0.0,61.3
2026-08-25,R08,4,3,4,0,1,32.6,0.0,59.9
2026-08-26,R08,3,3,3,0,0,29.3,0.0,71.8
2026-08-27,R08,4,3,4,0,1,34.5,0.0,63.4
2026-08-28,R08,2,2,2,0,0,20.7,0.0,76.1
2026-08-31,R08,3,3,3,0,0,25.8,0.0,63.2
2024-01-02,R09,3,3,3,0,0,26.9,0.0,65.9
2024-01-03,R09,1,1,1,0,0,9.5,0.0,69.9
2024-01-04,R09,2,2,2,0,0,16.9,0.0,62.1
2024-01-05,R09,2,3,2,0,0,25.6,0.6,94.1
2024-01-08,R09,3,2,3,0,1,17.9,0.0,43.9
2024-01-09,R09,3,3,3,0,0,34.1,0.0,83.6
2024-01-10,R09,1,3,1,1,0,26.8,1.8,98.5
2024-01-11,R09,2,3,2,0,0,27.2,4.0,100.0
2024-01-12,R09,3,2,3,0,1,13.1,0.0,41.8
2024-01-15,R09,3,2,3,0,1,24.4,0.0,59.8
2024-01-16,R09,3,3,3,0,0,31.5,0.0,77.2
2024-01-17,R09,2,2,2,0,0,12.7,0.0,46.7
2024-01-18,R09,3,2,3,0,1,21.1,0.0,51.7
2024-01-19,R09,2,2,2,0,0,14.2,0.0,52.2
2024-01-22,R09,3,2,3,0,1,24.1,0.0,59.1
2024-01-23,R09,4,3,4,0,1,25.8,0.0,47.4
2024-01-24,R09,3,2,3,0,1,16.4,0.0,40.2
2024-01-25,R09,2,4,2,2,0,43.8,0.0,80.5
2024-01-26,R09,3,2,3,0,1,16.2,0.0,39.7
2024-01-29,R09,2,2,2,0,0,24.1,0.0,88.6
2024-01-30,R09,3,3,3,0,0,25.3,0.0,62.0
2024-01-31,R09,2,2,2,0,0,17.3,0.0,63.6
2024-02-01,R09,3,3,3,0,0,28.6,0.0,70.1
2024-02-02,R09,1,2,1,1,0,18.2,0.0,66.9
2024-02-05,R09,2,2,2,0,0,21.3,0.0,78.3
2024-02-06,R09,3,3,3,0,0,37.2,0.0,91.2
2024-02-07,R09,2,2,2,0,0,24.8,0.0,91.2
2024-02-08,R09,3,3,3,0,0,30.1,0.0,73.8
2024-02-09,R09,2,2,2,0,0,14.9,0.0,54.8
2024-02-12,R09,3,2,3,0,1,21.7,0.0,53.2
2024-02-13,R09,3,3,3,0,0,25.8,0.0,63.2
2024-02-14,R09,2,2,2,0,0,21.4,0.0,78.7
2024-02-15,R09,3,3,3,0,0,27.6,0.0,67.6
2024-02-16,R09,2,2,2,0,0,18.0,0.0,66.2
2024-02-19,R09,3,2,3,0,1,22.8,0.0,55.9
2024-02-20,R09,3,2,3,0,1,22.8,0.0,55.9
2024-02-21,R09,2,3,2,0,0,25.2,0.2,92.6
2024-02-22,R09,3,3,3,0,0,30.1,0.0,74.2
2024-02-23,R09,2,1,2,0,1,11.7,0.0,43.0
2024-02-26,R09,2,2,2,0,0,20.9,0.0,76.8
2024-02-27,R09,3,3,3,0,0,29.6,0.0,72.5
2024-02-28,R09,3,2,3,0,1,18.0,0.0,44.1
2024-02-29,R09,4,3,4,0,1,26.7,0.0,49.1
2024-03-01,R09,1,2,1,0,0,21.1,8.6,100.0
2024-03-04,R09,2,3,2,0,0,26.4,10.0,97.1
2024-03-05,R09,2,4,2,1,0,28.8,1.2,95.0
2024-03-06,R09,2,2,2,0,0,20.0,0.0,78.0
2024-03-07,R09,3,3,3,0,0,29.3,0.0,71.8
2024-03-08,R09,2,2,2,0,0,20.2,0.0,74.3
2024-03-11,R09,3,2,3,0,1,18.6,0.0,45.6
2024-03-12,R09,3,2,3,0,1,24.2,0.0,59.3
2024-03-13,R09,2,2,2,0,0,23.0,0.0,84.6
2024-03-14,R09,3,3,3,0,0,27.7,0.0,67.9
2024-03-15,R09,2,2,2,0,0,15.1,0.0,55.5
2024-03-18,R09,2,2,2,0,0,15.9,0.0,58.5
2024-03-19,R09,2,3,2,1,0,34.3,0.0,84.1
2024-03-20,R09,2,3,2,1,0,32.1,0.0,78.7
2024-03-21,R09,3,3,3,0,0,35.4,0.0,86.8
2024-03-22,R09,2,2,2,0,0,17.6,0.0,64.7
2024-03-25,R09,2,2,2,0,0,18.4,0.0,67.6
2024-03-26,R09,3,2,3,0,1,24.5,0.0,60.0
2024-03-27,R09,3,2,3,0,1,16.3,0.0,40.0
2024-03-28,R09,3,3,3,0,0,35.8,0.0,87.7
2024-04-02,R09,2,3,2,0,0,29.2,4.2,100.0
2024-04-03,R09,2,3,2,0,0,22.3,1.5,97.3
2024-04-04,R09,3,3,3,0,0,33.1,0.0,84.7
2024-04-05,R09,2,2,2,0,0,17.9,0.0,65.8
2024-04-08,R09,3,3,3,0,0,26.9,0.0,65.9
2024-04-09,R09,3,3,3,0,0,31.1,0.0,76.2
2024-04-10,R09,2,3,2,0,0,25.8,0.8,94.9
2024-04-11,R09,3,4,3,1,0,45.6,0.0,85.3
2024-04-12,R09,2,2,2,0,0,13.6,0.0,50.0
2024-04-15,R09,3,2,3,0,1,16.4,0.0,40.2
2024-04-16,R09,3,3,3,0,0,33.8,0.0,82.8
2024-04-17,R09,3,2,3,0,1,13.7,0.0,33.6
2024-04-18,R09,3,3,3,0,0,29.6,0.0,72.5
2024-04-19,R09,1,2,1,0,0,16.2,3.7,100.0
2024-04-22,R09,3,2,3,0,1,17.8,0.0,43.6
2024-04-23,R09,3,3,3,0,0,29.6,0.0,72.5
2024-04-24,R09,2,2,2,0,0,15.8,0.0,58.1
2024-04-25,R09,4,3,4,0,1,33.3,0.0,61.2
2024-04-26,R09,2,2,2,0,0,16.2,0.0,59.6
2024-04-29,R09,2,2,2,0,0,20.1,0.0,73.9
2024-04-30,R09,3,4,3,1,0,43.6,0.0,80.1
2024-05-02,R09,3,3,3,0,0,31.9,0.0,78.2
2024-05-03,R09,2,2,2,0,0,17.2,0.0,63.2
2024-05-06,R09,2,2,2,0,0,15.3,0.0,56.2
2024-05-07,R09,3,3,3,0,0,30.8,0.0,75.5
2024-05-08,R09,2,2,2,0,0,21.2,0.0,77.9
2024-05-10,R09,1,1,1,0,0,6.3,0.0,46.3
2024-05-13,R09,2,3,2,0,0,25.1,0.1,92.3
2024-05-14,R09,3,3,3,0,0,25.2,0.0,62.0
2024-05-15,R09,1,2,1,0,0,12.7,0.2,93.4
2024-05-16,R09,3,3,3,0,0,28.7,0.0,70.8
2024-05-17,R09,1,3,1,2,0,32.3,0.0,79.2
2024-05-21,R09,3,3,3,0,0,31.0,0.0,76.0
2024-05-22,R09,2,2,2,0,0,24.6,0.0,90.4
2024-05-23,R09,3,3,3,0,0,36.5,0.0,89.5
2024-05-24,R09,2,2,2,0,0,20.7,0.0,76.1
2024-05-27,R09,3,2,3,0,1,20.5,0.0,50.2
2024-05-28,R09,3,2,3,0,1,21.4,0.0,52.5
2024-05-29,R09,2,2,2,0,0,22.9,0.0,84.2
2024-05-31,R09,2,2,2,0,0,18.6,0.0,68.4
2024-06-03,R09,2,2,2,0,0,16.4,0.0,60.3
2024-06-04,R09,3,2,3,0,1,18.2,0.0,44.6
2024-06-05,R09,2,2,2,0,0,22.0,0.0,80.9
2024-06-06,R09,3,3,3,0,0,36.6,0.0,89.7
2024-06-07,R09,2,1,2,0,1,12.3,0.0,45.2
2024-06-10,R09,2,2,2,0,0,21.6,0.0,79.4
2024-06-11,R09,2,3,2,0,0,25.5,0.5,93.8
2024-06-12,R09,2,1,2,0,1,9.7,0.0,37.4
2024-06-13,R09,3,2,3,0,1,20.3,0.0,49.8
2024-06-14,R09,2,3,2,0,0,26.4,1.4,97.1
2024-06-17,R09,2,3,2,1,0,30.9,0.0,75.7
2024-06-18,R09,3,2,3,0,1,24.5,0.0,60.0
2024-06-19,R09,2,3,2,0,0,25.9,0.9,95.2
2024-06-20,R09,2,2,2,0,0,21.7,0.0,83.0
2024-06-21,R09,2,2,2,0,0,17.6,0.0,64.7
2024-06-24,R09,3,3,3,0,0,26.3,0.0,64.5
2024-06-25,R09,2,2,2,0,0,24.0,0.0,88.2
2024-06-26,R09,2,2,2,0,0,15.5,0.0,57.0
2024-06-27,R09,2,3,2,0,0,35.9,10.9,100.0
2024-06-28,R09,2,3,2,0,0,14.6,0.5,93.7
2024-07-01,R09,3,1,3,0,2,11.0,0.0,27.0
2024-07-02,R09,2,3,2,1,0,33.2,0.0,81.4
2024-07-03,R09,2,2,2,0,0,18.9,0.0,69.5
2024-07-04,R09,3,3,3,0,0,28.0,0.0,68.6
2024-07-05,R09,2,2,2,0,0,13.2,0.0,48.5
2024-07-08,R09,2,2,2,0,0,23.7,0.0,87.1
2024-07-09,R09,2,3,2,0,0,27.0,2.0,99.3
2024-07-10,R09,2,2,2,0,0,17.0,0.0,69.8
2024-07-11,R09,3,3,3,0,0,26.5,0.0,65.0
2024-07-12,R09,2,2,2,0,0,15.2,0.0,55.9
2024-07-15,R09,1,2,1,0,0,23.2,10.7,100.0
2024-07-16,R09,3,3,3,0,0,24.5,0.0,86.2
2024-07-17,R09,2,2,2,0,0,24.7,0.0,90.8
2024-07-18,R09,3,2,3,0,1,20.6,0.0,50.5
2024-07-19,R09,2,2,2,0,0,18.0,0.0,66.2
2024-07-22,R09,2,3,2,0,0,25.7,0.7,94.5
2024-07-23,R09,3,3,3,0,0,26.2,0.0,65.9
2024-07-24,R09,2,1,2,0,1,12.3,0.0,45.2
2024-07-25,R09,3,2,3,0,1,24.3,0.0,59.6
2024-07-26,R09,2,2,2,0,0,12.9,0.0,47.4
2024-07-29,R09,3,2,3,0,1,13.2,0.0,32.4
2024-07-30,R09,3,2,3,0,1,19.1,0.0,46.8
2024-07-31,R09,2,1,2,0,1,5.0,0.0,18.4
2024-08-01,R09,3,2,3,0,1,16.2,0.0,39.7
2024-08-02,R09,2,1,2,0,1,3.1,0.0,11.4
2024-08-05,R09,3,2,3,0,1,17.3,0.0,42.4
2024-08-06,R09,2,2,2,0,0,13.1,0.0,48.2
2024-08-07,R09,1,1,1,0,0,6.9,0.0,50.7
2024-08-08,R09,2,1,2,0,1,10.6,0.0,39.0
2024-08-09,R09,1,1,1,0,0,8.8,0.0,64.7
2024-08-12,R09,2,1,2,0,1,9.9,0.0,36.4
2024-08-13,R09,2,3,2,0,0,26.1,1.1,96.0
2024-08-14,R09,2,2,2,0,0,13.1,0.0,52.1
2024-08-15,R09,1,3,1,0,0,28.4,15.9,100.0
2024-08-16,R09,1,3,1,1,0,14.4,5.3,100.0
2024-08-19,R09,2,2,2,0,0,12.6,0.0,46.3
2024-08-20,R09,3,2,3,0,1,24.6,0.0,60.3
2024-08-21,R09,2,1,2,0,1,8.9,0.0,32.7
2024-08-22,R09,2,3,2,0,0,26.1,1.1,96.0
2024-08-23,R09,2,2,2,0,0,15.1,0.0,59.5
2024-08-26,R09,2,2,2,0,0,17.2,0.0,63.2
2024-08-27,R09,2,3,2,0,0,30.4,5.4,100.0
2024-08-28,R09,1,3,1,0,0,24.5,17.4,100.0
2024-08-29,R09,3,5,3,0,0,34.2,14.0,100.0
2024-08-30,R09,2,3,2,1,0,17.0,0.0,76.0
2024-09-02,R09,2,3,2,0,0,26.5,1.5,97.4
2024-09-03,R09,3,3,3,0,0,26.0,0.0,67.3
2024-09-04,R09,3,2,3,0,1,13.2,0.0,32.4
2024-09-05,R09,4,2,4,0,2,21.3,0.0,39.2
2024-09-06,R09,2,1,2,0,1,10.5,0.0,38.6
2024-09-09,R09,3,3,3,0,0,30.3,0.0,74.3
2024-09-10,R09,2,3,2,0,0,29.5,4.5,100.0
2024-09-11,R09,2,3,2,0,0,21.6,1.1,95.9
2024-09-12,R09,3,2,3,0,1,20.3,0.0,52.3
2024-09-13,R09,1,2,1,0,0,13.3,0.8,97.8
2024-09-16,R09,4,2,4,0,2,19.6,0.0,36.0
2024-09-17,R09,3,3,3,0,0,27.4,0.0,67.2
2024-09-18,R09,3,2,3,0,1,14.1,0.0,34.6
2024-09-19,R09,2,3,2,0,0,30.6,5.6,100.0
2024-09-20,R09,1,2,1,0,0,19.3,12.4,100.0
2024-09-23,R09,3,3,3,0,0,16.0,0.0,39.2
2024-09-24,R09,3,3,3,0,0,31.2,0.0,76.5
2024-09-25,R09,3,2,3,0,1,22.1,0.0,54.2
2024-09-26,R09,2,2,2,0,0,21.9,0.0,80.5
2024-09-27,R09,2,2,2,0,0,15.6,0.0,57.4
2024-09-30,R09,3,2,3,0,1,19.7,0.0,48.3
2024-10-01,R09,3,3,3,0,0,27.6,0.0,67.6
2024-10-02,R09,2,3,2,0,0,25.5,0.5,93.7
2024-10-04,R09,2,2,2,0,0,12.6,0.0,46.3
2024-10-07,R09,3,2,3,0,1,17.6,0.0,43.1
2024-10-08,R09,3,4,3,0,0,41.4,3.9,100.0
2024-10-09,R09,2,2,2,0,0,18.9,0.0,83.7
2024-10-10,R09,2,2,2,0,0,22.0,0.0,80.9
2024-10-11,R09,1,2,1,0,0,15.1,2.6,100.0
2024-10-14,R09,2,2,2,0,0,22.1,0.0,81.3
2024-10-15,R09,3,2,3,0,1,22.4,0.0,54.9
2024-10-16,R09,2,2,2,0,0,21.5,0.0,79.0
2024-10-17,R09,3,3,3,0,0,33.7,0.0,82.6
2024-10-18,R09,2,1,2,0,1,9.3,0.0,34.2
2024-10-21,R09,3,2,3,0,1,18.3,0.0,44.9
2024-10-22,R09,3,2,3,0,1,23.4,0.0,57.4
2024-10-23,R09,1,1,1,0,0,11.8,0.0,86.8
2024-10-24,R09,2,3,2,0,0,29.8,4.8,100.0
2024-10-25,R09,1,2,1,1,0,12.8,0.0,64.6
2024-10-28,R09,2,2,2,0,0,19.0,0.0,69.9
2024-10-29,R09,2,3,2,0,0,27.7,2.7,100.0
2024-10-30,R09,2,3,2,0,0,24.0,1.7,98.1
2024-10-31,R09,3,4,3,0,0,44.3,8.4,100.0
2024-11-04,R09,2,2,2,0,0,15.0,0.0,55.1
2024-11-05,R09,2,3,2,1,0,31.2,0.0,76.5
2024-11-06,R09,2,2,2,0,0,24.8,0.0,91.2
2024-11-07,R09,4,3,4,0,1,32.4,0.0,59.6
2024-11-08,R09,1,2,1,0,0,12.7,0.2,93.4
2024-11-11,R09,2,3,2,0,0,25.2,0.4,92.6
2024-11-12,R09,3,3,3,0,0,28.8,0.0,71.5
2024-11-13,R09,3,2,3,0,1,19.8,0.0,48.5
2024-11-14,R09,3,1,3,0,2,9.6,0.0,23.5
2024-11-15,R09,3,3,3,0,0,29.2,0.0,71.6
2024-11-18,R09,3,2,3,0,1,24.2,0.0,59.3
2024-11-19,R09,3,4,3,0,0,40.6,3.1,99.5
2024-11-20,R09,2,3,2,0,0,23.4,1.4,97.3
2024-11-21,R09,2,4,2,1,0,39.4,3.3,100.0
2024-11-22,R09,3,2,3,0,1,17.3,0.0,50.5
2024-11-25,R09,3,2,3,0,1,18.4,0.0,45.1
2024-11-26,R09,4,3,4,0,1,35.3,0.0,64.9
2024-11-27,R09,3,2,3,0,1,13.0,0.0,31.9
2024-11-28,R09,3,3,3,0,0,37.1,0.0,90.9
2024-11-29,R09,2,3,2,0,0,25.8,0.8,94.9
2024-12-02,R09,2,2,2,0,0,15.3,0.0,56.2
2024-12-03,R09,3,2,3,0,1,24.2,0.0,59.3
2024-12-04,R09,2,2,2,0,0,17.9,0.0,65.8
2024-12-05,R09,3,3,3,0,0,33.2,0.0,81.4
2024-12-06,R09,2,2,2,0,0,16.5,0.0,60.7
2024-12-09,R09,2,3,2,1,0,33.5,0.0,82.1
2024-12-10,R09,3,3,3,0,0,32.4,0.0,79.4
2024-12-11,R09,2,1,2,0,1,11.6,0.0,42.6
2024-12-12,R09,2,2,2,0,0,21.4,0.0,78.7
2024-12-13,R09,2,2,2,0,0,16.6,0.0,61.0
2024-12-16,R09,3,2,3,0,1,13.0,0.0,31.9
2024-12-17,R09,3,3,3,0,0,26.1,0.0,64.0
2024-12-18,R09,1,2,1,0,0,17.4,4.9,100.0
2024-12-19,R09,2,3,2,0,0,23.5,3.4,100.0
2024-12-20,R09,2,2,2,0,0,20.3,0.0,87.0
2024-12-23,R09,2,1,2,0,1,7.6,0.0,27.9
2024-12-24,R09,3,2,3,0,1,17.2,0.0,42.2
2024-12-27,R09,2,1,2,0,1,8.7,0.0,32.0
2024-12-30,R09,2,1,2,0,1,5.5,0.0,20.2
2024-12-31,R09,2,2,2,0,0,15.4,0.0,56.6
2025-01-02,R09,3,2,3,0,1,17.6,0.0,43.1
2025-01-03,R09,1,1,1,0,0,8.1,0.0,59.6
2025-01-07,R09,2,2,2,0,0,17.1,0.0,62.9
2025-01-08,R09,3,3,3,0,0,25.6,0.0,62.7
2025-01-09,R09,3,2,3,0,1,20.2,0.0,49.5
2025-01-10,R09,1,2,1,0,0,16.4,3.9,100.0
2025-01-13,R09,2,3,2,1,0,27.8,0.0,68.1
2025-01-14,R09,2,3,2,0,0,26.2,1.2,96.3
2025-01-15,R09,4,2,4,0,2,19.2,0.0,37.5
2025-01-16,R09,1,3,1,1,0,29.1,4.1,100.0
2025-01-17,R09,2,2,2,0,0,18.5,0.0,83.0
2025-01-20,R09,3,2,3,0,1,21.6,0.0,52.9
2025-01-21,R09,3,2,3,0,1,24.5,0.0,60.0
2025-01-22,R09,3,2,3,0,1,12.8,0.0,31.4
2025-01-23,R09,3,3,3,0,0,29.5,0.0,72.3
2025-01-24,R09,2,2,2,0,0,12.7,0.0,46.7
2025-01-27,R09,2,2,2,0,0,19.3,0.0,71.0
2025-01-28,R09,3,3,3,0,0,29.8,0.0,73.0
2025-01-29,R09,2,2,2,0,0,17.7,0.0,65.1
2025-01-30,R09,3,2,3,0,1,22.1,0.0,54.2
2025-01-31,R09,2,2,2,0,0,15.8,0.0,58.1
2025-02-03,R09,2,2,2,0,0,18.1,0.0,66.5
2025-02-04,R09,2,4,2,1,0,37.6,0.1,92.2
2025-02-05,R09,2,3,2,0,0,26.8,1.8,98.8
2025-02-06,R09,3,3,3,0,0,28.2,0.0,73.6
2025-02-07,R09,2,2,2,0,0,15.5,0.0,57.0
2025-02-10,R09,2,4,2,1,0,39.7,2.2,97.3
2025-02-11,R09,4,3,4,0,1,30.0,0.0,59.1
2025-02-12,R09,2,2,2,0,0,20.4,0.0,75.0
2025-02-13,R09,3,3,3,0,0,35.2,0.0,86.3
2025-02-14,R09,2,1,2,0,1,11.3,0.0,41.5
2025-02-17,R09,4,2,4,0,2,17.1,0.0,31.4
2025-02-18,R09,3,3,3,0,0,34.9,0.0,85.5
2025-02-19,R09,3,2,3,0,1,16.6,0.0,40.7
2025-02-20,R09,3,3,3,0,0,30.0,0.0,73.5
2025-02-21,R09,1,2,1,1,0,18.6,0.0,68.4
2025-02-24,R09,2,2,2,0,0,16.3,0.0,59.9
2025-02-25,R09,3,2,3,0,1,20.7,0.0,50.7
2025-02-26,R09,2,2,2,0,0,17.7,0.0,65.1
2025-02-27,R09,3,2,3,0,1,18.9,0.0,46.3
2025-02-28,R09,1,2,1,0,0,19.5,7.0,100.0
2025-03-03,R09,3,3,3,0,0,24.9,0.0,61.0
2025-03-04,R09,2,3,2,1,0,31.5,0.0,77.2
2025-03-05,R09,2,2,2,0,0,15.5,0.0,57.0
2025-03-06,R09,2,2,2,0,0,23.1,0.0,84.9
2025-03-07,R09,1,2,1,0,0,13.4,0.9,98.5
2025-03-10,R09,2,2,2,0,0,23.0,0.0,84.6
2025-03-11,R09,3,3,3,0,0,32.3,0.0,79.2
2025-03-12,R09,2,2,2,0,0,17.7,0.0,65.1
2025-03-13,R09,2,2,2,0,0,24.3,0.0,89.3
2025-03-14,R09,1,1,1,0,0,9.8,0.0,72.1
2025-03-17,R09,3,3,3,0,0,27.9,0.0,68.4
2025-03-18,R09,3,3,3,0,0,29.7,0.0,72.8
2025-03-19,R09,2,2,2,0,0,12.6,0.0,46.3
2025-03-20,R09,2,3,2,0,0,28.9,3.9,100.0
2025-03-21,R09,1,2,1,0,0,18.2,9.6,100.0
2025-03-24,R09,2,3,2,0,0,19.7,4.2,72.4
2025-03-25,R09,2,3,2,0,0,22.9,2.1,99.8
2025-03-26,R09,2,2,2,0,0,20.1,0.0,81.7
2025-03-27,R09,3,3,3,0,0,34.7,0.0,85.0
2025-03-28,R09,1,2,1,0,0,16.8,4.3,100.0
2025-03-31,R09,3,2,3,0,1,20.6,0.0,50.5
2025-04-01,R09,3,3,3,0,0,28.5,0.0,69.9
2025-04-02,R09,3,2,3,0,1,14.3,0.0,35.0
2025-04-03,R09,2,3,2,0,0,36.5,11.5,100.0
2025-04-04,R09,2,3,2,0,0,18.2,4.7,100.0
2025-04-07,R09,3,2,3,0,1,18.1,0.0,44.4
2025-04-08,R09,3,2,3,0,1,22.3,0.0,54.7
2025-04-09,R09,3,2,3,0,1,20.8,0.0,51.0
2025-04-10,R09,3,3,3,0,0,29.2,0.0,71.6
2025-04-11,R09,2,2,2,0,0,15.7,0.0,57.7
2025-04-14,R09,2,2,2,0,0,21.2,0.0,77.9
2025-04-15,R09,2,3,2,1,0,36.1,0.0,88.5
2025-04-16,R09,2,2,2,0,0,21.4,0.0,78.7
2025-04-17,R09,3,3,3,0,0,29.8,0.0,73.0
2025-04-22,R09,3,3,3,0,0,35.9,0.0,88.0
2025-04-23,R09,2,3,2,0,0,28.2,3.2,100.0
2025-04-24,R09,3,3,3,0,0,32.0,0.0,86.2
2025-04-25,R09,2,2,2,0,0,15.2,0.0,55.9
2025-04-28,R09,2,3,2,0,0,26.4,1.4,97.1
2025-04-29,R09,4,3,4,0,1,31.1,0.0,59.7
2025-04-30,R09,2,3,2,1,0,30.3,0.0,74.3
2025-05-02,R09,2,2,2,0,0,13.7,0.0,50.4
2025-05-05,R09,2,2,2,0,0,23.7,0.0,87.1
2025-05-06,R09,2,3,2,0,0,26.9,1.9,98.9
2025-05-07,R09,2,2,2,0,0,17.3,0.0,70.5
2025-05-08,R09,3,3,3,0,0,33.0,0.0,80.9
2025-05-09,R09,1,2,1,0,0,16.4,3.9,100.0
2025-05-12,R09,3,2,3,0,1,20.4,0.0,50.0
2025-05-13,R09,4,3,4,0,1,28.2,0.0,51.8
2025-05-14,R09,2,2,2,0,0,17.6,0.0,64.7
2025-05-15,R09,3,3,3,0,0,30.2,0.0,74.0
2025-05-16,R09,2,2,2,0,0,20.2,0.0,74.3
2025-05-19,R09,3,2,3,0,1,20.2,0.0,49.5
2025-05-20,R09,3,3,3,0,0,30.3,0.0,74.3
2025-05-21,R09,2,2,2,0,0,16.7,0.0,61.4
2025-05-22,R09,3,3,3,0,0,30.3,0.0,74.3
2025-05-23,R09,2,2,2,0,0,18.9,0.0,69.5
2025-05-26,R09,3,3,3,0,0,25.3,0.0,62.0
2025-05-27,R09,2,3,2,0,0,32.7,7.7,100.0
2025-05-28,R09,2,2,2,0,0,16.3,0.0,88.1
2025-05-30,R09,1,1,1,0,0,10.6,0.0,77.9
2025-06-02,R09,3,2,3,0,1,24.7,0.0,60.5
2025-06-03,R09,2,3,2,1,0,31.9,0.0,78.2
2025-06-04,R09,2,2,2,0,0,20.5,0.0,75.4
2025-06-05,R09,2,4,2,1,0,38.3,0.8,93.9
2025-06-06,R09,1,2,1,1,0,22.0,0.0,83.7
2025-06-10,R09,3,2,3,0,1,16.8,0.0,41.2
2025-06-11,R09,2,3,2,0,0,27.0,2.0,99.3
2025-06-12,R09,3,3,3,0,0,23.5,0.0,62.4
2025-06-13,R09,2,2,2,0,0,21.3,0.0,78.3
2025-06-16,R09,3,2,3,0,1,24.7,0.0,60.5
2025-06-17,R09,3,4,3,1,0,49.5,0.0,91.0
2025-06-18,R09,2,2,2,0,0,21.9,0.0,80.5
2025-06-20,R09,2,1,2,0,1,12.2,0.0,44.9
2025-06-23,R09,3,2,3,0,1,19.7,0.0,48.3
2025-06-24,R09,3,3,3,0,0,34.2,0.0,83.8
2025-06-25,R09,2,2,2,0,0,14.8,0.0,54.4
2025-06-26,R09,3,3,3,0,0,29.9,0.0,73.3
2025-06-27,R09,2,2,2,0,0,13.5,0.0,49.6
2025-06-30,R09,2,2,2,0,0,19.6,0.0,72.1
2025-07-01,R09,3,2,3,0,1,20.4,0.0,50.0
2025-07-02,R09,1,2,1,1,0,20.3,0.0,74.6
2025-07-03,R09,3,4,3,0,0,42.1,4.6,100.0
2025-07-04,R09,1,3,1,1,0,21.5,1.0,95.8
2025-07-07,R09,3,3,3,0,0,25.7,0.0,63.0
2025-07-08,R09,2,3,2,1,0,31.8,0.0,77.9
2025-07-09,R09,2,2,2,0,0,19.7,0.0,72.4
2025-07-10,R09,3,2,3,0,1,17.7,0.0,43.4
2025-07-11,R09,2,2,2,0,0,20.0,0.0,73.5
2025-07-14,R09,4,3,4,0,1,29.2,0.0,53.7
2025-07-15,R09,3,2,3,0,1,22.2,0.0,54.4
2025-07-16,R09,2,2,2,0,0,21.9,0.0,80.5
2025-07-17,R09,2,3,2,0,0,28.2,3.2,100.0
2025-07-18,R09,1,3,1,0,0,23.2,13.9,100.0
2025-07-21,R09,3,4,3,0,0,27.6,3.9,67.6
2025-07-22,R09,2,3,2,0,0,23.1,2.0,99.4
2025-07-23,R09,1,2,1,1,0,22.3,0.0,89.4
2025-07-24,R09,3,2,3,0,1,23.7,0.0,58.1
2025-07-25,R09,2,2,2,0,0,13.8,0.0,50.7
2025-07-28,R09,3,2,3,0,1,19.6,0.0,48.0
2025-07-29,R09,3,3,3,0,0,25.2,0.0,61.8
2025-07-30,R09,1,2,1,0,0,15.4,2.9,100.0
2025-07-31,R09,2,4,2,2,0,40.7,0.0,80.1
2025-08-01,R09,1,1,1,0,0,8.8,0.0,64.7
2025-08-04,R09,3,2,3,0,1,22.3,0.0,54.7
2025-08-05,R09,3,2,3,0,1,24.1,0.0,59.1
2025-08-06,R09,2,2,2,0,0,14.5,0.0,53.3
2025-08-07,R09,3,1,3,0,2,12.0,0.0,29.4
2025-08-08,R09,1,1,1,0,0,11.6,0.0,85.3
2025-08-11,R09,2,1,2,0,1,10.1,0.0,37.1
2025-08-12,R09,3,2,3,0,1,18.4,0.0,45.1
2025-08-13,R09,1,1,1,0,0,5.3,0.0,39.0
2025-08-14,R09,3,2,3,0,1,15.7,0.0,38.5
2025-08-15,R09,2,1,2,0,1,11.3,0.0,41.5
2025-08-18,R09,1,1,1,0,0,10.1,0.0,74.3
2025-08-19,R09,2,2,2,0,0,15.7,0.0,57.7
2025-08-20,R09,1,1,1,0,0,10.8,0.0,79.4
2025-08-21,R09,2,2,2,0,0,18.0,0.0,66.2
2025-08-22,R09,1,1,1,0,0,8.3,0.0,61.0
2025-08-25,R09,1,2,1,0,0,17.0,4.5,100.0
2025-08-26,R09,2,3,2,0,0,24.5,4.0,100.0
2025-08-27,R09,2,2,2,0,0,14.9,0.0,69.4
2025-08-28,R09,3,3,3,0,0,34.6,0.0,84.8
2025-08-29,R09,1,1,1,0,0,12.3,0.0,90.4
2025-09-01,R09,2,2,2,0,0,15.2,0.0,55.9
2025-09-02,R09,2,2,2,0,0,24.9,0.0,91.5
2025-09-03,R09,1,3,1,1,0,26.4,1.4,97.1
2025-09-04,R09,2,3,2,0,0,31.2,7.6,100.0
2025-09-05,R09,1,2,1,1,0,16.7,0.0,89.2
2025-09-08,R09,3,2,3,0,1,19.2,0.0,47.1
2025-09-09,R09,3,3,3,0,0,35.1,0.0,86.0
2025-09-10,R09,3,1,3,0,2,11.3,0.0,27.7
2025-09-11,R09,3,3,3,0,0,33.5,0.0,82.1
2025-09-12,R09,1,2,1,0,0,13.4,0.9,98.5
2025-09-15,R09,3,2,3,0,1,14.1,0.0,34.6
2025-09-16,R09,2,3,2,0,0,25.2,0.2,92.6
2025-09-17,R09,2,2,2,0,0,21.8,0.0,80.8
2025-09-18,R09,3,2,3,0,1,21.4,0.0,52.5
2025-09-19,R09,2,2,2,0,0,19.2,0.0,70.6
2025-09-22,R09,3,2,3,0,1,18.3,0.0,44.9
2025-09-23,R09,3,3,3,0,0,30.1,0.0,73.8
2025-09-24,R09,1,3,1,1,0,29.2,4.2,100.0
2025-09-25,R09,2,4,2,1,0,35.1,1.7,96.3
2025-09-26,R09,2,2,2,0,0,19.8,0.0,79.2
2025-09-29,R09,2,2,2,0,0,19.0,0.0,69.9
2025-09-30,R09,3,4,3,0,0,44.7,7.2,100.0
2025-10-01,R09,3,2,3,0,1,16.6,0.0,58.2
2025-10-02,R09,3,3,3,0,0,34.1,0.0,83.6
2025-10-06,R09,3,2,3,0,1,18.6,0.0,45.6
2025-10-07,R09,4,2,4,0,2,22.7,0.0,41.7
2025-10-08,R09,2,2,2,0,0,17.2,0.0,63.2
2025-10-09,R09,3,3,3,0,0,33.7,0.0,82.6
2025-10-10,R09,1,1,1,0,0,11.0,0.0,80.9
2025-10-13,R09,2,2,2,0,0,21.8,0.0,80.1
2025-10-14,R09,2,2,2,0,0,20.7,0.0,76.1
2025-10-15,R09,2,2,2,0,0,23.1,0.0,84.9
2025-10-16,R09,3,3,3,0,0,26.2,0.0,64.2
2025-10-17,R09,0,2,0,2,0,21.5,0.0,79.0
2025-10-20,R09,3,2,3,0,1,17.6,0.0,43.1
2025-10-21,R09,2,3,2,0,0,28.7,3.7,100.0
2025-10-22,R09,2,2,2,0,0,15.6,0.0,70.9
2025-10-23,R09,3,3,3,0,0,25.3,0.0,62.0
2025-10-24,R09,1,1,1,0,0,8.0,0.0,58.8
2025-10-27,R09,3,2,3,0,1,24.0,0.0,58.8
2025-10-28,R09,3,3,3,0,0,30.3,0.0,74.3
2025-10-29,R09,2,2,2,0,0,17.0,0.0,62.5
2025-10-30,R09,3,3,3,0,0,28.6,0.0,70.1
2025-10-31,R09,1,3,1,1,0,26.6,1.6,97.8
2025-11-03,R09,2,2,2,0,0,22.3,0.0,82.0
2025-11-04,R09,3,3,3,0,0,26.6,0.0,65.2
2025-11-05,R09,2,2,2,0,0,24.1,0.0,88.6
2025-11-06,R09,3,2,3,0,1,23.0,0.0,56.4
2025-11-07,R09,3,2,3,0,1,20.3,0.0,49.8
2025-11-10,R09,2,3,2,0,0,27.1,2.1,99.6
2025-11-11,R09,3,3,3,0,0,30.5,0.0,79.8
2025-11-12,R09,2,2,2,0,0,19.3,0.0,71.0
2025-11-13,R09,2,3,2,0,0,29.8,4.8,100.0
2025-11-14,R09,2,3,2,0,0,24.3,4.1,100.0
2025-11-17,R09,2,3,2,1,0,29.6,0.0,72.5
2025-11-18,R09,3,3,3,0,0,27.9,0.0,68.4
2025-11-19,R09,2,2,2,0,0,12.8,0.0,47.1
2025-11-20,R09,3,2,3,0,1,23.3,0.0,57.1
2025-11-21,R09,2,2,2,0,0,14.8,0.0,54.4
2025-11-24,R09,3,3,3,0,0,33.9,0.0,83.1
2025-11-25,R09,3,2,3,0,1,21.3,0.0,52.2
2025-11-26,R09,3,2,3,0,1,18.0,0.0,44.1
2025-11-27,R09,2,3,2,1,0,30.5,0.0,74.8
2025-11-28,R09,2,2,2,0,0,20.3,0.0,74.6
2025-12-01,R09,4,3,4,0,1,28.7,0.0,52.8
2025-12-02,R09,2,3,2,1,0,31.0,0.0,76.0
2025-12-03,R09,3,2,3,0,1,17.0,0.0,41.7
2025-12-04,R09,3,3,3,0,0,34.1,0.0,83.6
2025-12-05,R09,1,2,1,1,0,18.6,0.0,68.4
2025-12-08,R09,3,2,3,0,1,15.5,0.0,38.0
2025-12-09,R09,2,3,2,1,0,34.2,0.0,83.8
2025-12-10,R09,1,2,1,0,0,21.8,9.3,100.0
2025-12-11,R09,3,3,3,0,0,27.2,0.0,89.4
2025-12-12,R09,1,2,1,0,0,15.4,2.9,100.0
2025-12-15,R09,3,3,3,0,0,27.8,0.0,68.1
2025-12-16,R09,3,2,3,0,1,23.4,0.0,57.4
2025-12-17,R09,2,3,2,0,0,25.8,0.8,94.9
2025-12-18,R09,3,2,3,0,1,23.2,0.0,58.8
2025-12-19,R09,1,1,1,0,0,5.3,0.0,39.0
2025-12-22,R09,3,1,3,0,2,5.5,0.0,13.5
2025-12-23,R09,2,2,2,0,0,16.3,0.0,59.9
2025-12-24,R09,2,1,2,0,1,11.1,0.0,40.8
2025-12-29,R09,2,1,2,0,1,3.0,0.0,11.0
2025-12-30,R09,2,1,2,0,1,12.1,0.0,44.5
2025-12-31,R09,1,1,1,0,0,4.2,0.0,30.9
2026-01-02,R09,1,1,1,0,0,6.6,0.0,48.5
2026-01-05,R09,1,1,1,0,0,8.6,0.0,63.2
2026-01-07,R09,2,1,2,0,1,4.5,0.0,16.5
2026-01-08,R09,2,2,2,0,0,15.9,0.0,58.5
2026-01-09,R09,1,1,1,0,0,11.5,0.0,84.6
2026-01-12,R09,2,1,2,0,1,10.9,0.0,40.1
2026-01-13,R09,2,2,2,0,0,19.8,0.0,72.8
2026-01-14,R09,1,2,1,1,0,21.3,0.0,78.3
2026-01-15,R09,2,2,2,0,0,20.5,0.0,75.4
2026-01-16,R09,1,3,1,0,0,27.0,14.5,100.0
2026-01-19,R09,2,3,2,1,0,18.9,0.0,46.3
2026-01-20,R09,2,2,2,0,0,22.8,0.0,83.8
2026-01-21,R09,2,2,2,0,0,23.2,0.0,85.3
2026-01-22,R09,3,2,3,0,1,18.9,0.0,46.3
2026-01-23,R09,1,2,1,1,0,23.9,0.0,87.9
2026-01-26,R09,2,1,2,0,1,10.3,0.0,37.9
2026-01-27,R09,2,3,2,1,0,33.9,0.0,83.1
2026-01-28,R09,2,2,2,0,0,16.4,0.0,60.3
2026-01-29,R09,2,3,2,0,0,29.0,4.0,100.0
2026-01-30,R09,2,3,2,0,0,29.0,8.0,100.0
2026-02-02,R09,2,3,2,0,0,19.9,2.8,73.2
2026-02-03,R09,3,3,3,0,0,25.4,0.0,69.2
2026-02-04,R09,3,2,3,0,1,14.2,0.0,34.8
2026-02-05,R09,3,3,3,0,0,26.7,0.0,65.4
2026-02-06,R09,2,2,2,0,0,13.1,0.0,48.2
2026-02-09,R09,3,2,3,0,1,16.1,0.0,39.5
2026-02-10,R09,4,3,4,0,1,35.5,0.0,65.3
2026-02-11,R09,2,2,2,0,0,21.6,0.0,79.4
2026-02-12,R09,3,3,3,0,0,31.4,0.0,77.0
2026-02-13,R09,1,1,1,0,0,12.1,0.0,89.0
2026-02-16,R09,3,2,3,0,1,16.4,0.0,40.2
2026-02-17,R09,3,3,3,0,0,37.0,0.0,90.7
2026-02-18,R09,2,2,2,0,0,20.4,0.0,75.0
2026-02-19,R09,3,3,3,0,0,28.6,0.0,70.1
2026-02-20,R09,1,2,1,0,0,20.9,8.4,100.0
2026-02-23,R09,2,2,2,0,0,14.9,0.0,54.8
2026-02-24,R09,3,3,3,0,0,27.9,0.0,68.4
2026-02-25,R09,2,2,2,0,0,21.0,0.0,77.2
2026-02-26,R09,3,3,3,0,0,37.0,0.0,90.7
2026-02-27,R09,2,2,2,0,0,22.1,0.0,81.3
2026-03-02,R09,3,2,3,0,1,14.6,0.0,35.8
2026-03-03,R09,3,3,3,0,0,26.7,0.0,65.4
2026-03-04,R09,2,2,2,0,0,17.9,0.0,65.8
2026-03-05,R09,4,3,4,0,1,31.6,0.0,58.1
2026-03-06,R09,2,2,2,0,0,23.5,0.0,86.4
2026-03-09,R09,2,2,2,0,0,18.2,0.0,66.9
2026-03-10,R09,3,3,3,0,0,33.4,0.0,81.9
2026-03-11,R09,2,2,2,0,0,16.4,0.0,60.3
2026-03-12,R09,3,3,3,0,0,31.7,0.0,77.7
2026-03-13,R09,1,2,1,1,0,23.1,0.0,84.9
2026-03-16,R09,3,2,3,0,1,20.6,0.0,50.5
2026-03-17,R09,3,4,3,0,0,42.2,4.7,100.0
2026-03-18,R09,3,2,3,0,1,17.5,0.0,54.3
2026-03-19,R09,3,3,3,0,0,30.4,0.0,74.5
2026-03-20,R09,2,2,2,0,0,18.5,0.0,68.0
2026-03-23,R09,3,2,3,0,1,20.3,0.0,49.8
2026-03-24,R09,3,3,3,0,0,25.8,0.0,63.2
2026-03-25,R09,2,2,2,0,0,16.4,0.0,60.3
2026-03-26,R09,2,3,2,1,0,32.4,0.0,79.4
2026-03-27,R09,2,2,2,0,0,24.9,0.0,91.5
2026-03-30,R09,3,2,3,0,1,18.7,0.0,45.8
2026-03-31,R09,3,2,3,0,1,19.5,0.0,47.8
2026-04-01,R09,2,2,2,0,0,15.8,0.0,58.1
2026-04-02,R09,3,3,3,0,0,33.6,0.0,82.4
2026-04-07,R09,2,2,2,0,0,23.1,0.0,84.9
2026-04-08,R09,2,2,2,0,0,13.1,0.0,48.2
2026-04-09,R09,3,3,3,0,0,26.6,0.0,65.2
2026-04-10,R09,2,1,2,0,1,11.8,0.0,43.4
2026-04-13,R09,2,2,2,0,0,19.9,0.0,73.2
2026-04-14,R09,2,4,2,1,0,37.8,0.3,92.6
2026-04-15,R09,2,2,2,0,0,12.6,0.0,47.3
2026-04-16,R09,3,3,3,0,0,28.8,0.0,70.6
2026-04-17,R09,1,2,1,0,0,18.4,5.9,100.0
2026-04-20,R09,3,3,3,0,0,21.9,0.0,53.7
2026-04-21,R09,3,3,3,0,0,25.5,0.0,62.5
2026-04-22,R09,2,2,2,0,0,20.7,0.0,76.1
2026-04-23,R09,4,2,4,0,2,19.6,0.0,36.0
2026-04-24,R09,2,2,2,0,0,19.9,0.0,73.2
2026-04-27,R09,3,2,3,0,1,20.0,0.0,49.0
2026-04-28,R09,2,3,2,0,0,25.7,0.7,94.5
2026-04-29,R09,2,2,2,0,0,15.6,0.0,59.8
2026-04-30,R09,2,3,2,0,0,33.6,8.6,100.0
2026-05-04,R09,3,3,3,0,0,17.8,0.0,43.6
2026-05-05,R09,3,3,3,0,0,35.7,0.0,87.5
2026-05-06,R09,2,2,2,0,0,15.9,0.0,58.5
2026-05-07,R09,3,3,3,0,0,32.8,0.0,80.4
2026-05-08,R09,2,2,2,0,0,21.1,0.0,77.6
2026-05-11,R09,3,2,3,0,1,22.2,0.0,54.4
2026-05-12,R09,2,3,2,0,0,34.8,9.8,100.0
2026-05-13,R09,2,3,2,0,0,16.5,1.3,96.6
2026-05-15,R09,1,1,1,0,0,9.8,0.0,72.1
2026-05-18,R09,2,3,2,0,0,27.2,2.2,100.0
2026-05-19,R09,3,3,3,0,0,25.2,0.0,67.1
2026-05-20,R09,2,2,2,0,0,17.2,0.0,63.2
2026-05-21,R09,3,2,3,0,1,24.5,0.0,60.0
2026-05-22,R09,1,3,1,2,0,31.4,0.0,77.0
2026-05-26,R09,3,3,3,0,0,30.6,0.0,75.0
2026-05-27,R09,2,2,2,0,0,22.8,0.0,83.8
2026-05-28,R09,2,3,2,1,0,35.2,0.0,86.3
2026-05-29,R09,1,3,1,1,0,29.9,4.9,100.0
2026-06-01,R09,3,2,3,0,1,19.5,0.0,47.8
2026-06-02,R09,3,3,3,0,0,28.6,0.0,70.1
2026-06-03,R09,2,2,2,0,0,23.2,0.0,85.3
2026-06-05,R09,2,1,2,0,1,8.1,0.0,29.8
2026-06-08,R09,2,3,2,0,0,28.3,3.3,100.0
2026-06-09,R09,3,4,3,0,0,38.5,4.2,100.0
2026-06-10,R09,2,3,2,0,0,22.5,1.7,98.3
2026-06-11,R09,3,3,3,0,0,24.0,0.0,63.0
2026-06-12,R09,1,1,1,0,0,11.4,0.0,83.8
2026-06-15,R09,3,3,3,0,0,31.6,0.0,77.5
2026-06-16,R09,4,3,4,0,1,26.0,0.0,47.8
2026-06-17,R09,2,1,2,0,1,12.3,0.0,45.2
2026-06-18,R09,3,3,3,0,0,32.6,0.0,79.9
2026-06-19,R09,1,2,1,0,0,20.7,8.2,100.0
2026-06-22,R09,3,3,3,0,0,21.4,0.0,52.5
2026-06-23,R09,3,3,3,0,0,31.3,0.0,76.7
2026-06-24,R09,2,2,2,0,0,18.0,0.0,66.2
2026-06-25,R09,3,4,3,0,0,38.0,0.5,93.1
2026-06-26,R09,1,2,1,1,0,24.5,0.0,91.8
2026-06-29,R09,3,2,3,0,1,22.2,0.0,54.4
2026-06-30,R09,3,3,3,0,0,28.6,0.0,70.1
2026-07-01,R09,2,2,2,0,0,22.9,0.0,84.2
2026-07-02,R09,4,3,4,0,1,29.2,0.0,53.7
2026-07-03,R09,2,2,2,0,0,16.7,0.0,61.4
2026-07-06,R09,4,2,4,0,2,20.4,0.0,37.5
2026-07-07,R09,3,3,3,0,0,28.7,0.0,70.3
2026-07-08,R09,2,2,2,0,0,15.8,0.0,58.1
2026-07-09,R09,3,3,3,0,0,27.5,0.0,67.4
2026-07-10,R09,1,2,1,1,0,18.8,0.0,69.1
2026-07-13,R09,2,3,2,1,0,30.2,0.0,74.0
2026-07-14,R09,3,3,3,0,0,27.7,0.0,67.9
2026-07-15,R09,2,2,2,0,0,21.8,0.0,80.1
2026-07-16,R09,3,3,3,0,0,37.3,0.0,91.4
2026-07-17,R09,2,2,2,0,0,14.7,0.0,54.0
2026-07-20,R09,3,2,3,0,1,22.7,0.0,55.6
2026-07-21,R09,3,3,3,0,0,36.7,0.0,90.0
2026-07-22,R09,2,1,2,0,1,11.5,0.0,42.3
2026-07-23,R09,2,3,2,1,0,34.6,0.0,84.8
2026-07-24,R09,1,2,1,0,0,14.4,1.9,100.0
2026-07-27,R09,3,2,3,0,1,15.9,0.0,39.0
2026-07-28,R09,3,3,3,0,0,28.6,0.0,70.1
2026-07-29,R09,1,3,1,1,0,28.1,3.1,100.0
2026-07-30,R09,4,2,4,0,2,19.1,0.0,40.8
2026-07-31,R09,1,2,1,0,0,15.7,3.2,100.0
2026-08-03,R09,2,2,2,0,0,12.2,0.0,44.9
2026-08-04,R09,3,2,3,0,1,14.6,0.0,35.8
2026-08-05,R09,2,1,2,0,1,8.1,0.0,29.8
2026-08-06,R09,2,2,2,0,0,12.9,0.0,47.4
2026-08-07,R09,1,1,1,0,0,8.3,0.0,61.0
2026-08-10,R09,2,2,2,0,0,12.8,0.0,47.1
2026-08-11,R09,2,2,2,0,0,18.6,0.0,68.4
2026-08-12,R09,2,1,2,0,1,6.2,0.0,22.8
2026-08-13,R09,2,3,2,0,0,30.7,5.7,100.0
2026-08-14,R09,1,2,1,0,0,7.6,0.8,97.6
2026-08-17,R09,2,1,2,0,1,4.2,0.0,15.4
2026-08-18,R09,2,2,2,0,0,13.8,0.0,50.7
2026-08-19,R09,1,1,1,0,0,7.0,0.0,51.5
2026-08-20,R09,3,2,3,0,1,16.9,0.0,41.4
2026-08-21,R09,1,1,1,0,0,10.5,0.0,77.2
2026-08-24,R09,2,2,2,0,0,24.4,0.0,89.7
2026-08-25,R09,3,2,3,0,1,22.7,0.0,55.6
2026-08-26,R09,2,2,2,0,0,12.9,0.0,47.4
2026-08-27,R09,3,2,3,0,1,17.2,0.0,42.2
2026-08-28,R09,1,1,1,0,0,9.7,0.0,71.3
2026-08-31,R09,2,2,2,0,0,22.1,0.0,81.3
2024-01-02,R10,2,2,2,0,0,17.7,0.0,65.1
2024-01-03,R10,2,2,2,0,0,13.6,0.0,50.0
2024-01-04,R10,2,2,2,0,0,21.9,0.0,80.5
2024-01-05,R10,2,3,2,0,0,25.4,0.4,93.4
2024-01-08,R10,2,2,2,0,0,20.0,0.0,73.5
2024-01-09,R10,2,3,2,0,0,30.5,5.5,100.0
2024-01-10,R10,3,2,3,0,1,15.6,0.0,51.7
2024-01-11,R10,2,3,2,1,0,33.7,0.0,82.6
2024-01-12,R10,3,2,3,0,1,22.5,0.0,55.1
2024-01-15,R10,3,3,3,0,0,26.6,0.0,65.2
2024-01-16,R10,3,3,3,0,0,27.4,0.0,67.2
2024-01-17,R10,2,2,2,0,0,23.0,0.0,84.6
2024-01-18,R10,3,2,3,0,1,15.8,0.0,38.7
2024-01-19,R10,3,2,3,0,1,17.2,0.0,42.2
2024-01-22,R10,3,2,3,0,1,20.6,0.0,50.5
2024-01-23,R10,2,3,2,0,0,33.0,8.0,100.0
2024-01-24,R10,2,3,2,1,0,27.4,0.0,86.7
2024-01-25,R10,3,3,3,0,0,32.2,0.0,78.9
2024-01-26,R10,2,1,2,0,1,8.8,0.0,32.4
2024-01-29,R10,3,2,3,0,1,19.9,0.0,48.8
2024-01-30,R10,4,2,4,0,2,23.9,0.0,43.9
2024-01-31,R10,2,2,2,0,0,17.6,0.0,64.7
2024-02-01,R10,3,3,3,0,0,31.5,0.0,77.2
2024-02-02,R10,1,2,1,0,0,12.8,0.3,94.1
2024-02-05,R10,2,3,2,0,0,31.5,6.8,100.0
2024-02-06,R10,2,4,2,1,0,35.0,4.2,100.0
2024-02-07,R10,2,3,2,0,0,24.3,3.5,100.0
2024-02-08,R10,3,4,3,0,0,35.2,1.2,94.9
2024-02-09,R10,1,2,1,0,0,17.8,6.5,100.0
2024-02-12,R10,3,3,3,0,0,22.6,0.0,55.4
2024-02-13,R10,4,2,4,0,2,22.8,0.0,41.9
2024-02-14,R10,2,2,2,0,0,18.0,0.0,66.2
2024-02-15,R10,4,3,4,0,1,28.0,0.0,51.5
2024-02-16,R10,2,3,2,0,0,33.2,8.2,100.0
2024-02-19,R10,4,2,4,0,2,15.9,0.0,29.2
2024-02-20,R10,2,3,2,0,0,29.7,4.7,100.0
2024-02-21,R10,3,3,3,0,0,25.6,0.0,74.2
2024-02-22,R10,3,3,3,0,0,27.8,0.0,68.1
2024-02-23,R10,3,2,3,0,1,15.6,0.0,38.2
2024-02-26,R10,3,2,3,0,1,21.3,0.0,52.2
2024-02-27,R10,3,3,3,0,0,25.7,0.0,63.0
2024-02-28,R10,3,2,3,0,1,23.2,0.0,56.9
2024-02-29,R10,3,3,3,0,0,29.3,0.0,71.8
2024-03-01,R10,2,2,2,0,0,16.4,0.0,60.3
2024-03-04,R10,2,2,2,0,0,18.5,0.0,68.0
2024-03-05,R10,3,3,3,0,0,26.2,0.0,64.2
2024-03-06,R10,2,2,2,0,0,24.9,0.0,91.5
2024-03-07,R10,4,3,4,0,1,29.6,0.0,54.4
2024-03-08,R10,1,2,1,0,0,13.4,0.9,98.5
2024-03-11,R10,2,2,2,0,0,22.9,0.0,84.2
2024-03-12,R10,3,3,3,0,0,27.1,0.0,66.4
2024-03-13,R10,2,2,2,0,0,23.8,0.0,87.5
2024-03-14,R10,3,3,3,0,0,26.8,0.0,65.7
2024-03-15,R10,2,2,2,0,0,18.8,0.0,69.1
2024-03-18,R10,2,2,2,0,0,23.5,0.0,86.4
2024-03-19,R10,3,3,3,0,0,29.2,0.0,71.6
2024-03-20,R10,3,3,3,0,0,26.9,0.0,65.9
2024-03-21,R10,3,4,3,0,0,37.6,0.1,92.2
2024-03-22,R10,2,2,2,0,0,19.3,0.0,71.2
2024-03-25,R10,2,3,2,0,0,26.1,1.1,96.0
2024-03-26,R10,3,4,3,0,0,38.1,1.6,96.0
2024-03-27,R10,2,3,2,1,0,29.2,0.0,75.6
2024-03-28,R10,4,4,4,0,0,43.2,0.0,79.4
2024-04-02,R10,4,4,4,0,0,40.4,0.0,74.3
2024-04-03,R10,3,2,3,0,1,17.1,0.0,41.9
2024-04-04,R10,6,4,6,0,2,46.5,0.0,57.0
2024-04-05,R10,2,2,2,0,0,13.3,0.0,48.9
2024-04-08,R10,3,2,3,0,1,24.2,0.0,59.3
2024-04-09,R10,5,3,5,0,2,29.0,0.0,42.6
2024-04-10,R10,2,2,2,0,0,22.2,0.0,81.6
2024-04-11,R10,4,3,4,0,1,36.3,0.0,66.7
2024-04-12,R10,2,2,2,0,0,20.1,0.0,73.9
2024-04-15,R10,3,2,3,0,1,20.5,0.0,50.2
2024-04-16,R10,4,3,4,0,1,34.9,0.0,64.2
2024-04-17,R10,2,2,2,0,0,23.0,0.0,84.6
2024-04-18,R10,4,2,4,0,2,20.9,0.0,38.4
2024-04-19,R10,3,2,3,0,1,17.2,0.0,42.2
2024-04-22,R10,2,3,2,1,0,36.3,0.0,89.0
2024-04-23,R10,3,2,3,0,1,24.9,0.0,61.0
2024-04-24,R10,2,2,2,0,0,22.5,0.0,82.7
2024-04-25,R10,2,3,2,1,0,37.3,0.0,91.4
2024-04-26,R10,2,2,2,0,0,24.9,0.0,91.5
2024-04-29,R10,4,3,4,0,1,34.0,0.0,62.5
2024-04-30,R10,1,3,1,2,0,36.8,0.0,90.2
2024-05-02,R10,3,3,3,0,0,34.9,0.0,85.5
2024-05-03,R10,2,2,2,0,0,15.8,0.0,58.1
2024-05-06,R10,4,2,4,0,2,22.6,0.0,41.5
2024-05-07,R10,3,2,3,0,1,20.5,0.0,50.2
2024-05-08,R10,2,2,2,0,0,24.6,0.0,90.4
2024-05-10,R10,1,2,1,0,0,16.5,4.0,100.0
2024-05-13,R10,2,2,2,0,0,19.5,0.0,71.7
2024-05-14,R10,2,3,2,1,0,30.2,0.0,74.0
2024-05-15,R10,2,2,2,0,0,19.8,0.0,72.8
2024-05-16,R10,3,3,3,0,0,34.8,0.0,85.3
2024-05-17,R10,2,2,2,0,0,24.4,0.0,89.7
2024-05-21,R10,2,3,2,0,0,31.0,6.0,100.0
2024-05-22,R10,2,2,2,0,0,14.9,0.0,76.7
2024-05-23,R10,3,3,3,0,0,33.1,0.0,81.1
2024-05-24,R10,2,2,2,0,0,23.7,0.0,87.1
2024-05-27,R10,2,3,2,0,0,27.3,2.3,100.0
2024-05-28,R10,3,3,3,0,0,32.6,0.0,85.5
2024-05-29,R10,1,3,1,1,0,32.0,7.0,100.0
2024-05-31,R10,2,2,2,0,0,12.9,0.0,47.4
2024-06-03,R10,4,2,4,0,2,20.7,0.0,38.1
2024-06-04,R10,4,2,4,0,2,23.3,0.0,42.8
2024-06-05,R10,3,2,3,0,1,20.7,0.0,50.7
2024-06-06,R10,3,3,3,0,0,27.1,0.0,66.4
2024-06-07,R10,1,1,1,0,0,10.8,0.0,79.4
2024-06-10,R10,3,3,3,0,0,30.0,0.0,73.5
2024-06-11,R10,3,3,3,0,0,31.7,0.0,77.7
2024-06-12,R10,2,3,2,0,0,28.0,3.0,100.0
2024-06-13,R10,3,3,3,0,0,30.7,0.0,82.5
2024-06-14,R10,1,2,1,0,0,17.2,4.7,100.0
2024-06-17,R10,3,3,3,0,0,27.3,0.0,66.9
2024-06-18,R10,3,2,3,0,1,21.2,0.0,52.0
2024-06-19,R10,2,3,2,0,0,25.1,0.1,92.3
2024-06-20,R10,3,3,3,0,0,29.4,0.0,72.2
2024-06-21,R10,1,2,1,0,0,14.6,2.1,100.0
2024-06-24,R10,4,3,4,0,1,24.1,0.0,44.3
2024-06-25,R10,2,3,2,1,0,33.8,0.0,82.8
2024-06-26,R10,3,3,3,0,0,29.1,0.0,71.3
2024-06-27,R10,3,3,3,0,0,35.6,0.0,87.3
2024-06-28,R10,1,2,1,0,0,17.3,4.8,100.0
2024-07-01,R10,3,3,3,0,0,25.7,0.0,63.0
2024-07-02,R10,3,4,3,0,0,41.6,4.1,100.0
2024-07-03,R10,4,3,4,0,1,22.4,0.0,48.6
2024-07-04,R10,3,3,3,0,0,33.2,0.0,81.4
2024-07-05,R10,1,2,1,0,0,14.8,2.3,100.0
2024-07-08,R10,3,3,3,0,0,31.4,0.0,77.0
2024-07-09,R10,4,3,4,0,1,28.0,0.0,51.5
2024-07-10,R10,3,3,3,0,0,28.4,0.0,69.6
2024-07-11,R10,2,3,2,0,0,27.9,2.9,100.0
2024-07-12,R10,2,2,2,0,0,16.9,0.0,72.7
2024-07-15,R10,4,2,4,0,2,18.8,0.0,34.6
2024-07-16,R10,3,3,3,0,0,25.5,0.0,62.5
2024-07-17,R10,3,2,3,0,1,15.3,0.0,37.5
2024-07-18,R10,3,3,3,0,0,25.3,0.0,62.0
2024-07-19,R10,2,2,2,0,0,16.3,0.0,59.9
2024-07-22,R10,3,3,3,0,0,28.6,0.0,70.1
2024-07-23,R10,3,3,3,0,0,25.4,0.0,62.3
2024-07-24,R10,3,2,3,0,1,14.8,0.0,36.3
2024-07-25,R10,3,3,3,0,0,32.4,0.0,79.4
2024-07-26,R10,2,1,2,0,1,11.5,0.0,42.3
2024-07-29,R10,3,3,3,0,0,28.2,0.0,69.1
2024-07-30,R10,3,2,3,0,1,20.9,0.0,51.2
2024-07-31,R10,1,2,1,0,0,20.8,8.3,100.0
2024-08-01,R10,3,3,3,0,0,21.8,0.0,73.7
2024-08-02,R10,1,2,1,0,0,15.4,2.9,100.0
2024-08-05,R10,4,2,4,0,2,18.7,0.0,34.4
2024-08-06,R10,3,2,3,0,1,21.3,0.0,52.2
2024-08-07,R10,2,1,2,0,1,9.6,0.0,35.3
2024-08-08,R10,4,2,4,0,2,17.8,0.0,32.7
2024-08-09,R10,1,1,1,0,0,8.3,0.0,61.0
2024-08-12,R10,3,2,3,0,1,21.4,0.0,52.5
2024-08-13,R10,3,3,3,0,0,28.1,0.0,68.9
2024-08-14,R10,1,2,1,0,0,17.2,4.7,100.0
2024-08-15,R10,2,3,2,1,0,27.6,0.0,79.1
2024-08-16,R10,1,2,1,1,0,18.6,0.0,68.4
2024-08-19,R10,2,2,2,0,0,21.0,0.0,77.2
2024-08-20,R10,3,2,3,0,1,23.4,0.0,57.4
2024-08-21,R10,2,2,2,0,0,24.5,0.0,90.1
2024-08-22,R10,2,2,2,0,0,22.7,0.0,83.5
2024-08-23,R10,1,2,1,0,0,21.4,8.9,100.0
2024-08-26,R10,2,3,2,1,0,26.1,0.0,64.0
2024-08-27,R10,2,3,2,1,0,32.5,0.0,79.7
2024-08-28,R10,3,2,3,0,1,20.4,0.0,50.0
2024-08-29,R10,3,3,3,0,0,27.2,0.0,66.7
2024-08-30,R10,2,2,2,0,0,22.0,0.0,80.9
2024-09-02,R10,3,3,3,0,0,34.0,0.0,83.3
2024-09-03,R10,3,3,3,0,0,28.5,0.0,69.9
2024-09-04,R10,2,3,2,0,0,26.2,1.2,96.3
2024-09-05,R10,2,3,2,0,0,26.8,3.0,100.0
2024-09-06,R10,2,2,2,0,0,17.2,0.0,74.1
2024-09-09,R10,3,2,3,0,1,24.8,0.0,60.8
2024-09-10,R10,3,3,3,0,0,35.3,0.0,86.5
2024-09-11,R10,2,2,2,0,0,20.1,0.0,73.9
2024-09-12,R10,2,3,2,1,0,34.2,0.0,83.8
2024-09-13,R10,1,2,1,1,0,21.3,0.0,78.3
2024-09-16,R10,3,3,3,0,0,26.0,0.0,63.7
2024-09-17,R10,3,3,3,0,0,27.1,0.0,66.4
2024-09-18,R10,2,2,2,0,0,19.6,0.0,72.1
2024-09-19,R10,3,3,3,0,0,32.7,0.0,80.1
2024-09-20,R10,2,2,2,0,0,15.2,0.0,55.9
2024-09-23,R10,3,3,3,0,0,27.1,0.0,66.4
2024-09-24,R10,3,3,3,0,0,35.5,0.0,87.0
2024-09-25,R10,2,2,2,0,0,21.4,0.0,78.7
2024-09-26,R10,3,4,3,0,0,38.3,0.8,93.9
2024-09-27,R10,2,2,2,0,0,15.9,0.0,61.3
2024-09-30,R10,4,2,4,0,2,24.8,0.0,45.6
2024-10-01,R10,4,3,4,0,1,26.2,0.0,48.2
2024-10-02,R10,2,3,2,0,0,26.2,1.2,96.3
2024-10-04,R10,1,2,1,0,0,15.3,4.0,100.0
2024-10-07,R10,3,3,3,0,0,23.6,0.0,57.8
2024-10-08,R10,3,3,3,0,0,31.3,0.0,76.7
2024-10-09,R10,3,2,3,0,1,22.2,0.0,54.4
2024-10-10,R10,4,4,4,0,0,37.6,0.0,69.1
2024-10-11,R10,2,3,2,0,0,25.3,0.3,93.0
2024-10-14,R10,4,2,4,0,2,21.7,0.0,39.9
2024-10-15,R10,2,2,2,0,0,20.2,0.0,74.3
2024-10-16,R10,3,2,3,0,1,18.8,0.0,46.1
2024-10-17,R10,4,3,4,0,1,35.3,0.0,64.9
2024-10-18,R10,2,2,2,0,0,19.3,0.0,71.0
2024-10-21,R10,3,3,3,0,0,31.5,0.0,77.2
2024-10-22,R10,2,3,2,0,0,26.0,1.0,95.6
2024-10-23,R10,2,3,2,1,0,30.5,0.0,77.1
2024-10-24,R10,3,4,3,0,0,39.3,1.8,96.3
2024-10-25,R10,2,2,2,0,0,16.6,0.0,67.5
2024-10-28,R10,3,2,3,0,1,13.7,0.0,33.6
2024-10-29,R10,3,3,3,0,0,25.7,0.0,63.0
2024-10-30,R10,2,2,2,0,0,15.4,0.0,56.6
2024-10-31,R10,3,3,3,0,0,34.9,0.0,85.5
2024-11-04,R10,2,2,2,0,0,22.7,0.0,83.5
2024-11-05,R10,3,4,3,0,0,39.7,2.2,97.3
2024-11-06,R10,2,2,2,0,0,21.3,0.0,86.3
2024-11-07,R10,3,2,3,0,1,21.5,0.0,52.7
2024-11-08,R10,2,3,2,0,0,30.3,5.3,100.0
2024-11-11,R10,2,3,2,0,0,20.5,0.8,75.4
2024-11-12,R10,3,3,3,0,0,27.8,0.0,70.0
2024-11-13,R10,2,2,2,0,0,22.4,0.0,82.4
2024-11-14,R10,3,2,3,0,1,17.9,0.0,43.9
2024-11-15,R10,3,3,3,0,0,28.3,0.0,69.4
2024-11-18,R10,3,2,3,0,1,24.5,0.0,60.0
2024-11-19,R10,3,3,3,0,0,34.8,0.0,85.3
2024-11-20,R10,2,2,2,0,0,20.0,0.0,73.5
2024-11-21,R10,2,3,2,0,0,32.5,7.5,100.0
2024-11-22,R10,3,2,3,0,1,17.1,0.0,60.2
2024-11-25,R10,2,2,2,0,0,20.4,0.0,75.0
2024-11-26,R10,3,3,3,0,0,27.0,0.0,66.2
2024-11-27,R10,2,2,2,0,0,18.3,0.0,67.3
2024-11-28,R10,2,3,2,1,0,32.3,0.0,79.2
2024-11-29,R10,3,1,3,0,2,9.9,0.0,24.3
2024-12-02,R10,3,2,3,0,1,23.4,0.0,57.4
2024-12-03,R10,3,2,3,0,1,20.3,0.0,49.8
2024-12-04,R10,2,2,2,0,0,14.9,0.0,54.8
2024-12-05,R10,2,3,2,0,0,25.7,0.7,94.5
2024-12-06,R10,1,2,1,0,0,13.7,1.9,100.0
2024-12-09,R10,2,2,2,0,0,19.9,0.0,73.2
2024-12-10,R10,2,3,2,0,0,34.5,9.5,100.0
2024-12-11,R10,2,3,2,1,0,21.1,0.0,74.9
2024-12-12,R10,3,3,3,0,0,34.3,0.0,84.1
2024-12-13,R10,2,2,2,0,0,13.0,0.0,47.8
2024-12-16,R10,2,3,2,0,0,28.1,3.1,100.0
2024-12-17,R10,3,3,3,0,0,30.5,0.0,82.3
2024-12-18,R10,3,2,3,0,1,18.7,0.0,45.8
2024-12-19,R10,3,3,3,0,0,26.2,0.0,64.2
2024-12-20,R10,2,1,2,0,1,12.5,0.0,46.0
2024-12-23,R10,2,2,2,0,0,13.7,0.0,50.4
2024-12-24,R10,3,2,3,0,1,14.7,0.0,36.0
2024-12-27,R10,1,1,1,0,0,8.4,0.0,61.8
2024-12-30,R10,3,2,3,0,1,15.0,0.0,36.8
2024-12-31,R10,2,2,2,0,0,17.0,0.0,62.5
2025-01-02,R10,3,2,3,0,1,18.8,0.0,46.1
2025-01-03,R10,1,2,1,0,0,14.8,2.3,100.0
2025-01-07,R10,3,3,3,0,0,30.3,0.0,74.3
2025-01-08,R10,2,2,2,0,0,19.5,0.0,71.7
2025-01-09,R10,3,3,3,0,0,26.2,0.0,64.2
2025-01-10,R10,1,2,1,1,0,18.2,0.0,66.9
2025-01-13,R10,3,3,3,0,0,27.6,0.0,67.6
2025-01-14,R10,3,3,3,0,0,34.7,0.0,85.0
2025-01-15,R10,2,2,2,0,0,18.4,0.0,67.6
2025-01-16,R10,2,2,2,0,0,18.6,0.0,68.4
2025-01-17,R10,2,1,2,0,1,11.3,0.0,41.5
2025-01-20,R10,3,2,3,0,1,16.4,0.0,40.2
2025-01-21,R10,3,2,3,0,1,18.9,0.0,46.3
2025-01-22,R10,2,2,2,0,0,20.6,0.0,75.7
2025-01-23,R10,3,3,3,0,0,32.5,0.0,79.7
2025-01-24,R10,1,2,1,0,0,15.7,3.2,100.0
2025-01-27,R10,3,2,3,0,1,20.5,0.0,50.2
2025-01-28,R10,2,3,2,0,0,29.4,4.4,100.0
2025-01-29,R10,2,3,2,1,0,25.7,0.0,73.7
2025-01-30,R10,3,2,3,0,1,23.7,0.0,58.1
2025-01-31,R10,2,3,2,0,0,27.9,2.9,100.0
2025-02-03,R10,3,3,3,0,0,33.9,0.0,83.1
2025-02-04,R10,3,3,3,0,0,36.0,0.0,88.2
2025-02-05,R10,2,2,2,0,0,14.4,0.0,52.9
2025-02-06,R10,3,3,3,0,0,30.7,0.0,75.2
2025-02-07,R10,2,2,2,0,0,19.8,0.0,72.8
2025-02-10,R10,3,3,3,0,0,32.2,0.0,78.9
2025-02-11,R10,3,3,3,0,0,29.3,0.0,71.8
2025-02-12,R10,3,2,3,0,1,17.7,0.0,43.4
2025-02-13,R10,3,2,3,0,1,25.0,0.0,61.3
2025-02-14,R10,1,2,1,0,0,16.9,4.4,100.0
2025-02-17,R10,3,3,3,0,0,22.2,0.0,54.4
2025-02-18,R10,3,3,3,0,0,28.4,0.0,69.6
2025-02-19,R10,2,2,2,0,0,24.4,0.0,89.7
2025-02-20,R10,3,4,3,0,0,38.9,1.4,95.3
2025-02-21,R10,1,1,1,0,0,10.4,0.0,86.5
2025-02-24,R10,3,3,3,0,0,30.8,0.0,75.5
2025-02-25,R10,3,3,3,0,0,37.1,0.0,90.9
2025-02-26,R10,2,2,2,0,0,22.6,0.0,83.1
2025-02-27,R10,3,2,3,0,1,22.9,0.0,56.1
2025-02-28,R10,2,2,2,0,0,23.6,0.0,86.8
2025-03-03,R10,3,2,3,0,1,20.1,0.0,49.3
2025-03-04,R10,3,4,3,0,0,40.3,2.8,98.8
2025-03-05,R10,2,3,2,0,0,25.1,2.8,100.0
2025-03-06,R10,2,3,2,0,0,24.0,1.8,98.7
2025-03-07,R10,1,2,1,0,0,15.3,4.6,100.0
2025-03-10,R10,3,2,3,0,1,18.2,0.0,44.6
2025-03-11,R10,4,4,4,0,0,43.4,0.0,79.8
2025-03-12,R10,2,2,2,0,0,20.3,0.0,74.6
2025-03-13,R10,3,3,3,0,0,34.3,0.0,84.1
2025-03-14,R10,2,2,2,0,0,15.5,0.0,57.0
2025-03-17,R10,2,3,2,1,0,31.6,0.0,77.5
2025-03-18,R10,4,3,4,0,1,34.1,0.0,62.7
2025-03-19,R10,2,2,2,0,0,17.1,0.0,62.9
2025-03-20,R10,4,4,4,0,0,49.1,0.0,90.3
2025-03-21,R10,2,2,2,0,0,21.2,0.0,77.9
2025-03-24,R10,3,3,3,0,0,25.7,0.0,63.0
2025-03-25,R10,4,3,4,0,1,30.0,0.0,55.1
2025-03-26,R10,2,2,2,0,0,22.5,0.0,82.7
2025-03-27,R10,4,3,4,0,1,26.3,0.0,48.3
2025-03-28,R10,2,2,2,0,0,19.2,0.0,70.6
2025-03-31,R10,4,2,4,0,2,17.0,0.0,31.2
2025-04-01,R10,3,2,3,0,1,24.3,0.0,59.6
2025-04-02,R10,2,1,2,0,1,11.5,0.0,42.3
2025-04-03,R10,3,3,3,0,0,26.8,0.0,65.7
2025-04-04,R10,1,2,1,0,0,16.5,4.0,100.0
2025-04-07,R10,3,4,3,0,0,37.9,4.4,92.9
2025-04-08,R10,2,3,2,1,0,29.1,0.0,82.0
2025-04-09,R10,1,2,1,1,0,20.5,0.0,75.4
2025-04-10,R10,3,3,3,0,0,33.4,0.0,81.9
2025-04-11,R10,2,1,2,0,1,11.0,0.0,40.4
2025-04-14,R10,4,2,4,0,2,22.2,0.0,40.8
2025-04-15,R10,3,3,3,0,0,27.7,0.0,67.9
2025-04-16,R10,2,2,2,0,0,17.0,0.0,62.5
2025-04-17,R10,2,3,2,1,0,37.1,0.0,90.9
2025-04-22,R10,2,3,2,1,0,36.7,0.0,90.0
2025-04-23,R10,3,2,3,0,1,24.8,0.0,60.8
2025-04-24,R10,3,2,3,0,1,24.6,0.0,60.3
2025-04-25,R10,1,2,1,1,0,23.6,0.0,86.8
2025-04-28,R10,3,2,3,0,1,22.3,0.0,54.7
2025-04-29,R10,3,3,3,0,0,29.0,0.0,71.1
2025-04-30,R10,1,2,1,1,0,23.1,0.0,84.9
2025-05-02,R10,2,2,2,0,0,13.1,0.0,48.2
2025-05-05,R10,3,3,3,0,0,26.4,0.0,64.7
2025-05-06,R10,3,4,3,0,0,38.7,1.2,94.9
2025-05-07,R10,2,2,2,0,0,20.4,0.0,79.3
2025-05-08,R10,2,3,2,0,0,29.2,4.2,100.0
2025-05-09,R10,2,2,2,0,0,12.7,0.0,62.0
2025-05-12,R10,3,2,3,0,1,18.9,0.0,46.3
2025-05-13,R10,3,2,3,0,1,24.0,0.0,58.8
2025-05-14,R10,2,3,2,0,0,34.4,9.4,100.0
2025-05-15,R10,3,3,3,0,0,22.4,0.0,77.9
2025-05-16,R10,2,2,2,0,0,14.7,0.0,54.0
2025-05-19,R10,3,2,3,0,1,23.2,0.0,56.9
2025-05-20,R10,3,3,3,0,0,32.0,0.0,78.4
2025-05-21,R10,3,3,3,0,0,25.2,0.0,61.8
2025-05-22,R10,3,3,3,0,0,26.4,0.0,64.7
2025-05-23,R10,2,2,2,0,0,20.2,0.0,74.3
2025-05-26,R10,3,3,3,0,0,26.0,0.0,63.7
2025-05-27,R10,3,3,3,0,0,31.1,0.0,76.2
2025-05-28,R10,3,2,3,0,1,17.9,0.0,43.9
2025-05-30,R10,1,1,1,0,0,9.7,0.0,71.3
2025-06-02,R10,3,2,3,0,1,21.2,0.0,52.0
2025-06-03,R10,3,3,3,0,0,32.5,0.0,79.7
2025-06-04,R10,2,3,2,0,0,29.9,4.9,100.0
2025-06-05,R10,3,4,3,0,0,33.4,0.7,93.8
2025-06-06,R10,1,2,1,1,0,22.2,0.0,84.3
2025-06-10,R10,3,3,3,0,0,33.1,0.0,81.1
2025-06-11,R10,3,3,3,0,0,25.8,0.0,63.2
2025-06-12,R10,3,4,3,0,0,41.7,4.2,100.0
2025-06-13,R10,1,2,1,1,0,15.1,0.0,70.8
2025-06-16,R10,3,3,3,0,0,36.5,0.0,89.5
2025-06-17,R10,2,3,2,1,0,33.3,0.0,81.6
2025-06-18,R10,2,2,2,0,0,21.9,0.0,80.5
2025-06-20,R10,2,2,2,0,0,12.9,0.0,47.4
2025-06-23,R10,4,3,4,0,1,30.7,0.0,56.4
2025-06-24,R10,3,3,3,0,0,33.4,0.0,81.9
2025-06-25,R10,2,4,2,1,0,38.4,0.9,94.1
2025-06-26,R10,4,3,4,0,1,31.6,0.0,59.7
2025-06-27,R10,1,3,1,0,0,25.6,13.1,100.0
2025-06-30,R10,4,3,4,0,1,20.6,0.0,37.9
2025-07-01,R10,3,3,3,0,0,36.6,0.0,89.7
2025-07-02,R10,4,2,4,0,2,15.2,0.0,27.9
2025-07-03,R10,3,3,3,0,0,31.9,0.0,78.2
2025-07-04,R10,2,2,2,0,0,19.3,0.0,71.0
2025-07-07,R10,3,2,3,0,1,22.7,0.0,55.6
2025-07-08,R10,4,3,4,0,1,28.7,0.0,52.8
2025-07-09,R10,3,2,3,0,1,23.4,0.0,57.4
2025-07-10,R10,3,3,3,0,0,30.4,0.0,74.5
2025-07-11,R10,2,2,2,0,0,18.5,0.0,68.0
2025-07-14,R10,3,3,3,0,0,34.0,0.0,83.3
2025-07-15,R10,3,3,3,0,0,30.4,0.0,74.5
2025-07-16,R10,2,3,2,0,0,28.4,3.4,100.0
2025-07-17,R10,3,3,3,0,0,30.6,0.0,83.3
2025-07-18,R10,1,2,1,1,0,24.1,0.0,88.6
2025-07-21,R10,4,2,4,0,2,17.4,0.0,32.0
2025-07-22,R10,3,3,3,0,0,31.6,0.0,77.5
2025-07-23,R10,2,2,2,0,0,15.8,0.0,58.1
2025-07-24,R10,3,2,3,0,1,19.3,0.0,47.3
2025-07-25,R10,1,2,1,0,0,21.2,8.7,100.0
2025-07-28,R10,3,4,3,0,0,31.6,2.8,77.5
2025-07-29,R10,3,3,3,0,0,31.7,0.0,84.4
2025-07-30,R10,2,2,2,0,0,19.1,0.0,70.2
2025-07-31,R10,3,2,3,0,1,24.9,0.0,61.0
2025-08-01,R10,2,2,2,0,0,22.3,0.0,82.0
2025-08-04,R10,3,2,3,0,1,16.7,0.0,40.9
2025-08-05,R10,3,2,3,0,1,23.2,0.0,56.9
2025-08-06,R10,2,2,2,0,0,16.5,0.0,60.7
2025-08-07,R10,2,3,2,0,0,25.9,0.9,95.2
2025-08-08,R10,2,2,2,0,0,13.8,0.0,54.0
2025-08-11,R10,3,2,3,0,1,22.0,0.0,53.9
2025-08-12,R10,4,2,4,0,2,18.2,0.0,33.5
2025-08-13,R10,2,2,2,0,0,17.9,0.0,65.8
2025-08-14,R10,4,2,4,0,2,21.9,0.0,40.3
2025-08-15,R10,2,1,2,0,1,12.0,0.0,44.1
2025-08-18,R10,3,2,3,0,1,19.5,0.0,47.8
2025-08-19,R10,2,2,2,0,0,17.9,0.0,65.8
2025-08-20,R10,2,1,2,0,1,8.7,0.0,32.0
2025-08-21,R10,2,3,2,0,0,26.1,1.1,96.0
2025-08-22,R10,1,2,1,1,0,22.6,0.0,87.0
2025-08-25,R10,2,2,2,0,0,19.2,0.0,70.6
2025-08-26,R10,2,3,2,0,0,29.4,4.4,100.0
2025-08-27,R10,1,2,1,1,0,17.5,0.0,80.4
2025-08-28,R10,3,3,3,0,0,25.1,0.0,61.5
2025-08-29,R10,2,2,2,0,0,19.6,0.0,72.1
2025-09-01,R10,2,2,2,0,0,19.9,0.0,73.2
2025-09-02,R10,3,2,3,0,1,24.6,0.0,60.3
2025-09-03,R10,2,2,2,0,0,17.8,0.0,65.4
2025-09-04,R10,3,2,3,0,1,23.8,0.0,58.3
2025-09-05,R10,1,1,1,0,0,7.7,0.0,56.6
2025-09-08,R10,2,1,2,0,1,11.8,0.0,43.4
2025-09-09,R10,3,3,3,0,0,29.7,0.0,72.8
2025-09-10,R10,2,2,2,0,0,16.0,0.0,58.8
2025-09-11,R10,2,3,2,0,0,27.3,2.3,100.0
2025-09-12,R10,1,1,1,0,0,10.0,0.0,90.3
2025-09-15,R10,2,3,2,0,0,27.8,2.8,100.0
2025-09-16,R10,3,3,3,0,0,26.2,0.0,71.0
2025-09-17,R10,2,2,2,0,0,25.0,0.0,91.9
2025-09-18,R10,3,3,3,0,0,34.9,0.0,85.5
2025-09-19,R10,0,2,0,2,0,18.5,0.0,68.0
2025-09-22,R10,3,3,3,0,0,25.3,0.0,62.0
2025-09-23,R10,3,3,3,0,0,26.3,0.0,64.5
2025-09-24,R10,2,2,2,0,0,20.1,0.0,73.9
2025-09-25,R10,3,3,3,0,0,34.8,0.0,85.3
2025-09-26,R10,1,2,1,0,0,22.3,9.8,100.0
2025-09-29,R10,3,4,3,1,0,35.0,0.0,64.3
2025-09-30,R10,4,3,4,0,1,28.1,0.0,51.7
2025-10-01,R10,3,2,3,0,1,19.4,0.0,47.5
2025-10-02,R10,3,5,3,1,0,50.2,0.2,92.3
2025-10-06,R10,4,2,4,0,2,16.6,0.0,30.5
2025-10-07,R10,4,3,4,0,1,34.5,0.0,63.4
2025-10-08,R10,2,1,2,0,1,11.1,0.0,40.8
2025-10-09,R10,4,3,4,0,1,31.5,0.0,57.9
2025-10-10,R10,2,2,2,0,0,19.2,0.0,70.6
2025-10-13,R10,2,3,2,0,0,29.8,4.8,100.0
2025-10-14,R10,3,4,3,0,0,37.8,5.0,100.0
2025-10-15,R10,1,3,1,0,0,25.7,18.2,100.0
2025-10-16,R10,4,5,4,0,0,37.5,5.7,100.0
2025-10-17,R10,2,2,2,0,0,15.5,0.0,77.9
2025-10-20,R10,3,2,3,0,1,22.1,0.0,54.2
2025-10-21,R10,4,3,4,0,1,33.1,0.0,60.8
2025-10-22,R10,3,3,3,0,0,27.5,0.0,67.4
2025-10-23,R10,4,3,4,0,1,28.6,0.0,52.6
2025-10-24,R10,1,2,1,0,0,16.5,4.0,100.0
2025-10-27,R10,3,2,3,0,1,20.4,0.0,50.0
2025-10-28,R10,3,3,3,0,0,31.2,0.0,76.5
2025-10-29,R10,3,2,3,0,1,14.8,0.0,36.3
2025-10-30,R10,4,2,4,0,2,23.8,0.0,43.7
2025-10-31,R10,1,2,1,1,0,19.2,0.0,70.6
2025-11-03,R10,3,3,3,0,0,28.1,0.0,68.9
2025-11-04,R10,4,3,4,0,1,26.5,0.0,48.7
2025-11-05,R10,2,2,2,0,0,22.4,0.0,82.4
2025-11-06,R10,1,2,1,1,0,20.5,0.0,75.4
2025-11-07,R10,2,1,2,0,1,10.9,0.0,40.1
2025-11-10,R10,3,2,3,0,1,20.1,0.0,49.3
2025-11-11,R10,3,3,3,0,0,29.5,0.0,72.3
2025-11-12,R10,3,2,3,0,1,14.6,0.0,35.8
2025-11-13,R10,1,4,1,2,0,37.6,0.1,92.2
2025-11-14,R10,2,2,2,0,0,17.1,0.0,63.1
2025-11-17,R10,2,2,2,0,0,24.3,0.0,89.3
2025-11-18,R10,3,3,3,0,0,26.3,0.0,64.5
2025-11-19,R10,2,3,2,0,0,26.0,1.0,95.6
2025-11-20,R10,3,2,3,0,1,23.0,0.0,58.8
2025-11-21,R10,1,2,1,1,0,20.8,0.0,76.5
2025-11-24,R10,2,3,2,0,0,25.7,0.7,94.5
2025-11-25,R10,3,3,3,0,0,34.8,0.0,87.0
2025-11-26,R10,3,2,3,0,1,20.9,0.0,51.2
2025-11-27,R10,3,2,3,0,1,20.6,0.0,50.5
2025-11-28,R10,1,2,1,1,0,18.9,0.0,69.5
2025-12-01,R10,2,3,2,0,0,25.8,0.8,94.9
2025-12-02,R10,3,3,3,0,0,32.7,0.0,82.0
2025-12-03,R10,2,3,2,1,0,31.8,0.0,77.9
2025-12-04,R10,2,3,2,0,0,30.6,5.6,100.0
2025-12-05,R10,2,3,2,0,0,20.9,1.5,97.3
2025-12-08,R10,3,2,3,0,1,20.2,0.0,49.5
2025-12-09,R10,3,3,3,0,0,30.0,0.0,73.5
2025-12-10,R10,3,3,3,0,0,27.3,0.0,66.9
2025-12-11,R10,2,3,2,0,0,27.1,2.1,99.6
2025-12-12,R10,3,2,3,0,1,11.1,0.0,32.3
2025-12-15,R10,3,2,3,0,1,20.4,0.0,50.0
2025-12-16,R10,4,3,4,0,1,29.9,0.0,55.0
2025-12-17,R10,3,2,3,0,1,20.0,0.0,49.0
2025-12-18,R10,3,2,3,0,1,21.8,0.0,53.4
2025-12-19,R10,1,2,1,0,0,15.1,2.6,100.0
2025-12-22,R10,2,2,2,0,0,10.9,0.0,40.1
2025-12-23,R10,3,2,3,0,1,19.9,0.0,48.8
2025-12-24,R10,2,2,2,0,0,14.0,0.0,51.5
2025-12-29,R10,2,2,2,0,0,20.7,0.0,76.1
2025-12-30,R10,2,1,2,0,1,9.9,0.0,36.4
2025-12-31,R10,2,2,2,0,0,21.9,0.0,80.5
2026-01-02,R10,2,1,2,0,1,6.7,0.0,24.6
2026-01-05,R10,3,2,3,0,1,22.6,0.0,55.4
2026-01-07,R10,2,2,2,0,0,19.4,0.0,71.3
2026-01-08,R10,2,2,2,0,0,20.7,0.0,76.1
2026-01-09,R10,1,2,1,0,0,17.0,4.5,100.0
2026-01-12,R10,3,2,3,0,1,10.6,0.0,26.0
2026-01-13,R10,2,2,2,0,0,13.7,0.0,50.4
2026-01-14,R10,2,3,2,0,0,28.2,3.2,100.0
2026-01-15,R10,2,3,2,1,0,30.4,0.0,82.3
2026-01-16,R10,2,2,2,0,0,16.0,0.0,58.8
2026-01-19,R10,3,3,3,0,0,27.7,0.0,67.9
2026-01-20,R10,2,3,2,0,0,28.1,3.1,100.0
2026-01-21,R10,2,2,2,0,0,16.7,0.0,72.7
2026-01-22,R10,2,2,2,0,0,21.6,0.0,79.4
2026-01-23,R10,2,2,2,0,0,18.8,0.0,69.1
2026-01-26,R10,3,3,3,0,0,26.1,0.0,64.0
2026-01-27,R10,3,2,3,0,1,24.6,0.0,60.3
2026-01-28,R10,3,3,3,0,0,26.0,0.0,63.7
2026-01-29,R10,2,3,2,0,0,25.7,0.7,94.5
2026-01-30,R10,2,2,2,0,0,21.9,0.0,83.0
2026-02-02,R10,3,2,3,0,1,20.8,0.0,51.0
2026-02-03,R10,3,3,3,0,0,35.8,0.0,87.7
2026-02-04,R10,4,1,4,0,3,11.7,0.0,21.5
2026-02-05,R10,3,3,3,0,0,31.8,0.0,77.9
2026-02-06,R10,2,2,2,0,0,15.5,0.0,57.0
2026-02-09,R10,3,2,3,0,1,17.1,0.0,41.9
2026-02-10,R10,2,3,2,0,0,31.0,6.0,100.0
2026-02-11,R10,2,3,2,0,0,21.0,2.0,99.2
2026-02-12,R10,3,2,3,0,1,20.3,0.0,54.5
2026-02-13,R10,2,2,2,0,0,15.3,0.0,56.2
2026-02-16,R10,2,2,2,0,0,15.1,0.0,55.5
2026-02-17,R10,3,2,3,0,1,22.8,0.0,55.9
2026-02-18,R10,2,2,2,0,0,19.4,0.0,71.3
2026-02-19,R10,3,3,3,0,0,33.3,0.0,81.6
2026-02-20,R10,1,1,1,0,0,12.3,0.0,90.4
2026-02-23,R10,3,3,3,0,0,26.8,0.0,65.7
2026-02-24,R10,3,3,3,0,0,29.8,0.0,73.0
2026-02-25,R10,2,2,2,0,0,21.4,0.0,78.7
2026-02-26,R10,3,3,3,0,0,27.1,0.0,66.4
2026-02-27,R10,1,2,1,1,0,19.9,0.0,73.2
2026-03-02,R10,3,2,3,0,1,24.5,0.0,60.0
2026-03-03,R10,3,3,3,0,0,31.1,0.0,76.2
2026-03-04,R10,3,2,3,0,1,21.9,0.0,53.7
2026-03-05,R10,3,3,3,0,0,32.0,0.0,78.4
2026-03-06,R10,1,2,1,1,0,19.0,0.0,69.9
2026-03-09,R10,2,2,2,0,0,15.5,0.0,57.0
2026-03-10,R10,4,3,4,0,1,37.1,0.0,68.2
2026-03-11,R10,1,2,1,1,0,20.6,0.0,75.7
2026-03-12,R10,3,3,3,0,0,37.1,0.0,90.9
2026-03-13,R10,1,2,1,0,0,16.9,4.4,100.0
2026-03-16,R10,3,3,3,0,0,30.4,0.0,74.5
2026-03-17,R10,3,4,3,1,0,43.9,0.0,80.7
2026-03-18,R10,2,3,2,1,0,33.8,0.0,82.8
2026-03-19,R10,3,2,3,0,1,21.2,0.0,52.0
2026-03-20,R10,1,1,1,0,0,11.0,0.0,80.9
2026-03-23,R10,2,3,2,0,0,27.0,2.0,99.3
2026-03-24,R10,4,3,4,0,1,26.9,0.0,53.1
2026-03-25,R10,3,3,3,0,0,33.6,0.0,82.4
2026-03-26,R10,3,3,3,0,0,30.7,0.0,75.2
2026-03-27,R10,1,3,1,0,0,26.8,14.3,100.0
2026-03-30,R10,3,4,3,0,0,24.5,1.3,60.0
2026-03-31,R10,3,2,3,0,1,23.4,0.0,60.4
2026-04-01,R10,3,2,3,0,1,16.9,0.0,41.4
2026-04-02,R10,3,4,3,0,0,37.7,0.2,92.4
2026-04-07,R10,2,3,2,1,0,30.0,0.0,73.5
2026-04-08,R10,2,2,2,0,0,23.4,0.0,86.0
2026-04-09,R10,3,3,3,0,0,29.9,0.0,73.3
2026-04-10,R10,1,2,1,1,0,19.4,0.0,71.3
2026-04-13,R10,3,3,3,0,0,34.9,0.0,85.5
2026-04-14,R10,3,3,3,0,0,31.4,0.0,77.0
2026-04-15,R10,2,3,2,0,0,27.1,2.1,99.6
2026-04-16,R10,3,4,3,0,0,36.7,1.2,95.0
2026-04-17,R10,1,3,1,1,0,24.4,0.6,94.3
2026-04-20,R10,4,3,4,0,1,31.0,0.0,57.0
2026-04-21,R10,3,3,3,0,0,25.4,0.0,62.3
2026-04-22,R10,3,2,3,0,1,18.9,0.0,46.3
2026-04-23,R10,4,2,4,0,2,18.9,0.0,34.7
2026-04-24,R10,3,3,3,0,0,32.0,0.0,78.4
2026-04-27,R10,3,2,3,0,1,23.7,0.0,58.1
2026-04-28,R10,3,3,3,0,0,28.2,0.0,69.1
2026-04-29,R10,3,2,3,0,1,16.4,0.0,40.2
2026-04-30,R10,2,3,2,0,0,29.1,4.1,100.0
2026-05-04,R10,3,3,3,0,0,24.3,0.0,59.6
2026-05-05,R10,3,3,3,0,0,27.7,0.0,67.9
2026-05-06,R10,2,2,2,0,0,19.1,0.0,70.2
2026-05-07,R10,3,3,3,0,0,36.0,0.0,88.2
2026-05-08,R10,2,2,2,0,0,19.6,0.0,72.1
2026-05-11,R10,3,2,3,0,1,22.4,0.0,54.9
2026-05-12,R10,3,3,3,0,0,30.7,0.0,75.2
2026-05-13,R10,1,2,1,1,0,19.9,0.0,73.2
2026-05-15,R10,2,1,2,0,1,8.9,0.0,32.7
2026-05-18,R10,3,3,3,0,0,27.9,0.0,68.4
2026-05-19,R10,3,3,3,0,0,35.8,0.0,87.7
2026-05-20,R10,2,2,2,0,0,16.7,0.0,61.4
2026-05-21,R10,3,5,3,1,0,55.5,5.5,100.0
2026-05-22,R10,1,3,1,1,0,19.6,0.0,92.1
2026-05-26,R10,3,3,3,0,0,32.2,0.0,78.9
2026-05-27,R10,2,2,2,0,0,22.0,0.0,80.9
2026-05-28,R10,5,4,5,0,1,40.3,0.0,59.3
2026-05-29,R10,2,2,2,0,0,24.2,0.0,89.0
2026-06-01,R10,3,2,3,0,1,19.3,0.0,47.3
2026-06-02,R10,3,4,3,0,0,38.6,1.1,94.6
2026-06-03,R10,3,2,3,0,1,19.0,0.0,49.2
2026-06-05,R10,1,1,1,0,0,9.3,0.0,68.4
2026-06-08,R10,3,2,3,0,1,19.3,0.0,47.3
2026-06-09,R10,4,3,4,0,1,37.5,0.0,68.9
2026-06-10,R10,3,2,3,0,1,22.6,0.0,55.4
2026-06-11,R10,4,3,4,0,1,31.2,0.0,57.4
2026-06-12,R10,1,2,1,0,0,16.5,4.0,100.0
2026-06-15,R10,2,3,2,0,0,30.8,9.8,100.0
2026-06-16,R10,4,4,4,0,0,35.4,0.0,83.0
2026-06-17,R10,2,3,2,0,0,26.3,1.3,96.7
2026-06-18,R10,3,4,3,1,0,43.9,0.0,83.0
2026-06-19,R10,1,2,1,0,0,14.5,2.0,100.0
2026-06-22,R10,3,2,3,0,1,19.7,0.0,48.3
2026-06-23,R10,3,3,3,0,0,33.3,0.0,81.6
2026-06-24,R10,4,3,4,0,1,26.8,0.0,49.3
2026-06-25,R10,3,2,3,0,1,24.1,0.0,59.1
2026-06-26,R10,2,2,2,0,0,16.0,0.0,58.8
2026-06-29,R10,2,3,2,0,0,28.8,3.8,100.0
2026-06-30,R10,3,3,3,0,0,31.6,0.0,86.7
2026-07-01,R10,2,2,2,0,0,16.6,0.0,61.0
2026-07-02,R10,3,2,3,0,1,22.4,0.0,54.9
2026-07-03,R10,2,2,2,0,0,14.5,0.0,53.3
2026-07-06,R10,2,3,2,0,0,31.2,6.2,100.0
2026-07-07,R10,3,4,3,0,0,34.0,2.6,98.5
2026-07-08,R10,2,3,2,1,0,28.4,0.0,76.1
2026-07-09,R10,3,3,3,0,0,34.1,0.0,83.6
2026-07-10,R10,2,2,2,0,0,15.8,0.0,58.1
2026-07-13,R10,3,2,3,0,1,17.5,0.0,42.9
2026-07-14,R10,3,3,3,0,0,31.6,0.0,77.5
2026-07-15,R10,3,2,3,0,1,12.9,0.0,31.6
2026-07-16,R10,3,3,3,0,0,34.4,0.0,84.3
2026-07-17,R10,2,2,2,0,0,13.4,0.0,49.3
2026-07-20,R10,3,3,3,0,0,31.0,0.0,76.0
2026-07-21,R10,4,3,4,0,1,31.9,0.0,58.6
2026-07-22,R10,2,2,2,0,0,20.3,0.0,74.6
2026-07-23,R10,2,3,2,0,0,27.5,2.5,100.0
2026-07-24,R10,2,2,2,0,0,12.7,0.0,55.8
2026-07-27,R10,3,2,3,0,1,24.6,0.0,60.3
2026-07-28,R10,4,3,4,0,1,30.9,0.0,56.8
2026-07-29,R10,2,2,2,0,0,14.7,0.0,54.0
2026-07-30,R10,3,3,3,0,0,26.5,0.0,65.0
2026-07-31,R10,2,1,2,0,1,11.8,0.0,43.4
2026-08-03,R10,2,2,2,0,0,20.6,0.0,75.7
2026-08-04,R10,3,2,3,0,1,24.7,0.0,60.5
2026-08-05,R10,3,1,3,0,2,7.5,0.0,18.4
2026-08-06,R10,3,3,3,0,0,28.7,0.0,70.3
2026-08-07,R10,1,1,1,0,0,10.5,0.0,77.2
2026-08-10,R10,3,2,3,0,1,17.6,0.0,43.1
2026-08-11,R10,2,3,2,0,0,28.1,3.1,100.0
2026-08-12,R10,2,2,2,0,0,18.9,0.0,80.8
2026-08-13,R10,2,3,2,1,0,36.6,0.0,89.7
2026-08-14,R10,1,2,1,1,0,17.8,0.0,65.4
2026-08-17,R10,2,2,2,0,0,12.7,0.0,46.7
2026-08-18,R10,3,3,3,0,0,27.7,0.0,67.9
2026-08-19,R10,1,2,1,1,0,20.5,0.0,75.4
2026-08-20,R10,3,2,3,0,1,19.1,0.0,46.8
2026-08-21,R10,1,2,1,0,0,13.1,0.6,96.3
2026-08-24,R10,3,2,3,0,1,17.8,0.0,43.6
2026-08-25,R10,3,2,3,0,1,21.6,0.0,52.9
2026-08-26,R10,1,1,1,0,0,11.9,0.0,87.5
2026-08-27,R10,2,2,2,0,0,15.2,0.0,55.9
2026-08-28,R10,2,1,2,0,1,10.1,0.0,37.1
2026-08-31,R10,2,2,2,0,0,19.2,0.0,70.6
2024-01-02,R11,3,3,3,0,0,37.2,0.0,91.2
2024-01-03,R11,3,3,3,0,0,26.3,0.0,64.5
2024-01-04,R11,4,4,4,0,0,47.1,0.0,86.6
2024-01-05,R11,4,5,4,1,0,55.2,0.0,81.2
2024-01-08,R11,5,5,5,0,0,58.2,0.0,85.6
2024-01-09,R11,3,6,3,2,0,69.5,6.9,100.0
2024-01-10,R11,3,4,3,0,0,34.0,3.4,100.0
2024-01-11,R11,5,6,5,0,0,60.0,0.8,93.2
2024-01-12,R11,5,4,5,0,1,44.1,0.0,66.1
2024-01-15,R11,5,5,5,0,0,53.6,0.0,78.8
2024-01-16,R11,4,5,4,1,0,55.5,0.0,81.6
2024-01-17,R11,3,4,3,0,0,37.6,0.1,92.2
2024-01-18,R11,5,3,5,0,2,35.2,0.0,51.9
2024-01-19,R11,4,5,4,0,0,50.6,0.6,93.0
2024-01-22,R11,6,6,6,0,0,62.3,0.0,76.3
2024-01-23,R11,5,5,5,0,0,61.8,0.0,90.9
2024-01-24,R11,4,4,4,0,0,49.0,0.0,90.1
2024-01-25,R11,4,6,4,2,0,72.8,0.0,89.2
2024-01-26,R11,4,3,4,0,1,35.8,0.0,65.8
2024-01-29,R11,5,5,5,0,0,56.4,0.0,82.9
2024-01-30,R11,5,6,5,0,0,66.8,4.2,98.2
2024-01-31,R11,4,5,4,0,0,48.0,2.2,96.0
2024-02-01,R11,5,6,5,1,0,71.0,0.0,89.7
2024-02-02,R11,4,3,4,0,1,28.0,0.0,51.5
2024-02-05,R11,6,5,6,0,1,51.2,0.0,62.7
2024-02-06,R11,6,7,6,0,0,82.9,7.8,100.0
2024-02-07,R11,6,5,6,0,1,50.0,0.0,70.9
2024-02-08,R11,6,6,6,0,0,66.3,0.0,81.3
2024-02-09,R11,3,3,3,0,0,25.2,0.0,61.8
2024-02-12,R11,5,4,5,0,1,43.4,0.0,63.8
2024-02-13,R11,6,6,6,0,0,66.6,0.0,81.6
2024-02-14,R11,5,4,5,0,1,49.8,0.0,73.2
2024-02-15,R11,6,6,6,0,0,63.9,0.0,78.3
2024-02-16,R11,3,3,3,0,0,29.0,0.0,71.1
2024-02-19,R11,5,5,5,0,0,54.3,0.0,79.9
2024-02-20,R11,7,6,7,0,1,62.7,0.0,65.9
2024-02-21,R11,4,4,4,0,0,48.9,0.0,89.9
2024-02-22,R11,6,5,6,0,1,60.0,0.0,73.5
2024-02-23,R11,3,4,3,0,0,38.3,0.8,93.9
2024-02-26,R11,5,5,5,0,0,53.6,0.0,78.8
2024-02-27,R11,6,5,6,0,1,52.4,0.0,64.2
2024-02-28,R11,4,4,4,0,0,46.7,0.0,85.8
2024-02-29,R11,6,5,6,0,1,50.5,0.0,61.9
2024-03-01,R11,3,3,3,0,0,32.2,0.0,78.9
2024-03-04,R11,6,4,6,0,2,48.1,0.0,58.9
2024-03-05,R11,5,6,5,0,0,65.7,3.1,96.6
2024-03-06,R11,4,6,4,1,0,59.8,0.4,92.6
2024-03-07,R11,5,5,5,0,0,61.8,0.0,91.4
2024-03-08,R11,3,4,3,0,0,42.0,4.5,100.0
2024-03-11,R11,5,4,5,0,1,45.4,0.0,66.8
2024-03-12,R11,6,5,6,0,1,58.1,0.0,71.2
2024-03-13,R11,6,4,6,0,2,48.6,0.0,59.6
2024-03-14,R11,6,7,6,0,0,76.1,1.0,93.3
2024-03-15,R11,4,3,4,0,1,28.5,0.0,54.3
2024-03-18,R11,4,6,4,1,0,63.9,1.3,94.0
2024-03-19,R11,5,6,5,1,0,67.3,0.0,84.1
2024-03-20,R11,5,4,5,0,1,43.5,0.0,64.0
2024-03-21,R11,6,6,6,0,0,62.7,0.0,76.8
2024-03-22,R11,3,3,3,0,0,35.2,0.0,86.3
2024-03-25,R11,6,5,6,0,1,52.9,0.0,64.8
2024-03-26,R11,6,6,6,0,0,73.2,0.0,89.7
2024-03-27,R11,4,4,4,0,0,40.7,0.0,74.8
2024-03-28,R11,7,7,7,0,0,86.6,0.0,91.0
2024-04-02,R11,7,6,7,0,1,64.9,0.0,68.2
2024-04-03,R11,5,4,5,0,1,45.8,0.0,67.4
2024-04-04,R11,10,6,10,0,4,69.3,0.0,51.0
2024-04-05,R11,3,3,3,0,0,31.4,0.0,77.0
2024-04-08,R11,5,4,5,0,1,40.4,0.0,59.4
2024-04-09,R11,7,5,7,0,2,57.9,0.0,60.8
2024-04-10,R11,4,5,4,1,0,58.4,0.0,85.9
2024-04-11,R11,7,5,7,0,2,61.1,0.0,64.2
2024-04-12,R11,3,4,3,1,0,45.9,0.0,84.4
2024-04-15,R11,5,4,5,0,1,42.0,0.0,61.8
2024-04-16,R11,7,6,7,0,1,72.0,0.0,75.6
2024-04-17,R11,5,4,5,0,1,46.7,0.0,68.7
2024-04-18,R11,5,6,5,0,0,63.8,1.2,93.8
2024-04-19,R11,3,5,3,1,0,51.9,3.1,97.7
2024-04-22,R11,5,4,5,0,1,41.5,0.0,61.0
2024-04-23,R11,6,5,6,0,1,60.4,0.0,74.0
2024-04-24,R11,4,4,4,0,0,46.2,0.0,84.9
2024-04-25,R11,5,5,5,0,0,59.7,0.0,87.8
2024-04-26,R11,5,3,5,0,2,28.8,0.0,42.4
2024-04-29,R11,5,5,5,0,0,60.8,0.0,89.4
2024-04-30,R11,5,7,5,1,0,76.5,1.4,93.8
2024-05-02,R11,5,5,5,0,0,57.3,0.0,84.3
2024-05-03,R11,3,4,3,0,0,49.7,12.2,100.0
2024-05-06,R11,5,7,5,0,0,64.9,14.5,95.4
2024-05-07,R11,6,6,6,0,0,58.1,0.0,89.0
2024-05-08,R11,4,4,4,0,0,44.5,0.0,81.8
2024-05-10,R11,3,2,3,0,1,25.0,0.0,61.3
2024-05-13,R11,6,5,6,0,1,56.2,0.0,68.9
2024-05-14,R11,6,6,6,0,0,74.7,0.0,91.5
2024-05-15,R11,4,4,4,0,0,40.4,0.0,74.3
2024-05-16,R11,5,5,5,0,0,61.6,0.0,90.6
2024-05-17,R11,1,4,1,2,0,39.2,1.7,96.1
2024-05-21,R11,6,7,6,0,0,77.2,3.8,94.6
2024-05-22,R11,5,5,5,0,0,46.3,0.0,73.7
2024-05-23,R11,5,6,5,1,0,70.4,0.0,86.3
2024-05-24,R11,3,3,3,0,0,26.5,0.0,65.0
2024-05-27,R11,6,5,6,0,1,53.6,0.0,65.7
2024-05-28,R11,7,6,7,0,1,73.4,0.0,77.1
2024-05-29,R11,5,5,5,0,0,50.8,0.0,74.7
2024-05-31,R11,3,3,3,0,0,26.2,0.0,64.2
2024-06-03,R11,6,4,6,0,2,49.5,0.0,60.7
2024-06-04,R11,8,6,8,0,2,74.5,0.0,68.5
2024-06-05,R11,5,4,5,0,1,48.4,0.0,71.2
2024-06-06,R11,7,7,7,0,0,77.8,0.0,81.7
2024-06-07,R11,2,3,2,0,0,28.4,3.4,100.0
2024-06-10,R11,5,4,5,0,1,46.2,0.0,67.9
2024-06-11,R11,6,7,6,0,0,76.3,1.2,93.5
2024-06-12,R11,4,4,4,0,0,43.6,0.0,82.4
2024-06-13,R11,7,6,7,0,1,70.8,0.0,74.4
2024-06-14,R11,3,4,3,1,0,43.3,0.0,79.6
2024-06-17,R11,5,5,5,0,0,60.0,0.0,88.2
2024-06-18,R11,7,7,7,0,0,82.5,0.0,86.7
2024-06-19,R11,5,4,5,0,1,40.1,0.0,59.0
2024-06-20,R11,7,6,7,0,1,64.2,0.0,67.4
2024-06-21,R11,4,3,4,0,1,37.0,0.0,68.0
2024-06-24,R11,5,5,5,0,0,54.2,0.0,79.7
2024-06-25,R11,7,7,7,0,0,75.7,0.0,79.5
2024-06-26,R11,4,5,4,0,0,53.9,3.9,99.1
2024-06-27,R11,7,7,7,0,0,74.5,0.0,82.3
2024-06-28,R11,4,4,4,0,0,39.0,0.0,71.7
2024-07-01,R11,6,4,6,0,2,45.4,0.0,55.6
2024-07-02,R11,8,7,8,0,1,86.5,0.0,79.5
2024-07-03,R11,4,5,4,0,0,50.8,0.8,93.4
2024-07-04,R11,6,7,6,1,0,81.9,0.0,86.8
2024-07-05,R11,3,4,3,0,0,41.6,4.1,100.0
2024-07-08,R11,5,5,5,0,0,49.6,0.0,72.9
2024-07-09,R11,7,6,7,0,1,70.8,0.0,74.4
2024-07-10,R11,5,4,5,0,1,48.5,0.0,71.3
2024-07-11,R11,7,7,7,0,0,75.6,0.0,79.4
2024-07-12,R11,4,4,4,0,0,41.8,0.0,76.8
2024-07-15,R11,5,4,5,0,1,49.3,0.0,72.5
2024-07-16,R11,7,6,7,0,1,70.7,0.0,74.3
2024-07-17,R11,5,3,5,0,2,31.6,0.0,46.5
2024-07-18,R11,7,8,7,1,0,93.4,0.0,85.8
2024-07-19,R11,3,3,3,0,0,32.2,0.0,78.9
2024-07-22,R11,5,5,5,0,0,58.9,0.0,86.6
2024-07-23,R11,6,6,6,0,0,67.0,0.0,82.1
2024-07-24,R11,3,4,3,1,0,47.2,0.0,86.8
2024-07-25,R11,8,6,8,0,2,73.6,0.0,67.6
2024-07-26,R11,3,3,3,0,0,30.3,0.0,74.3
2024-07-29,R11,5,3,5,0,2,36.6,0.0,53.8
2024-07-30,R11,6,4,6,0,2,49.8,0.0,61.0
2024-07-31,R11,4,4,4,0,0,42.1,0.0,77.4
2024-08-01,R11,6,5,6,0,1,61.2,0.0,75.0
2024-08-02,R11,3,3,3,0,0,31.7,0.0,77.7
2024-08-05,R11,4,4,4,0,0,48.7,0.0,89.5
2024-08-06,R11,5,5,5,0,0,59.0,0.0,86.8
2024-08-07,R11,4,2,4,0,2,24.0,0.0,44.1
2024-08-08,R11,5,5,5,0,0,57.5,0.0,84.6
2024-08-09,R11,3,2,3,0,1,22.3,0.0,54.7
2024-08-12,R11,4,4,4,0,0,39.5,0.0,72.6
2024-08-13,R11,5,6,5,1,0,71.2,0.0,87.3
2024-08-14,R11,4,3,4,0,1,34.6,0.0,63.6
2024-08-15,R11,5,5,5,0,0,59.9,0.0,88.1
2024-08-16,R11,2,3,2,0,0,29.6,4.6,100.0
2024-08-19,R11,4,4,4,0,0,40.8,0.0,75.0
2024-08-20,R11,6,6,6,0,0,67.1,0.0,82.2
2024-08-21,R11,3,5,3,1,0,50.3,0.3,92.5
2024-08-22,R11,5,5,5,0,0,60.4,0.0,89.2
2024-08-23,R11,2,3,2,0,0,31.0,6.0,100.0
2024-08-26,R11,4,5,4,0,0,45.4,1.3,83.5
2024-08-27,R11,6,5,6,0,1,59.8,0.0,74.9
2024-08-28,R11,4,5,4,0,0,50.7,0.7,93.2
2024-08-29,R11,5,5,5,0,0,54.3,0.0,80.8
2024-08-30,R11,3,4,3,0,0,38.3,0.8,93.9
2024-09-02,R11,5,4,5,0,1,48.4,0.0,71.2
2024-09-03,R11,5,6,5,0,0,74.1,11.5,100.0
2024-09-04,R11,4,6,4,1,0,52.9,1.9,94.8
2024-09-05,R11,5,6,5,0,0,66.5,5.8,100.0
2024-09-06,R11,3,4,3,0,0,33.5,1.8,96.4
2024-09-09,R11,5,4,5,0,1,46.2,0.0,67.9
2024-09-10,R11,6,5,6,0,1,62.5,0.0,76.6
2024-09-11,R11,5,5,5,0,0,57.6,0.0,84.7
2024-09-12,R11,5,7,5,2,0,81.2,0.0,85.3
2024-09-13,R11,3,3,3,0,0,26.5,0.0,65.0
2024-09-16,R11,5,4,5,0,1,45.0,0.0,66.2
2024-09-17,R11,5,5,5,0,0,61.9,0.0,91.0
2024-09-18,R11,5,4,5,0,1,43.2,0.0,63.5
2024-09-19,R11,6,6,6,0,0,74.8,0.0,91.7
2024-09-20,R11,3,3,3,0,0,30.0,0.0,73.5
2024-09-23,R11,5,4,5,0,1,43.6,0.0,64.1
2024-09-24,R11,5,7,5,1,0,75.8,0.7,92.9
2024-09-25,R11,4,4,4,0,0,44.1,0.0,82.4
2024-09-26,R11,6,6,6,0,0,70.2,0.0,86.0
2024-09-27,R11,2,4,2,1,0,38.0,0.5,93.1
2024-09-30,R11,5,6,5,1,0,68.2,0.0,83.6
2024-10-01,R11,6,6,6,0,0,64.2,0.0,78.7
2024-10-02,R11,3,5,3,2,0,56.4,0.0,82.9
2024-10-04,R11,4,2,4,0,2,17.6,0.0,32.4
2024-10-07,R11,5,6,5,0,0,62.9,0.3,92.5
2024-10-08,R11,6,5,6,0,1,60.9,0.0,75.0
2024-10-09,R11,5,4,5,0,1,44.7,0.0,65.7
2024-10-10,R11,6,6,6,0,0,68.1,0.0,83.5
2024-10-11,R11,2,3,2,1,0,31.3,0.0,76.7
2024-10-14,R11,7,5,7,0,2,58.2,0.0,61.1
2024-10-15,R11,5,6,5,0,0,62.6,0.0,92.1
2024-10-16,R11,5,4,5,0,1,48.5,0.0,71.4
2024-10-17,R11,6,6,6,0,0,63.7,0.0,78.1
2024-10-18,R11,3,4,3,0,0,40.5,3.0,99.3
2024-10-21,R11,6,5,6,0,1,48.0,0.0,58.8
2024-10-22,R11,5,5,5,0,0,51.6,0.0,75.9
2024-10-23,R11,4,3,4,0,1,36.0,0.0,66.2
2024-10-24,R11,6,6,6,0,0,71.3,0.0,87.4
2024-10-25,R11,3,4,3,1,0,49.0,0.0,90.1
2024-10-28,R11,5,5,5,0,0,53.9,0.0,79.3
2024-10-29,R11,6,7,6,1,0,85.0,0.0,89.3
2024-10-30,R11,3,4,3,1,0,46.8,0.0,86.0
2024-10-31,R11,6,7,6,0,0,85.0,9.9,100.0
2024-11-04,R11,5,6,5,1,0,58.9,0.0,72.2
2024-11-05,R11,7,7,7,0,0,81.0,0.0,85.1
2024-11-06,R11,4,4,4,0,0,49.1,0.0,90.3
2024-11-07,R11,7,5,7,0,2,62.5,0.0,65.7
2024-11-08,R11,3,4,3,0,0,39.3,1.8,96.3
2024-11-11,R11,5,5,5,0,0,51.3,0.0,75.4
2024-11-12,R11,7,7,7,0,0,80.2,0.0,84.2
2024-11-13,R11,4,5,4,1,0,60.4,0.0,88.8
2024-11-14,R11,6,2,6,0,4,17.6,0.0,21.6
2024-11-15,R11,3,6,3,0,0,72.0,34.5,100.0
2024-11-18,R11,5,9,5,0,0,67.2,39.1,98.8
2024-11-19,R11,7,9,7,0,0,63.2,14.7,100.0
2024-11-20,R11,4,6,4,0,0,59.1,23.8,100.0
2024-11-21,R11,3,8,3,0,0,68.8,55.0,100.0
2024-11-22,R11,5,8,5,0,0,35.0,27.5,100.0
2024-11-25,R11,8,7,8,0,1,59.3,0.0,54.5
2024-11-26,R11,8,5,8,0,3,61.1,0.0,56.2
2024-11-27,R11,5,5,5,0,0,53.5,0.0,78.7
2024-11-28,R11,6,5,6,0,1,58.2,0.0,71.3
2024-11-29,R11,7,3,7,0,4,36.6,0.0,38.4
2024-12-02,R11,8,4,8,0,4,44.7,0.0,41.1
2024-12-03,R11,6,5,6,0,1,61.9,0.0,75.9
2024-12-04,R11,5,3,5,0,2,34.0,0.0,50.0
2024-12-05,R11,6,6,6,0,0,66.1,0.0,81.0
2024-12-06,R11,5,3,5,0,2,34.6,0.0,50.9
2024-12-09,R11,5,4,5,0,1,44.8,0.0,65.9
2024-12-10,R11,5,6,5,0,0,64.5,1.9,94.9
2024-12-11,R11,4,4,4,0,0,37.6,0.0,72.7
2024-12-12,R11,6,5,6,0,1,60.0,0.0,73.5
2024-12-13,R11,2,3,2,1,0,35.5,0.0,87.0
2024-12-16,R11,4,4,4,0,0,45.2,0.0,83.1
2024-12-17,R11,6,5,6,0,1,57.1,0.0,70.0
2024-12-18,R11,4,4,4,0,0,44.0,0.0,80.9
2024-12-19,R11,5,5,5,0,0,60.6,0.0,89.1
2024-12-20,R11,3,4,3,0,0,42.0,4.5,100.0
2024-12-23,R11,5,4,5,0,1,34.2,0.0,50.3
2024-12-24,R11,5,5,5,0,0,59.0,0.0,86.8
2024-12-27,R11,3,2,3,0,1,13.1,0.0,32.1
2024-12-30,R11,5,3,5,0,2,35.9,0.0,52.8
2024-12-31,R11,4,4,4,0,0,41.9,0.0,77.0
2025-01-02,R11,5,4,5,0,1,38.3,0.0,56.3
2025-01-03,R11,3,3,3,0,0,31.1,0.0,76.2
2025-01-07,R11,5,6,5,0,0,62.7,0.1,92.2
2025-01-08,R11,4,4,4,0,0,44.5,0.0,82.1
2025-01-09,R11,4,5,4,1,0,57.2,0.0,84.1
2025-01-10,R11,3,4,3,0,0,39.1,1.6,95.8
2025-01-13,R11,4,4,4,0,0,44.4,0.0,81.6
2025-01-14,R11,5,5,5,0,0,52.0,0.0,76.5
2025-01-15,R11,4,3,4,0,1,35.5,0.0,65.3
2025-01-16,R11,4,5,4,0,0,50.2,0.2,92.3
2025-01-17,R11,4,4,4,0,0,37.8,0.0,69.8
2025-01-20,R11,5,4,5,0,1,45.0,0.0,66.2
2025-01-21,R11,5,6,5,0,0,63.9,1.3,94.0
2025-01-22,R11,3,4,3,1,0,41.6,0.0,78.9
2025-01-23,R11,6,5,6,0,1,52.0,0.0,63.7
2025-01-24,R11,3,3,3,0,0,37.1,0.0,90.9
2025-01-27,R11,5,5,5,0,0,59.0,0.0,86.8
2025-01-28,R11,5,5,5,0,0,60.9,0.0,89.6
2025-01-29,R11,4,4,4,0,0,41.8,0.0,76.8
2025-01-30,R11,6,6,6,0,0,73.6,0.0,90.2
2025-01-31,R11,4,4,4,0,0,41.6,0.0,76.5
2025-02-03,R11,5,5,5,0,0,53.2,0.0,78.2
2025-02-04,R11,6,6,6,0,0,71.5,0.0,87.6
2025-02-05,R11,4,5,4,0,0,56.6,6.6,100.0
2025-02-06,R11,5,5,5,0,0,54.2,0.0,89.3
2025-02-07,R11,4,3,4,0,1,34.0,0.0,62.5
2025-02-10,R11,5,5,5,0,0,54.1,0.0,79.6
2025-02-11,R11,6,6,6,0,0,63.1,0.0,77.3
2025-02-12,R11,4,4,4,0,0,40.9,0.0,75.2
2025-02-13,R11,5,5,5,0,0,60.4,0.0,88.8
2025-02-14,R11,3,3,3,0,0,31.5,0.0,77.2
2025-02-17,R11,5,5,5,0,0,51.2,0.0,75.3
2025-02-18,R11,6,5,6,0,1,61.2,0.0,75.0
2025-02-19,R11,5,3,5,0,2,35.0,0.0,51.5
2025-02-20,R11,5,7,5,1,0,79.0,3.9,96.8
2025-02-21,R11,4,4,4,0,0,36.1,0.0,73.6
2025-02-24,R11,5,5,5,0,0,61.9,0.0,91.0
2025-02-25,R11,5,6,5,0,0,67.2,4.6,98.8
2025-02-26,R11,3,6,3,3,0,65.5,0.0,86.0
2025-02-27,R11,6,5,6,0,1,50.7,0.0,62.1
2025-02-28,R11,3,4,3,0,0,39.8,2.3,97.5
2025-03-03,R11,5,4,5,0,1,41.0,0.0,60.3
2025-03-04,R11,5,7,5,1,0,77.9,2.8,95.5
2025-03-05,R11,6,5,6,0,1,54.5,0.0,70.3
2025-03-06,R11,5,6,5,0,0,70.7,8.1,100.0
2025-03-07,R11,4,3,4,0,1,27.7,0.0,65.9
2025-03-10,R11,5,5,5,0,0,51.1,0.0,75.1
2025-03-11,R11,7,6,7,0,1,70.5,0.0,74.1
2025-03-12,R11,6,4,6,0,2,45.6,0.0,55.9
2025-03-13,R11,7,6,7,0,1,70.9,0.0,74.5
2025-03-14,R11,4,4,4,0,0,46.0,0.0,84.6
2025-03-17,R11,5,4,5,0,1,40.1,0.0,59.0
2025-03-18,R11,7,5,7,0,2,56.0,0.0,58.8
2025-03-19,R11,6,4,6,0,2,47.2,0.0,57.8
2025-03-20,R11,8,8,8,0,0,92.2,0.0,84.7
2025-03-21,R11,3,3,3,0,0,25.3,0.0,62.0
2025-03-24,R11,6,5,6,0,1,59.2,0.0,72.5
2025-03-25,R11,5,7,5,1,0,78.3,3.2,96.0
2025-03-26,R11,5,5,5,0,0,47.5,0.0,74.6
2025-03-27,R11,7,4,7,0,3,45.3,0.0,47.6
2025-03-28,R11,5,3,5,0,2,35.5,0.0,52.2
2025-03-31,R11,5,6,5,0,0,64.0,1.4,94.1
2025-04-01,R11,6,7,6,0,0,74.0,0.4,92.5
2025-04-02,R11,5,5,5,0,0,58.8,0.0,87.0
2025-04-03,R11,6,5,6,0,1,51.1,0.0,62.6
2025-04-04,R11,3,3,3,0,0,32.5,0.0,79.7
2025-04-07,R11,6,5,6,0,1,50.8,0.0,62.3
2025-04-08,R11,7,6,7,0,1,74.8,0.0,78.6
2025-04-09,R11,5,4,5,0,1,49.1,0.0,72.2
2025-04-10,R11,5,6,5,0,0,63.3,0.7,93.1
2025-04-11,R11,3,4,3,0,0,37.0,0.2,92.5
2025-04-14,R11,5,4,5,0,1,48.0,0.0,70.6
2025-04-15,R11,6,6,6,0,0,69.4,0.0,85.0
2025-04-16,R11,4,4,4,0,0,45.7,0.0,84.0
2025-04-17,R11,6,7,6,1,0,81.0,0.0,85.1
2025-04-22,R11,6,6,6,0,0,71.6,0.0,87.7
2025-04-23,R11,4,5,4,0,0,54.4,4.4,100.0
2025-04-24,R11,6,6,6,0,0,62.3,0.0,81.7
2025-04-25,R11,3,5,3,1,0,53.0,3.0,97.4
2025-04-28,R11,5,6,5,0,0,60.0,0.4,88.2
2025-04-29,R11,6,7,6,1,0,82.4,0.0,87.0
2025-04-30,R11,4,4,4,0,0,43.1,0.0,79.2
2025-05-02,R11,4,4,4,0,0,44.3,0.0,81.4
2025-05-05,R11,7,5,7,0,2,61.2,0.0,64.3
2025-05-06,R11,6,6,6,0,0,66.8,0.0,81.9
2025-05-07,R11,4,3,4,0,1,37.0,0.0,68.0
2025-05-08,R11,6,7,6,0,0,76.6,1.5,93.9
2025-05-09,R11,4,3,4,0,1,35.8,0.0,68.6
2025-05-12,R11,6,5,6,0,1,54.6,0.0,66.9
2025-05-13,R11,6,6,6,0,0,72.9,0.0,89.3
2025-05-14,R11,4,4,4,0,0,46.9,0.0,86.2
2025-05-15,R11,6,7,6,0,0,76.3,1.2,93.5
2025-05-16,R11,3,4,3,0,0,37.0,0.7,93.7
2025-05-19,R11,5,6,5,1,0,66.9,0.0,82.0
2025-05-20,R11,7,8,7,0,0,88.3,0.7,92.8
2025-05-21,R11,4,4,4,0,0,43.8,0.0,81.8
2025-05-22,R11,7,6,7,0,1,66.5,0.0,69.9
2025-05-23,R11,3,3,3,0,0,31.0,0.0,76.0
2025-05-26,R11,6,5,6,0,1,50.8,0.0,62.3
2025-05-27,R11,7,7,7,0,0,86.5,0.0,90.9
2025-05-28,R11,4,4,4,0,0,49.3,0.0,90.6
2025-05-30,R11,3,4,3,0,0,39.5,2.0,96.8
2025-06-02,R11,5,6,5,0,0,61.7,1.1,90.7
2025-06-03,R11,7,6,7,0,1,73.6,0.0,78.5
2025-06-04,R11,4,4,4,0,0,49.7,0.0,91.4
2025-06-05,R11,6,6,6,0,0,71.4,0.0,87.5
2025-06-06,R11,2,5,2,3,0,55.9,0.0,82.2
2025-06-10,R11,6,7,6,0,0,76.2,1.1,93.4
2025-06-11,R11,4,5,4,0,0,53.2,4.3,99.9
2025-06-12,R11,6,6,6,0,0,64.6,0.0,84.4
2025-06-13,R11,4,3,4,0,1,33.0,0.0,60.7
2025-06-16,R11,6,4,6,0,2,43.9,0.0,53.8
2025-06-17,R11,7,7,7,0,0,76.1,0.0,79.9
2025-06-18,R11,5,6,5,1,0,70.5,0.0,86.4
2025-06-20,R11,3,2,3,0,1,22.6,0.0,55.4
2025-06-23,R11,5,5,5,0,0,56.1,0.0,82.5
2025-06-24,R11,8,6,8,0,2,66.0,0.0,60.7
2025-06-25,R11,6,5,6,0,1,50.8,0.0,62.3
2025-06-26,R11,7,7,7,0,0,84.0,0.0,88.2
2025-06-27,R11,2,4,2,1,0,40.4,2.9,99.0
2025-06-30,R11,5,4,5,0,1,40.7,0.0,59.9
2025-07-01,R11,6,6,6,0,0,71.8,0.0,88.0
2025-07-02,R11,6,4,6,0,2,46.5,0.0,57.0
2025-07-03,R11,7,5,7,0,2,62.5,0.0,65.7
2025-07-04,R11,3,4,3,1,0,45.4,0.0,83.5
2025-07-07,R11,5,4,5,0,1,47.9,0.0,70.4
2025-07-08,R11,6,5,6,0,1,60.0,0.0,73.5
2025-07-09,R11,5,5,5,0,0,54.6,0.0,80.3
2025-07-10,R11,7,7,7,0,0,84.1,0.0,88.3
2025-07-11,R11,3,5,3,0,0,56.2,18.7,100.0
2025-07-14,R11,4,6,4,2,0,51.9,0.0,63.6
2025-07-15,R11,5,6,5,0,0,74.9,12.3,100.0
2025-07-16,R11,4,5,4,0,0,41.2,3.5,98.4
2025-07-17,R11,6,7,6,1,0,76.6,0.0,84.1
2025-07-18,R11,4,4,4,0,0,42.8,0.0,78.7
2025-07-21,R11,6,5,6,0,1,59.3,0.0,72.7
2025-07-22,R11,6,7,6,1,0,85.0,0.0,89.3
2025-07-23,R11,5,4,5,0,1,42.9,0.0,63.1
2025-07-24,R11,7,7,7,0,0,87.2,0.0,91.6
2025-07-25,R11,4,4,4,0,0,43.4,0.0,79.8
2025-07-28,R11,6,5,6,0,1,59.1,0.0,72.4
2025-07-29,R11,5,6,5,1,0,72.3,0.0,88.6
2025-07-30,R11,4,4,4,0,0,48.8,0.0,89.7
2025-07-31,R11,6,5,6,0,1,60.2,0.0,73.8
2025-08-01,R11,4,3,4,0,1,36.5,0.0,67.1
2025-08-04,R11,5,4,5,0,1,44.7,0.0,65.7
2025-08-05,R11,6,7,6,1,0,81.1,0.0,85.2
2025-08-06,R11,3,4,3,0,0,39.9,2.4,97.8
2025-08-07,R11,5,6,5,0,0,66.1,5.9,100.0
2025-08-08,R11,4,4,4,0,0,32.8,0.0,71.1
2025-08-11,R11,5,3,5,0,2,26.5,0.0,39.0
2025-08-12,R11,8,5,8,0,3,62.2,0.0,57.2
2025-08-13,R11,4,3,4,0,1,35.0,0.0,64.3
2025-08-14,R11,6,4,6,0,2,45.3,0.0,55.5
2025-08-15,R11,3,3,3,0,0,30.2,0.0,74.0
2025-08-18,R11,4,4,4,0,0,41.5,0.0,76.3
2025-08-19,R11,6,6,6,0,0,67.9,0.0,83.2
2025-08-20,R11,4,3,4,0,1,25.9,0.0,47.6
2025-08-21,R11,5,5,5,0,0,54.1,0.0,79.6
2025-08-22,R11,3,3,3,0,0,34.4,0.0,84.3
2025-08-25,R11,4,4,4,0,0,42.2,0.0,77.6
2025-08-26,R11,5,5,5,0,0,62.1,0.0,91.3
2025-08-27,R11,4,4,4,0,0,39.2,0.0,72.1
2025-08-28,R11,5,5,5,0,0,53.3,0.0,78.4
2025-08-29,R11,3,4,3,1,0,44.7,0.0,82.2
2025-09-01,R11,4,4,4,0,0,39.2,0.0,72.1
2025-09-02,R11,5,4,5,0,1,50.0,0.0,73.5
2025-09-03,R11,4,3,4,0,1,32.7,0.0,60.1
2025-09-04,R11,5,5,5,0,0,50.9,0.0,74.9
2025-09-05,R11,3,3,3,0,0,32.6,0.0,79.9
2025-09-08,R11,4,3,4,0,1,35.8,0.0,65.8
2025-09-09,R11,4,7,4,2,0,75.4,0.3,92.4
2025-09-10,R11,3,3,3,0,0,32.4,0.0,80.2
2025-09-11,R11,5,5,5,0,0,61.9,0.0,91.0
2025-09-12,R11,2,3,2,0,0,29.4,4.4,100.0
2025-09-15,R11,4,4,4,0,0,43.3,0.0,79.6
2025-09-16,R11,5,6,5,0,0,65.9,3.3,96.9
2025-09-17,R11,3,5,3,2,0,58.3,0.0,90.6
2025-09-18,R11,5,5,5,0,0,62.0,0.0,91.2
2025-09-19,R11,3,3,3,0,0,29.5,0.0,72.3
2025-09-22,R11,4,4,4,0,0,48.5,0.0,89.2
2025-09-23,R11,6,6,6,0,0,72.4,0.0,88.7
2025-09-24,R11,4,5,4,0,0,51.7,1.7,95.0
2025-09-25,R11,5,5,5,0,0,53.1,0.0,80.5
2025-09-26,R11,3,3,3,0,0,36.7,0.0,90.0
2025-09-29,R11,5,3,5,0,2,29.9,0.0,44.0
2025-09-30,R11,5,5,5,0,0,55.5,0.0,81.6
2025-10-01,R11,5,4,5,0,1,46.7,0.0,68.7
2025-10-02,R11,5,6,5,1,0,70.6,0.0,86.5
2025-10-06,R11,5,5,5,0,0,50.3,0.0,74.0
2025-10-07,R11,6,7,6,0,0,76.1,1.0,93.3
2025-10-08,R11,5,5,5,0,0,59.5,0.0,89.0
2025-10-09,R11,6,5,6,0,1,62.5,0.0,76.6
2025-10-10,R11,4,4,4,0,0,43.4,0.0,79.8
2025-10-13,R11,5,4,5,0,1,47.9,0.0,70.4
2025-10-14,R11,6,7,6,0,0,78.1,3.0,95.7
2025-10-15,R11,5,4,5,0,1,40.1,0.0,63.4
2025-10-16,R11,5,6,5,1,0,70.0,0.0,85.8
2025-10-17,R11,4,3,4,0,1,35.1,0.0,64.5
2025-10-20,R11,5,5,5,0,0,52.1,0.0,76.6
2025-10-21,R11,7,5,7,0,2,62.5,0.0,65.7
2025-10-22,R11,4,5,4,0,0,52.3,2.3,96.1
2025-10-23,R11,6,5,6,0,1,58.2,0.0,74.1
2025-10-24,R11,4,3,4,0,1,29.9,0.0,55.0
2025-10-27,R11,5,4,5,0,1,47.0,0.0,69.1
2025-10-28,R11,7,5,7,0,2,62.2,0.0,65.3
2025-10-29,R11,5,4,5,0,1,42.5,0.0,62.5
2025-10-30,R11,6,5,6,0,1,52.8,0.0,64.7
2025-10-31,R11,2,3,2,0,0,35.7,10.7,100.0
2025-11-03,R11,6,6,6,0,0,53.5,0.0,65.6
2025-11-04,R11,6,6,6,0,0,74.7,0.0,91.5
2025-11-05,R11,4,3,4,0,1,33.2,0.0,61.0
2025-11-06,R11,6,6,6,0,0,69.2,0.0,84.8
2025-11-07,R11,3,5,3,1,0,50.9,0.9,93.6
2025-11-10,R11,5,4,5,0,1,46.6,0.0,68.5
2025-11-11,R11,6,5,6,0,1,59.7,0.0,73.2
2025-11-12,R11,3,5,3,0,0,57.2,19.7,100.0
2025-11-13,R11,4,7,4,1,0,67.9,25.0,100.0
2025-11-14,R11,5,5,5,0,0,35.8,0.0,89.4
2025-11-17,R11,6,5,6,0,1,51.8,0.0,63.5
2025-11-18,R11,6,6,6,0,0,73.4,0.0,90.0
2025-11-19,R11,5,4,5,0,1,38.3,0.0,56.3
2025-11-20,R11,7,6,7,0,1,63.3,0.0,66.5
2025-11-21,R11,5,4,5,0,1,42.2,0.0,62.1
2025-11-24,R11,6,4,6,0,2,46.0,0.0,56.4
2025-11-25,R11,5,6,5,1,0,71.1,0.0,87.1
2025-11-26,R11,5,5,5,0,0,51.3,0.0,75.4
2025-11-27,R11,6,6,6,0,0,62.9,0.0,77.1
2025-11-28,R11,4,3,4,0,1,27.9,0.0,51.3
2025-12-01,R11,4,4,4,0,0,40.6,0.0,74.6
2025-12-02,R11,6,5,6,0,1,60.1,0.0,73.7
2025-12-03,R11,4,4,4,0,0,43.7,0.0,80.3
2025-12-04,R11,6,6,6,0,0,66.3,0.0,81.3
2025-12-05,R11,2,3,2,1,0,35.5,0.0,87.0
2025-12-08,R11,5,5,5,0,0,50.7,0.0,74.6
2025-12-09,R11,6,7,6,0,0,76.8,1.7,94.1
2025-12-10,R11,5,5,5,0,0,52.2,0.0,79.3
2025-12-11,R11,6,6,6,0,0,65.8,0.0,80.6
2025-12-12,R11,2,3,2,1,0,33.3,0.0,81.6
2025-12-15,R11,5,4,5,0,1,49.7,0.0,73.1
2025-12-16,R11,5,5,5,0,0,60.1,0.0,88.4
2025-12-17,R11,4,4,4,0,0,46.1,0.0,84.7
2025-12-18,R11,6,6,6,0,0,72.7,0.0,89.1
2025-12-19,R11,3,3,3,0,0,29.1,0.0,71.3
2025-12-22,R11,5,2,5,0,3,17.4,0.0,25.6
2025-12-23,R11,5,3,5,0,2,31.8,0.0,46.8
2025-12-24,R11,4,3,4,0,1,25.8,0.0,47.4
2025-12-29,R11,3,2,3,0,1,24.8,0.0,60.8
2025-12-30,R11,4,3,4,0,1,35.4,0.0,65.1
2025-12-31,R11,3,2,3,0,1,21.7,0.0,53.2
2026-01-02,R11,3,2,3,0,1,15.3,0.0,37.5
2026-01-05,R11,2,3,2,0,0,34.3,9.3,100.0
2026-01-07,R11,2,4,2,2,0,33.4,0.0,61.4
2026-01-08,R11,5,4,5,0,1,44.3,0.0,65.1
2026-01-09,R11,3,3,3,0,0,32.8,0.0,80.4
2026-01-12,R11,3,3,3,0,0,28.1,0.0,68.9
2026-01-13,R11,4,4,4,0,0,46.8,0.0,86.0
2026-01-14,R11,3,4,3,1,0,44.1,0.0,81.1
2026-01-15,R11,4,4,4,0,0,45.4,0.0,83.5
2026-01-16,R11,3,3,3,0,0,28.6,0.0,70.1
2026-01-19,R11,3,4,3,1,0,44.3,0.0,81.4
2026-01-20,R11,5,5,5,0,0,58.4,0.0,85.9
2026-01-21,R11,4,4,4,0,0,40.1,0.0,73.7
2026-01-22,R11,5,5,5,0,0,53.7,0.0,79.0
2026-01-23,R11,3,4,3,0,0,38.8,1.3,95.1
2026-01-26,R11,6,5,6,0,1,53.3,0.0,65.3
2026-01-27,R11,5,5,5,0,0,55.1,0.0,81.0
2026-01-28,R11,5,4,5,0,1,49.3,0.0,72.5
2026-01-29,R11,5,4,5,0,1,49.4,0.0,72.6
2026-01-30,R11,4,3,4,0,1,34.4,0.0,63.2
2026-02-02,R11,6,4,6,0,2,40.7,0.0,49.9
2026-02-03,R11,6,6,6,0,0,64.9,0.0,79.5
2026-02-04,R11,4,5,4,0,0,52.1,2.1,95.8
2026-02-05,R11,5,5,5,0,0,59.2,0.0,90.1
2026-02-06,R11,3,3,3,0,0,33.3,0.0,81.6
2026-02-09,R11,5,5,5,0,0,52.9,0.0,77.8
2026-02-10,R11,5,5,5,0,0,60.9,0.0,89.6
2026-02-11,R11,5,4,5,0,1,48.6,0.0,71.5
2026-02-12,R11,5,6,5,0,0,66.1,3.5,97.2
2026-02-13,R11,3,4,3,1,0,39.1,0.0,78.4
2026-02-16,R11,5,5,5,0,0,50.8,0.0,74.7
2026-02-17,R11,6,5,6,0,1,54.3,0.0,66.5
2026-02-18,R11,4,5,4,0,0,56.2,6.2,100.0
2026-02-19,R11,6,5,6,0,1,51.9,0.0,71.1
2026-02-20,R11,3,4,3,0,0,38.3,0.8,93.9
2026-02-23,R11,5,4,5,0,1,43.8,0.0,64.4
2026-02-24,R11,5,5,5,0,0,59.2,0.0,87.1
2026-02-25,R11,5,3,5,0,2,35.3,0.0,51.9
2026-02-26,R11,6,6,6,0,0,65.5,0.0,80.3
2026-02-27,R11,4,3,4,0,1,29.3,0.0,53.9
2026-03-02,R11,4,4,4,0,0,44.4,0.0,81.6
2026-03-03,R11,7,4,7,0,3,46.5,0.0,48.8
2026-03-04,R11,4,3,4,0,1,32.9,0.0,60.5
2026-03-05,R11,6,6,6,0,0,64.1,0.0,78.6
2026-03-06,R11,3,3,3,0,0,29.2,0.0,71.6
2026-03-09,R11,5,4,5,0,1,40.2,0.0,59.1
2026-03-10,R11,4,5,4,0,0,54.3,4.3,99.8
2026-03-11,R11,3,5,3,1,0,48.0,2.2,96.1
2026-03-12,R11,6,5,6,0,1,56.1,0.0,71.5
2026-03-13,R11,3,4,3,0,0,41.8,4.3,100.0
2026-03-16,R11,4,5,4,0,0,46.4,0.6,85.3
2026-03-17,R11,5,6,5,1,0,70.5,0.0,87.2
2026-03-18,R11,4,5,4,0,0,53.4,3.4,98.2
2026-03-19,R11,6,5,6,0,1,58.6,0.0,75.9
2026-03-20,R11,3,3,3,0,0,32.2,0.0,78.9
2026-03-23,R11,5,4,5,0,1,48.4,0.0,71.2
2026-03-24,R11,6,5,6,0,1,55.4,0.0,67.9
2026-03-25,R11,4,3,4,0,1,37.3,0.0,68.6
2026-03-26,R11,5,4,5,0,1,49.6,0.0,72.9
2026-03-27,R11,3,3,3,0,0,31.0,0.0,76.0
2026-03-30,R11,5,4,5,0,1,43.8,0.0,64.4
2026-03-31,R11,6,6,6,0,0,69.0,0.0,84.6
2026-04-01,R11,5,4,5,0,1,46.1,0.0,67.8
2026-04-02,R11,4,6,4,1,0,66.0,3.4,97.1
2026-04-07,R11,6,7,6,1,0,81.3,0.0,85.4
2026-04-08,R11,3,5,3,0,0,55.5,18.0,100.0
2026-04-09,R11,6,7,6,0,0,65.0,7.9,100.0
2026-04-10,R11,3,5,3,0,0,45.2,15.6,100.0
2026-04-13,R11,6,6,6,0,0,50.8,0.0,62.3
2026-04-14,R11,7,7,7,0,0,75.4,0.0,79.2
2026-04-15,R11,6,5,6,0,1,53.1,0.0,65.1
2026-04-16,R11,7,5,7,0,2,55.3,0.0,58.1
2026-04-17,R11,6,3,6,0,3,36.3,0.0,44.5
2026-04-20,R11,8,5,8,0,3,55.8,0.0,51.3
2026-04-21,R11,7,6,7,0,1,73.4,0.0,77.1
2026-04-22,R11,7,4,7,0,3,41.5,0.0,43.6
2026-04-23,R11,7,3,7,0,4,32.6,0.0,34.2
2026-04-24,R11,6,5,6,0,1,58.1,0.0,71.2
2026-04-27,R11,5,4,5,0,1,45.3,0.0,66.6
2026-04-28,R11,7,6,7,0,1,65.1,0.0,68.4
2026-04-29,R11,4,4,4,0,0,44.6,0.0,82.0
2026-04-30,R11,3,6,3,0,0,70.4,32.9,100.0
2026-05-04,R11,4,6,4,2,0,40.6,0.0,49.8
2026-05-05,R11,6,5,6,0,1,61.6,0.0,75.5
2026-05-06,R11,4,5,4,0,0,51.9,1.9,95.4
2026-05-07,R11,5,7,5,2,0,80.8,0.0,86.8
2026-05-08,R11,4,3,4,0,1,26.8,0.0,49.3
2026-05-11,R11,5,5,5,0,0,52.6,0.0,77.4
2026-05-12,R11,5,6,5,0,0,70.2,7.6,100.0
2026-05-13,R11,3,6,3,0,0,66.5,36.6,100.0
2026-05-15,R11,3,5,3,2,0,21.3,0.0,31.3
2026-05-18,R11,6,5,6,0,1,58.0,0.0,71.1
2026-05-19,R11,6,6,6,0,0,69.6,0.0,85.3
2026-05-20,R11,6,5,6,0,1,53.1,0.0,65.1
2026-05-21,R11,6,7,6,0,0,76.0,0.9,93.1
2026-05-22,R11,4,3,4,0,1,33.2,0.0,62.7
2026-05-26,R11,6,6,6,0,0,67.3,0.0,82.5
2026-05-27,R11,5,4,5,0,1,44.8,0.0,65.9
2026-05-28,R11,7,7,7,0,0,77.7,0.0,81.6
2026-05-29,R11,4,4,4,0,0,39.9,0.0,73.3
2026-06-01,R11,6,3,6,0,3,37.1,0.0,45.5
2026-06-02,R11,6,6,6,0,0,72.0,0.0,88.2
2026-06-03,R11,3,5,3,0,0,55.4,17.9,100.0
2026-06-05,R11,3,4,3,0,0,29.8,10.1,73.0
2026-06-08,R11,3,6,3,3,0,58.0,0.0,71.1
2026-06-09,R11,6,7,6,0,0,75.5,0.4,92.5
2026-06-10,R11,4,5,4,1,0,61.6,0.0,91.2
2026-06-11,R11,6,8,6,0,0,90.6,15.5,100.0
2026-06-12,R11,4,4,4,0,0,31.3,0.0,86.1
2026-06-15,R11,6,5,6,0,1,52.6,0.0,64.5
2026-06-16,R11,7,7,7,0,0,81.5,0.0,85.6
2026-06-17,R11,5,4,5,0,1,40.1,0.0,59.0
2026-06-18,R11,8,6,8,0,2,74.9,0.0,68.8
2026-06-19,R11,3,4,3,0,0,44.0,6.5,100.0
2026-06-22,R11,6,5,6,0,1,53.9,0.0,66.1
2026-06-23,R11,7,6,7,0,1,71.9,0.0,75.5
2026-06-24,R11,4,3,4,0,1,34.0,0.0,62.5
2026-06-25,R11,7,5,7,0,2,59.5,0.0,62.5
2026-06-26,R11,4,4,4,0,0,45.9,0.0,84.4
2026-06-29,R11,5,5,5,0,0,52.7,0.0,77.5
2026-06-30,R11,6,7,6,1,0,83.5,0.0,87.7
2026-07-01,R11,4,4,4,0,0,42.7,0.0,78.5
2026-07-02,R11,6,5,6,0,1,51.2,0.0,62.7
2026-07-03,R11,4,3,4,0,1,31.3,0.0,57.5
2026-07-06,R11,5,5,5,0,0,61.7,0.0,90.7
2026-07-07,R11,6,6,6,0,0,66.3,0.0,81.3
2026-07-08,R11,4,4,4,0,0,43.0,0.0,79.0
2026-07-09,R11,5,5,5,0,0,56.6,0.0,83.2
2026-07-10,R11,4,4,4,0,0,41.6,0.0,76.5
2026-07-13,R11,6,5,6,0,1,53.1,0.0,65.1
2026-07-14,R11,6,7,6,0,0,75.8,0.7,92.9
2026-07-15,R11,5,4,5,0,1,42.5,0.0,63.6
2026-07-16,R11,6,6,6,0,0,69.5,0.0,85.2
2026-07-17,R11,3,3,3,0,0,31.8,0.0,77.9
2026-07-20,R11,6,4,6,0,2,40.8,0.0,50.0
2026-07-21,R11,7,6,7,0,1,69.5,0.0,73.0
2026-07-22,R11,4,4,4,0,0,49.4,0.0,90.8
2026-07-23,R11,6,5,6,0,1,62.2,0.0,76.2
2026-07-24,R11,3,4,3,0,0,37.9,0.4,92.9
2026-07-27,R11,5,5,5,0,0,52.5,0.0,77.2
2026-07-28,R11,6,5,6,0,1,58.5,0.0,71.7
2026-07-29,R11,4,3,4,0,1,36.9,0.0,67.8
2026-07-30,R11,6,5,6,0,1,61.9,0.0,75.9
2026-07-31,R11,3,2,3,0,1,22.0,0.0,53.9
2026-08-03,R11,6,5,6,0,1,54.8,0.0,67.2
2026-08-04,R11,5,5,5,0,0,59.6,0.0,87.6
2026-08-05,R11,3,5,3,1,0,51.8,1.8,95.2
2026-08-06,R11,5,5,5,0,0,48.8,0.0,74.3
2026-08-07,R11,3,2,3,0,1,23.6,0.0,57.8
2026-08-10,R11,5,4,5,0,1,48.8,0.0,71.8
2026-08-11,R11,5,5,5,0,0,59.1,0.0,86.9
2026-08-12,R11,4,4,4,0,0,40.1,0.0,73.7
2026-08-13,R11,5,5,5,0,0,51.4,0.0,75.6
2026-08-14,R11,2,2,2,0,0,22.9,0.0,84.2
2026-08-17,R11,5,4,5,0,1,43.0,0.0,63.2
2026-08-18,R11,5,4,5,0,1,42.7,0.0,62.8
2026-08-19,R11,4,3,4,0,1,31.8,0.0,58.5
2026-08-20,R11,5,4,5,0,1,49.2,0.0,72.4
2026-08-21,R11,2,3,2,0,0,28.7,3.7,100.0
2026-08-24,R11,4,4,4,0,0,37.5,0.0,68.9
2026-08-25,R11,5,6,5,1,0,73.8,0.0,90.4
2026-08-26,R11,3,3,3,0,0,33.1,0.0,81.1
2026-08-27,R11,5,6,5,0,0,63.2,0.6,92.9
2026-08-28,R11,2,3,2,1,0,31.1,0.0,77.8
2026-08-31,R11,5,4,5,0,1,48.4,0.0,71.2
2024-01-02,R12,3,3,3,0,0,27.0,0.0,66.2
2024-01-03,R12,3,3,3,0,0,27.9,0.0,68.4
2024-01-04,R12,3,3,3,0,0,30.1,0.0,73.8
2024-01-05,R12,1,2,1,1,0,23.8,0.0,87.5
2024-01-08,R12,4,3,4,0,1,33.6,0.0,61.8
2024-01-09,R12,3,3,3,0,0,36.7,0.0,90.0
2024-01-10,R12,3,3,3,0,0,29.3,0.0,71.8
2024-01-11,R12,3,3,3,0,0,33.7,0.0,82.6
2024-01-12,R12,1,2,1,0,0,15.1,2.6,100.0
2024-01-15,R12,3,3,3,0,0,26.8,0.0,65.7
2024-01-16,R12,3,3,3,0,0,26.1,0.0,64.0
2024-01-17,R12,3,2,3,0,1,15.9,0.0,39.0
2024-01-18,R12,3,3,3,0,0,31.2,0.0,76.5
2024-01-19,R12,2,3,2,0,0,26.1,1.1,96.0
2024-01-22,R12,3,3,3,0,0,25.7,0.0,63.0
2024-01-23,R12,3,4,3,0,0,38.4,0.9,94.1
2024-01-24,R12,3,3,3,0,0,27.5,0.0,69.5
2024-01-25,R12,3,4,3,0,0,46.6,9.1,100.0
2024-01-26,R12,3,3,3,0,0,18.5,0.0,67.6
2024-01-29,R12,3,3,3,0,0,33.0,0.0,80.9
2024-01-30,R12,4,5,4,1,0,56.6,0.0,83.2
2024-01-31,R12,3,3,3,0,0,26.4,0.0,64.7
2024-02-01,R12,4,4,4,0,0,46.6,0.0,85.7
2024-02-02,R12,3,2,3,0,1,19.9,0.0,48.8
2024-02-05,R12,4,2,4,0,2,24.4,0.0,44.9
2024-02-06,R12,4,4,4,0,0,46.6,0.0,85.7
2024-02-07,R12,4,3,4,0,1,35.2,0.0,64.7
2024-02-08,R12,4,4,4,0,0,38.8,0.0,71.3
2024-02-09,R12,2,2,2,0,0,13.2,0.0,48.5
2024-02-12,R12,3,2,3,0,1,24.6,0.0,60.3
2024-02-13,R12,5,4,5,0,1,39.9,0.0,58.7
2024-02-14,R12,3,3,3,0,0,26.6,0.0,65.2
2024-02-15,R12,4,4,4,0,0,38.8,0.0,71.3
2024-02-16,R12,2,2,2,0,0,18.4,0.0,67.6
2024-02-19,R12,2,3,2,1,0,35.2,0.0,86.3
2024-02-20,R12,3,4,3,1,0,45.0,0.0,82.7
2024-02-21,R12,3,2,3,0,1,24.2,0.0,59.3
2024-02-22,R12,4,4,4,0,0,42.3,0.0,77.8
2024-02-23,R12,2,3,2,1,0,34.1,0.0,83.6
2024-02-26,R12,3,2,3,0,1,21.6,0.0,52.9
2024-02-27,R12,4,4,4,0,0,45.7,0.0,84.0
2024-02-28,R12,3,3,3,0,0,27.3,0.0,66.9
2024-02-29,R12,4,3,4,0,1,26.2,0.0,48.2
2024-03-01,R12,2,2,2,0,0,20.1,0.0,73.9
2024-03-04,R12,2,2,2,0,0,20.7,0.0,76.1
2024-03-05,R12,4,4,4,0,0,44.6,0.0,82.0
2024-03-06,R12,3,3,3,0,0,26.2,0.0,64.2
2024-03-07,R12,3,4,3,0,0,47.9,10.4,100.0
2024-03-08,R12,2,3,2,0,0,16.6,1.9,99.1
2024-03-11,R12,2,4,2,1,0,43.4,7.8,100.0
2024-03-12,R12,4,4,4,0,0,42.1,0.0,91.7
2024-03-13,R12,2,2,2,0,0,22.0,0.0,80.9
2024-03-14,R12,4,4,4,0,0,42.3,0.0,77.8
2024-03-15,R12,2,2,2,0,0,20.8,0.0,76.5
2024-03-18,R12,3,3,3,0,0,26.0,0.0,63.7
2024-03-19,R12,4,4,4,0,0,45.8,0.0,84.2
2024-03-20,R12,2,3,2,0,0,29.9,4.9,100.0
2024-03-21,R12,4,4,4,0,0,33.2,0.0,70.0
2024-03-22,R12,2,2,2,0,0,23.8,0.0,87.5
2024-03-25,R12,3,3,3,0,0,30.0,0.0,73.5
2024-03-26,R12,5,4,5,0,1,48.2,0.0,70.9
2024-03-27,R12,3,3,3,0,0,26.0,0.0,63.7
2024-03-28,R12,5,5,5,0,0,52.6,0.0,77.4
2024-04-02,R12,4,4,4,0,0,37.7,0.0,69.3
2024-04-03,R12,3,3,3,0,0,32.0,0.0,78.4
2024-04-04,R12,7,4,7,0,3,50.0,0.0,52.5
2024-04-05,R12,2,2,2,0,0,21.0,0.0,77.2
2024-04-08,R12,3,4,3,0,0,38.2,0.7,93.6
2024-04-09,R12,4,5,4,1,0,56.1,0.0,83.5
2024-04-10,R12,3,3,3,0,0,25.2,0.0,61.8
2024-04-11,R12,5,4,5,0,1,37.9,0.0,55.7
2024-04-12,R12,2,3,2,0,0,26.2,1.2,96.3
2024-04-15,R12,5,4,5,0,1,38.2,0.0,56.2
2024-04-16,R12,5,3,5,0,2,37.4,0.0,55.0
2024-04-17,R12,3,3,3,0,0,37.5,0.0,91.9
2024-04-18,R12,4,5,4,0,0,53.3,3.3,98.0
2024-04-19,R12,2,2,2,0,0,21.2,0.0,89.9
2024-04-22,R12,4,3,4,0,1,28.4,0.0,52.2
2024-04-23,R12,3,5,3,2,0,61.8,0.0,90.9
2024-04-24,R12,4,2,4,0,2,21.1,0.0,38.8
2024-04-25,R12,4,4,4,0,0,38.4,0.0,70.6
2024-04-26,R12,2,2,2,0,0,21.2,0.0,77.9
2024-04-29,R12,4,2,4,0,2,21.8,0.0,40.1
2024-04-30,R12,4,5,4,0,0,54.0,4.0,99.3
2024-05-02,R12,5,4,5,0,1,36.9,0.0,54.3
2024-05-03,R12,2,2,2,0,0,22.2,0.0,81.6
2024-05-06,R12,3,2,3,0,1,21.1,0.0,51.7
2024-05-07,R12,4,5,4,0,0,51.8,1.8,95.2
2024-05-08,R12,2,3,2,0,0,26.2,2.9,100.0
2024-05-10,R12,2,2,2,0,0,19.0,0.0,69.9
2024-05-13,R12,2,3,2,0,0,29.3,4.3,100.0
2024-05-14,R12,5,4,5,0,1,43.3,0.0,70.0
2024-05-15,R12,3,3,3,0,0,28.2,0.0,69.1
2024-05-16,R12,4,5,4,0,0,52.8,2.8,97.1
2024-05-17,R12,2,3,2,0,0,27.0,4.7,100.0
2024-05-21,R12,5,5,5,0,0,49.0,0.0,72.1
2024-05-22,R12,3,2,3,0,1,14.9,0.0,36.5
2024-05-23,R12,6,4,6,0,2,45.3,0.0,55.5
2024-05-24,R12,2,2,2,0,0,20.7,0.0,76.1
2024-05-27,R12,3,2,3,0,1,24.7,0.0,60.5
2024-05-28,R12,5,4,5,0,1,49.2,0.0,72.4
2024-05-29,R12,2,4,2,1,0,40.9,3.4,100.0
2024-05-31,R12,2,2,2,0,0,21.0,0.0,77.2
2024-06-03,R12,2,3,2,0,0,28.2,3.2,100.0
2024-06-04,R12,4,4,4,0,0,36.7,0.0,73.3
2024-06-05,R12,4,3,4,0,1,28.7,0.0,52.8
2024-06-06,R12,4,4,4,0,0,43.8,0.0,80.5
2024-06-07,R12,1,2,1,1,0,23.0,0.0,84.6
2024-06-10,R12,2,4,2,1,0,37.7,0.2,92.4
2024-06-11,R12,4,3,4,0,1,37.1,0.0,68.5
2024-06-12,R12,3,2,3,0,1,21.0,0.0,51.5
2024-06-13,R12,4,4,4,0,0,47.9,0.0,88.1
2024-06-14,R12,2,2,2,0,0,20.4,0.0,75.0
2024-06-17,R12,4,3,4,0,1,26.7,0.0,49.1
2024-06-18,R12,3,3,3,0,0,36.8,0.0,90.2
2024-06-19,R12,3,3,3,0,0,34.3,0.0,84.1
2024-06-20,R12,4,5,4,1,0,59.1,0.0,86.9
2024-06-21,R12,2,2,2,0,0,21.3,0.0,78.3
2024-06-24,R12,4,3,4,0,1,35.4,0.0,65.1
2024-06-25,R12,3,4,3,1,0,49.2,0.0,90.4
2024-06-26,R12,3,2,3,0,1,21.9,0.0,53.7
2024-06-27,R12,4,3,4,0,1,35.1,0.0,64.5
2024-06-28,R12,2,3,2,0,0,26.3,1.3,96.7
2024-07-01,R12,4,3,4,0,1,30.8,0.0,56.6
2024-07-02,R12,3,5,3,1,0,50.8,0.8,93.4
2024-07-03,R12,3,3,3,0,0,28.3,0.0,71.2
2024-07-04,R12,4,3,4,0,1,31.9,0.0,58.6
2024-07-05,R12,3,2,3,0,1,24.8,0.0,60.8
2024-07-08,R12,3,3,3,0,0,32.6,0.0,79.9
2024-07-09,R12,4,5,4,1,0,55.2,0.0,81.2
2024-07-10,R12,3,3,3,0,0,34.9,0.0,85.5
2024-07-11,R12,3,5,3,1,0,58.1,8.1,100.0
2024-07-12,R12,2,3,2,0,0,20.7,3.7,100.0
2024-07-15,R12,4,3,4,0,1,25.8,0.0,47.4
2024-07-16,R12,5,5,5,0,0,57.2,0.0,84.1
2024-07-17,R12,3,2,3,0,1,19.7,0.0,48.3
2024-07-18,R12,4,5,4,0,0,51.4,1.4,94.5
2024-07-19,R12,2,3,2,0,0,33.1,9.4,100.0
2024-07-22,R12,3,4,3,1,0,33.6,0.0,61.8
2024-07-23,R12,4,4,4,0,0,47.7,0.0,87.7
2024-07-24,R12,2,2,2,0,0,23.9,0.0,87.9
2024-07-25,R12,5,4,5,0,1,40.0,0.0,58.8
2024-07-26,R12,3,3,3,0,0,26.8,0.0,65.7
2024-07-29,R12,4,3,4,0,1,28.9,0.0,53.1
2024-07-30,R12,4,4,4,0,0,39.1,0.0,71.9
2024-07-31,R12,2,2,2,0,0,19.8,0.0,72.8
2024-08-01,R12,5,3,5,0,2,30.7,0.0,45.1
2024-08-02,R12,3,2,3,0,1,16.1,0.0,39.5
2024-08-05,R12,3,2,3,0,1,23.1,0.0,56.6
2024-08-06,R12,3,3,3,0,0,36.5,0.0,89.5
2024-08-07,R12,2,3,2,0,0,34.2,9.2,100.0
2024-08-08,R12,3,5,3,1,0,43.7,2.8,97.2
2024-08-09,R12,2,2,2,0,0,15.0,0.0,65.5
2024-08-12,R12,2,3,2,0,0,27.1,2.1,99.6
2024-08-13,R12,4,4,4,0,0,36.6,0.0,71.1
2024-08-14,R12,2,2,2,0,0,17.6,0.0,64.7
2024-08-15,R12,5,3,5,0,2,35.3,0.0,51.9
2024-08-16,R12,1,2,1,1,0,18.1,0.0,66.5
2024-08-19,R12,3,2,3,0,1,20.4,0.0,50.0
2024-08-20,R12,4,3,4,0,1,37.3,0.0,68.6
2024-08-21,R12,3,2,3,0,1,23.3,0.0,57.1
2024-08-22,R12,3,3,3,0,0,37.1,0.0,90.9
2024-08-23,R12,2,2,2,0,0,13.1,0.0,48.2
2024-08-26,R12,3,2,3,0,1,14.3,0.0,35.0
2024-08-27,R12,4,4,4,0,0,38.5,0.0,70.8
2024-08-28,R12,2,3,2,0,0,30.0,5.0,100.0
2024-08-29,R12,3,4,3,0,0,34.1,1.5,95.8
2024-08-30,R12,2,2,2,0,0,16.8,0.0,67.4
2024-09-02,R12,2,3,2,0,0,36.9,11.9,100.0
2024-09-03,R12,3,5,3,0,0,38.2,12.5,100.0
2024-09-04,R12,3,4,3,1,0,31.3,0.0,80.6
2024-09-05,R12,3,4,3,1,0,42.7,0.0,78.5
2024-09-06,R12,1,2,1,1,0,18.4,0.0,67.6
2024-09-09,R12,3,4,3,0,0,37.8,0.3,92.6
2024-09-10,R12,5,4,5,0,1,44.0,0.0,65.1
2024-09-11,R12,4,3,4,0,1,25.5,0.0,46.9
2024-09-12,R12,4,5,4,0,0,55.9,5.9,100.0
2024-09-13,R12,2,3,2,0,0,23.3,4.1,100.0
2024-09-16,R12,4,3,4,0,1,28.4,0.0,52.2
2024-09-17,R12,5,3,5,0,2,33.5,0.0,49.3
2024-09-18,R12,3,3,3,0,0,29.2,0.0,71.6
2024-09-19,R12,4,4,4,0,0,46.2,0.0,84.9
2024-09-20,R12,2,2,2,0,0,13.9,0.0,51.1
2024-09-23,R12,3,3,3,0,0,35.3,0.0,86.5
2024-09-24,R12,3,6,3,1,0,63.5,13.5,100.0
2024-09-25,R12,3,3,3,0,0,19.8,0.0,81.5
2024-09-26,R12,4,4,4,0,0,45.9,0.0,84.4
2024-09-27,R12,2,2,2,0,0,13.9,0.0,51.1
2024-09-30,R12,3,3,3,0,0,33.9,0.0,83.1
2024-10-01,R12,5,4,5,0,1,45.9,0.0,67.5
2024-10-02,R12,2,3,2,1,0,35.1,0.0,86.0
2024-10-04,R12,1,2,1,0,0,21.0,8.5,100.0
2024-10-07,R12,3,3,3,0,0,27.0,0.0,66.2
2024-10-08,R12,5,5,5,0,0,50.8,0.0,74.7
2024-10-09,R12,4,3,4,0,1,27.1,0.0,49.8
2024-10-10,R12,4,4,4,0,0,41.5,0.0,76.3
2024-10-11,R12,2,2,2,0,0,18.9,0.0,69.5
2024-10-14,R12,3,3,3,0,0,29.1,0.0,71.3
2024-10-15,R12,4,4,4,0,0,47.7,0.0,87.7
2024-10-16,R12,3,2,3,0,1,25.0,0.0,61.3
2024-10-17,R12,4,4,4,0,0,49.5,0.0,91.0
2024-10-18,R12,2,2,2,0,0,19.3,0.0,71.0
2024-10-21,R12,3,3,3,0,0,32.0,0.0,78.4
2024-10-22,R12,5,4,5,0,1,42.3,0.0,62.2
2024-10-23,R12,2,2,2,0,0,20.9,0.0,76.8
2024-10-24,R12,4,5,4,0,0,53.5,3.5,98.3
2024-10-25,R12,2,3,2,1,0,29.7,0.0,81.3
2024-10-28,R12,3,3,3,0,0,35.9,0.0,88.0
2024-10-29,R12,4,4,4,0,0,45.6,0.0,83.8
2024-10-30,R12,2,3,2,0,0,25.4,0.4,93.4
2024-10-31,R12,5,4,5,0,1,45.2,0.0,67.0
2024-11-04,R12,3,3,3,0,0,34.1,0.0,83.6
2024-11-05,R12,4,3,4,0,1,37.2,0.0,68.4
2024-11-06,R12,3,3,3,0,0,26.3,0.0,64.5
2024-11-07,R12,5,4,5,0,1,39.5,0.0,58.1
2024-11-08,R12,3,2,3,0,1,21.1,0.0,51.7
2024-11-11,R12,4,3,4,0,1,29.6,0.0,54.4
2024-11-12,R12,4,4,4,0,0,39.0,0.0,71.7
2024-11-13,R12,3,3,3,0,0,28.6,0.0,70.1
2024-11-14,R12,4,2,4,0,2,16.6,0.0,30.5
2024-11-15,R12,1,4,1,0,0,44.5,32.0,100.0
2024-11-18,R12,4,6,4,0,0,33.7,15.6,61.9
2024-11-19,R12,4,5,4,1,0,45.4,0.0,89.8
2024-11-20,R12,3,3,3,0,0,32.0,0.0,78.4
2024-11-21,R12,2,4,2,1,0,42.0,4.5,100.0
2024-11-22,R12,4,3,4,0,1,22.5,0.0,49.6
2024-11-25,R12,6,3,6,0,3,27.2,0.0,33.3
2024-11-26,R12,5,4,5,0,1,41.1,0.0,60.4
2024-11-27,R12,3,2,3,0,1,24.6,0.0,60.3
2024-11-28,R12,4,5,4,0,0,54.1,4.1,99.4
2024-11-29,R12,2,2,2,0,0,13.5,0.0,64.5
2024-12-02,R12,5,3,5,0,2,28.1,0.0,41.3
2024-12-03,R12,4,3,4,0,1,35.4,0.0,65.1
2024-12-04,R12,2,3,2,0,0,27.6,2.6,100.0
2024-12-05,R12,4,5,4,1,0,52.9,0.0,81.6
2024-12-06,R12,2,2,2,0,0,20.9,0.0,76.8
2024-12-09,R12,3,2,3,0,1,23.6,0.0,57.8
2024-12-10,R12,3,5,3,0,0,57.7,20.2,100.0
2024-12-11,R12,3,5,3,1,0,32.1,2.2,96.1
2024-12-12,R12,5,5,5,0,0,57.9,0.0,88.4
2024-12-13,R12,2,2,2,0,0,17.9,0.0,65.8
2024-12-16,R12,3,3,3,0,0,27.5,0.0,67.4
2024-12-17,R12,4,3,4,0,1,30.8,0.0,56.6
2024-12-18,R12,4,2,4,0,2,20.4,0.0,37.5
2024-12-19,R12,5,3,5,0,2,33.3,0.0,49.0
2024-12-20,R12,1,2,1,0,0,17.5,5.0,100.0
2024-12-23,R12,3,2,3,0,1,7.8,0.0,19.1
2024-12-24,R12,4,3,4,0,1,33.1,0.0,60.8
2024-12-27,R12,2,1,2,0,1,8.7,0.0,32.0
2024-12-30,R12,3,2,3,0,1,17.0,0.0,41.7
2024-12-31,R12,2,3,2,1,0,31.7,0.0,77.7
2025-01-02,R12,3,3,3,0,0,37.0,0.0,90.7
2025-01-03,R12,1,2,1,0,0,14.1,1.6,100.0
2025-01-07,R12,3,5,3,1,0,51.8,3.3,95.2
2025-01-08,R12,3,3,3,0,0,27.6,0.0,75.8
2025-01-09,R12,2,5,2,0,0,55.3,30.3,100.0
2025-01-10,R12,1,4,1,1,0,14.2,19.5,100.0
2025-01-13,R12,2,4,2,0,0,23.5,17.9,86.4
2025-01-14,R12,4,5,4,1,0,39.6,0.0,84.6
2025-01-15,R12,2,2,2,0,0,22.8,0.0,83.8
2025-01-16,R12,4,3,4,0,1,29.1,0.0,53.5
2025-01-17,R12,3,2,3,0,1,17.1,0.0,41.9
2025-01-20,R12,4,2,4,0,2,24.0,0.0,44.1
2025-01-21,R12,4,4,4,0,0,40.8,0.0,75.0
2025-01-22,R12,2,2,2,0,0,21.4,0.0,78.7
2025-01-23,R12,4,4,4,0,0,46.0,0.0,84.6
2025-01-24,R12,2,2,2,0,0,21.2,0.0,77.9
2025-01-27,R12,4,2,4,0,2,23.1,0.0,42.5
2025-01-28,R12,4,4,4,0,0,39.3,0.0,72.2
2025-01-29,R12,3,3,3,0,0,30.7,0.0,75.2
2025-01-30,R12,3,4,3,0,0,46.3,8.8,100.0
2025-01-31,R12,2,3,2,1,0,22.5,0.0,76.6
2025-02-03,R12,2,3,2,0,0,28.5,3.5,100.0
2025-02-04,R12,4,4,4,0,0,43.8,0.0,86.9
2025-02-05,R12,3,3,3,0,0,28.2,0.0,69.1
2025-02-06,R12,4,3,4,0,1,36.1,0.0,66.4
2025-02-07,R12,2,2,2,0,0,20.6,0.0,75.7
2025-02-10,R12,3,3,3,0,0,33.5,0.0,82.1
2025-02-11,R12,4,4,4,0,0,40.7,0.0,74.8
2025-02-12,R12,3,3,3,0,0,28.3,0.0,69.4
2025-02-13,R12,4,4,4,0,0,40.2,0.0,73.9
2025-02-14,R12,2,3,2,1,0,30.2,0.0,74.0
2025-02-17,R12,3,3,3,0,0,28.4,0.0,69.6
2025-02-18,R12,5,3,5,0,2,37.0,0.0,54.4
2025-02-19,R12,2,2,2,0,0,24.5,0.0,90.1
2025-02-20,R12,4,3,4,0,1,36.9,0.0,67.8
2025-02-21,R12,3,2,3,0,1,21.1,0.0,51.7
2025-02-24,R12,3,3,3,0,0,33.8,0.0,82.8
2025-02-25,R12,4,4,4,0,0,40.9,0.0,75.2
2025-02-26,R12,3,2,3,0,1,25.0,0.0,61.3
2025-02-27,R12,3,4,3,1,0,48.7,0.0,89.5
2025-02-28,R12,1,2,1,1,0,20.3,0.0,74.6
2025-03-03,R12,3,3,3,0,0,26.0,0.0,63.7
2025-03-04,R12,4,4,4,0,0,38.6,0.0,71.0
2025-03-05,R12,2,3,2,0,0,28.4,3.4,100.0
2025-03-06,R12,3,4,3,0,0,36.2,2.0,97.0
2025-03-07,R12,2,2,2,0,0,21.2,0.0,85.4
2025-03-10,R12,3,2,3,0,1,24.6,0.0,60.3
2025-03-11,R12,4,4,4,0,0,49.6,0.0,91.2
2025-03-12,R12,2,3,2,1,0,33.9,0.0,83.1
2025-03-13,R12,4,4,4,0,0,38.6,0.0,71.0
2025-03-14,R12,2,2,2,0,0,20.5,0.0,75.4
2025-03-17,R12,3,2,3,0,1,20.8,0.0,51.0
2025-03-18,R12,4,3,4,0,1,31.1,0.0,57.2
2025-03-19,R12,4,2,4,0,2,18.8,0.0,34.6
2025-03-20,R12,5,4,5,0,1,48.6,0.0,71.5
2025-03-21,R12,2,2,2,0,0,18.2,0.0,66.9
2025-03-24,R12,2,3,2,1,0,30.1,0.0,73.8
2025-03-25,R12,4,6,4,1,0,62.9,0.3,92.5
2025-03-26,R12,2,3,2,0,0,26.5,1.8,98.7
2025-03-27,R12,5,4,5,0,1,42.7,0.0,65.5
2025-03-28,R12,1,2,1,1,0,18.8,0.0,69.1
2025-03-31,R12,3,3,3,0,0,32.9,0.0,80.6
2025-04-01,R12,5,4,5,0,1,47.3,0.0,69.6
2025-04-02,R12,3,3,3,0,0,26.7,0.0,65.4
2025-04-03,R12,4,4,4,0,0,42.0,0.0,77.2
2025-04-04,R12,1,2,1,0,0,18.4,5.9,100.0
2025-04-07,R12,4,3,4,0,1,28.4,0.0,52.2
2025-04-08,R12,5,5,5,0,0,56.2,0.0,82.6
2025-04-09,R12,3,2,3,0,1,20.7,0.0,50.7
2025-04-10,R12,4,4,4,0,0,42.5,0.0,78.1
2025-04-11,R12,2,2,2,0,0,13.8,0.0,50.7
2025-04-14,R12,4,3,4,0,1,36.0,0.0,66.2
2025-04-15,R12,4,4,4,0,0,44.5,0.0,81.8
2025-04-16,R12,3,3,3,0,0,25.4,0.0,62.3
2025-04-17,R12,4,5,4,1,0,60.8,0.0,89.4
2025-04-22,R12,4,4,4,0,0,44.1,0.0,81.1
2025-04-23,R12,2,3,2,0,0,26.7,1.7,98.2
2025-04-24,R12,5,5,5,0,0,56.5,0.0,85.6
2025-04-25,R12,2,2,2,0,0,20.6,0.0,75.7
2025-04-28,R12,3,2,3,0,1,20.4,0.0,50.0
2025-04-29,R12,4,4,4,0,0,47.8,0.0,87.9
2025-04-30,R12,3,3,3,0,0,25.3,0.0,62.0
2025-05-02,R12,2,1,2,0,1,10.6,0.0,39.0
2025-05-05,R12,2,3,2,1,0,31.5,0.0,77.2
2025-05-06,R12,5,6,5,1,0,68.5,0.0,83.9
2025-05-07,R12,3,2,3,0,1,19.3,0.0,47.3
2025-05-08,R12,5,5,5,0,0,57.0,0.0,83.8
2025-05-09,R12,1,2,1,1,0,24.9,0.0,91.5
2025-05-12,R12,3,2,3,0,1,24.2,0.0,59.3
2025-05-13,R12,4,4,4,0,0,49.0,0.0,90.1
2025-05-14,R12,3,3,3,0,0,31.7,0.0,77.7
2025-05-15,R12,4,5,4,0,0,57.3,7.3,100.0
2025-05-16,R12,1,2,1,1,0,15.9,0.0,85.1
2025-05-19,R12,3,3,3,0,0,33.6,0.0,82.4
2025-05-20,R12,4,4,4,0,0,44.5,0.0,81.8
2025-05-21,R12,3,3,3,0,0,32.3,0.0,79.2
2025-05-22,R12,5,3,5,0,2,33.9,0.0,49.9
2025-05-23,R12,2,3,2,0,0,25.8,0.8,94.9
2025-05-26,R12,3,3,3,0,0,35.2,0.0,86.3
2025-05-27,R12,4,4,4,0,0,41.0,0.0,75.4
2025-05-28,R12,3,3,3,0,0,34.0,0.0,83.3
2025-05-30,R12,3,2,3,0,1,14.8,0.0,36.3
2025-06-02,R12,4,3,4,0,1,34.2,0.0,62.9
2025-06-03,R12,4,4,4,0,0,47.2,0.0,86.8
2025-06-04,R12,3,2,3,0,1,21.3,0.0,52.2
2025-06-05,R12,3,5,3,1,0,51.4,1.4,94.5
2025-06-06,R12,2,2,2,0,0,23.0,0.0,89.5
2025-06-10,R12,4,4,4,0,0,44.8,0.0,82.4
2025-06-11,R12,2,3,2,0,0,27.2,2.2,100.0
2025-06-12,R12,4,6,4,1,0,61.5,1.1,93.6
2025-06-13,R12,2,3,2,1,0,30.2,0.0,76.8
2025-06-16,R12,3,3,3,0,0,25.9,0.0,63.5
2025-06-17,R12,3,4,3,1,0,45.2,0.0,83.1
2025-06-18,R12,2,3,2,1,0,35.4,0.0,86.8
2025-06-20,R12,2,2,2,0,0,13.3,0.0,48.9
2025-06-23,R12,3,2,3,0,1,24.7,0.0,60.5
2025-06-24,R12,4,5,4,1,0,57.4,0.0,84.4
2025-06-25,R12,3,3,3,0,0,32.4,0.0,79.4
2025-06-26,R12,5,4,5,0,1,47.6,0.0,70.0
2025-06-27,R12,3,2,3,0,1,19.9,0.0,48.8
2025-06-30,R12,2,3,2,1,0,32.2,0.0,78.9
2025-07-01,R12,5,4,5,0,1,48.6,0.0,71.5
2025-07-02,R12,3,3,3,0,0,30.3,0.0,74.3
2025-07-03,R12,4,4,4,0,0,49.5,0.0,91.0
2025-07-04,R12,2,2,2,0,0,21.5,0.0,79.0
2025-07-07,R12,3,5,3,1,0,58.8,8.8,100.0
2025-07-08,R12,5,5,5,0,0,43.4,0.0,76.7
2025-07-09,R12,3,3,3,0,0,30.4,0.0,74.5
2025-07-10,R12,4,4,4,0,0,42.5,0.0,78.1
2025-07-11,R12,2,2,2,0,0,17.4,0.0,64.0
2025-07-14,R12,4,4,4,0,0,40.1,0.0,73.7
2025-07-15,R12,5,5,5,0,0,54.2,0.0,79.7
2025-07-16,R12,2,2,2,0,0,22.8,0.0,83.8
2025-07-17,R12,4,5,4,0,0,50.5,0.5,92.8
2025-07-18,R12,2,2,2,0,0,21.3,0.0,80.0
2025-07-21,R12,5,3,5,0,2,37.3,0.0,54.9
2025-07-22,R12,5,5,5,0,0,51.0,0.0,75.0
2025-07-23,R12,2,2,2,0,0,21.1,0.0,77.6
2025-07-24,R12,4,5,4,0,0,53.1,3.1,97.6
2025-07-25,R12,2,2,2,0,0,21.2,0.0,89.2
2025-07-28,R12,3,3,3,0,0,30.0,0.0,73.5
2025-07-29,R12,5,4,5,0,1,48.3,0.0,71.0
2025-07-30,R12,2,2,2,0,0,18.7,0.0,68.7
2025-07-31,R12,4,4,4,0,0,49.5,0.0,91.0
2025-08-01,R12,2,3,2,0,0,26.8,1.8,98.5
2025-08-04,R12,3,2,3,0,1,22.2,0.0,54.4
2025-08-05,R12,4,4,4,0,0,47.3,0.0,86.9
2025-08-06,R12,3,2,3,0,1,20.5,0.0,50.2
2025-08-07,R12,5,4,5,0,1,38.3,0.0,56.3
2025-08-08,R12,2,2,2,0,0,19.4,0.0,71.3
2025-08-11,R12,3,2,3,0,1,24.2,0.0,59.3
2025-08-12,R12,5,4,5,0,1,42.2,0.0,62.1
2025-08-13,R12,2,2,2,0,0,20.5,0.0,75.4
2025-08-14,R12,5,4,5,0,1,44.4,0.0,65.3
2025-08-15,R12,2,2,2,0,0,19.0,0.0,69.9
2025-08-18,R12,3,2,3,0,1,15.4,0.0,37.7
2025-08-19,R12,4,4,4,0,0,39.1,0.0,71.9
2025-08-20,R12,2,2,2,0,0,15.5,0.0,57.0
2025-08-21,R12,4,3,4,0,1,31.3,0.0,57.5
2025-08-22,R12,2,2,2,0,0,13.3,0.0,48.9
2025-08-25,R12,3,2,3,0,1,22.6,0.0,55.4
2025-08-26,R12,4,4,4,0,0,38.1,0.0,70.0
2025-08-27,R12,2,2,2,0,0,22.8,0.0,83.8
2025-08-28,R12,3,4,3,0,0,37.9,0.4,92.9
2025-08-29,R12,2,2,2,0,0,21.5,0.0,80.4
2025-09-01,R12,2,2,2,0,0,19.1,0.0,70.2
2025-09-02,R12,4,4,4,0,0,40.5,0.0,74.4
2025-09-03,R12,3,2,3,0,1,18.7,0.0,45.8
2025-09-04,R12,4,4,4,0,0,45.2,0.0,83.1
2025-09-05,R12,2,2,2,0,0,17.6,0.0,64.7
2025-09-08,R12,3,3,3,0,0,27.8,0.0,68.1
2025-09-09,R12,3,4,3,1,0,44.3,0.0,81.4
2025-09-10,R12,2,3,2,0,0,26.8,1.8,98.5
2025-09-11,R12,4,3,4,0,1,32.3,0.0,62.6
2025-09-12,R12,1,2,1,1,0,23.8,0.0,87.5
2025-09-15,R12,3,3,3,0,0,33.6,0.0,82.4
2025-09-16,R12,3,4,3,0,0,48.9,11.4,100.0
2025-09-17,R12,3,3,3,0,0,19.6,0.0,75.9
2025-09-18,R12,3,5,3,1,0,50.1,0.1,92.1
2025-09-19,R12,2,2,2,0,0,22.0,0.0,81.1
2025-09-22,R12,3,2,3,0,1,16.2,0.0,39.7
2025-09-23,R12,4,3,4,0,1,34.5,0.0,63.4
2025-09-24,R12,2,2,2,0,0,19.8,0.0,72.8
2025-09-25,R12,5,4,5,0,1,40.3,0.0,59.3
2025-09-26,R12,2,2,2,0,0,13.7,0.0,50.4
2025-09-29,R12,3,2,3,0,1,22.1,0.0,54.2
2025-09-30,R12,3,4,3,1,0,49.0,0.0,90.1
2025-10-01,R12,3,2,3,0,1,16.8,0.0,41.2
2025-10-02,R12,5,5,5,0,0,57.1,0.0,84.0
2025-10-06,R12,2,3,2,0,0,31.7,6.7,100.0
2025-10-07,R12,5,5,5,0,0,44.8,0.0,75.7
2025-10-08,R12,3,3,3,0,0,36.7,0.0,90.0
2025-10-09,R12,5,6,5,1,0,68.3,0.0,83.7
2025-10-10,R12,1,3,1,1,0,34.4,9.4,100.0
2025-10-13,R12,3,5,3,0,0,40.8,12.6,100.0
2025-10-14,R12,4,5,4,1,0,47.7,0.0,88.7
2025-10-15,R12,2,2,2,0,0,20.5,0.0,75.4
2025-10-16,R12,5,5,5,0,0,58.1,0.0,85.4
2025-10-17,R12,2,2,2,0,0,21.5,0.0,79.0
2025-10-20,R12,4,3,4,0,1,28.7,0.0,52.8
2025-10-21,R12,5,3,5,0,2,37.4,0.0,55.0
2025-10-22,R12,2,2,2,0,0,24.4,0.0,89.7
2025-10-23,R12,5,4,5,0,1,41.2,0.0,60.6
2025-10-24,R12,2,3,2,0,0,25.5,0.5,93.7
2025-10-27,R12,4,2,4,0,2,17.0,0.0,31.2
2025-10-28,R12,4,4,4,0,0,44.8,0.0,82.4
2025-10-29,R12,2,3,2,1,0,33.9,0.0,83.1
2025-10-30,R12,5,4,5,0,1,44.8,0.0,65.9
2025-10-31,R12,1,2,1,1,0,20.7,0.0,76.1
2025-11-03,R12,3,3,3,0,0,29.3,0.0,71.8
2025-11-04,R12,3,3,3,0,0,30.9,0.0,75.7
2025-11-05,R12,3,3,3,0,0,26.9,0.0,65.9
2025-11-06,R12,4,5,4,0,0,51.7,1.7,95.0
2025-11-07,R12,1,2,1,0,0,14.9,4.0,100.0
2025-11-10,R12,3,3,3,0,0,31.2,0.0,76.5
2025-11-11,R12,4,4,4,0,0,47.0,0.0,86.4
2025-11-12,R12,3,2,3,0,1,21.7,0.0,53.2
2025-11-13,R12,4,4,4,0,0,43.3,0.0,79.6
2025-11-14,R12,2,2,2,0,0,23.7,0.0,87.1
2025-11-17,R12,4,3,4,0,1,28.5,0.0,52.4
2025-11-18,R12,4,3,4,0,1,37.4,0.0,68.8
2025-11-19,R12,3,2,3,0,1,17.0,0.0,41.7
2025-11-20,R12,5,5,5,0,0,50.8,0.0,74.7
2025-11-21,R12,2,3,2,0,0,25.5,0.5,93.7
2025-11-24,R12,4,3,4,0,1,28.5,0.0,52.4
2025-11-25,R12,3,3,3,0,0,36.9,0.0,90.4
2025-11-26,R12,2,2,2,0,0,22.5,0.0,82.7
2025-11-27,R12,5,3,5,0,2,37.4,0.0,55.0
2025-11-28,R12,2,3,2,0,0,29.8,4.8,100.0
2025-12-01,R12,3,3,3,0,0,32.4,0.0,79.4
2025-12-02,R12,4,4,4,0,0,37.7,0.0,69.3
2025-12-03,R12,2,2,2,0,0,20.5,0.0,75.4
2025-12-04,R12,4,3,4,0,1,35.0,0.0,64.3
2025-12-05,R12,2,2,2,0,0,15.5,0.0,57.0
2025-12-08,R12,3,4,3,0,0,38.2,0.7,93.6
2025-12-09,R12,4,4,4,0,0,48.8,0.0,90.9
2025-12-10,R12,3,3,3,0,0,32.8,0.0,80.4
2025-12-11,R12,3,5,3,0,0,51.7,14.2,100.0
2025-12-12,R12,2,3,2,1,0,17.5,0.0,77.6
2025-12-15,R12,3,3,3,0,0,26.5,0.0,65.0
2025-12-16,R12,3,4,3,0,0,38.2,0.7,93.6
2025-12-17,R12,3,3,3,0,0,33.8,0.0,84.5
2025-12-18,R12,4,4,4,0,0,40.3,0.0,74.1
2025-12-19,R12,2,1,2,0,1,11.1,0.0,40.8
2025-12-22,R12,3,2,3,0,1,18.3,0.0,44.9
2025-12-23,R12,4,3,4,0,1,32.3,0.0,59.4
2025-12-24,R12,3,2,3,0,1,16.6,0.0,40.7
2025-12-29,R12,2,2,2,0,0,13.6,0.0,50.0
2025-12-30,R12,3,3,3,0,0,29.6,0.0,72.5
2025-12-31,R12,2,2,2,0,0,24.8,0.0,91.2
2026-01-02,R12,1,1,1,0,0,11.2,0.0,82.4
2026-01-05,R12,2,2,2,0,0,19.8,0.0,72.8
2026-01-07,R12,2,2,2,0,0,23.7,0.0,87.1
2026-01-08,R12,6,4,6,0,2,43.6,0.0,53.4
2026-01-09,R12,2,2,2,0,0,23.7,0.0,87.1
2026-01-12,R12,3,2,3,0,1,19.7,0.0,48.3
2026-01-13,R12,4,2,4,0,2,24.4,0.0,44.9
2026-01-14,R12,2,2,2,0,0,25.0,0.0,91.9
2026-01-15,R12,4,4,4,0,0,44.6,0.0,82.0
2026-01-16,R12,2,2,2,0,0,19.7,0.0,72.4
2026-01-19,R12,3,2,3,0,1,24.6,0.0,60.3
2026-01-20,R12,3,4,3,0,0,42.0,4.5,100.0
2026-01-21,R12,2,3,2,0,0,24.6,4.0,100.0
2026-01-22,R12,5,4,5,0,1,38.1,0.0,62.0
2026-01-23,R12,1,1,1,0,0,12.0,0.0,88.2
2026-01-26,R12,3,4,3,0,0,41.8,4.3,100.0
2026-01-27,R12,3,4,3,0,0,37.1,3.8,100.0
2026-01-28,R12,4,3,4,0,1,28.6,0.0,59.6
2026-01-29,R12,4,5,4,0,0,54.3,4.3,99.8
2026-01-30,R12,2,2,2,0,0,17.4,0.0,79.6
2026-02-02,R12,4,3,4,0,1,36.3,0.0,66.7
2026-02-03,R12,5,3,5,0,2,31.7,0.0,46.6
2026-02-04,R12,3,2,3,0,1,17.9,0.0,43.9
2026-02-05,R12,4,3,4,0,1,34.7,0.0,63.8
2026-02-06,R12,2,3,2,0,0,29.9,4.9,100.0
2026-02-09,R12,4,3,4,0,1,27.0,0.0,49.6
2026-02-10,R12,3,4,3,0,0,42.1,4.6,100.0
2026-02-11,R12,2,3,2,1,0,29.2,0.0,82.8
2026-02-12,R12,3,4,3,1,0,45.3,0.0,83.3
2026-02-13,R12,2,2,2,0,0,17.5,0.0,64.3
2026-02-16,R12,3,3,3,0,0,25.4,0.0,62.3
2026-02-17,R12,3,4,3,0,0,41.8,4.3,100.0
2026-02-18,R12,2,3,2,0,0,22.4,1.6,98.0
2026-02-19,R12,3,4,3,1,0,41.4,0.0,79.1
2026-02-20,R12,2,3,2,0,0,30.2,5.2,100.0
2026-02-23,R12,3,2,3,0,1,19.6,0.0,48.0
2026-02-24,R12,4,5,4,0,0,53.6,3.6,98.5
2026-02-25,R12,3,3,3,0,0,23.6,0.0,66.5
2026-02-26,R12,4,4,4,0,0,44.4,0.0,81.6
2026-02-27,R12,2,2,2,0,0,20.1,0.0,73.9
2026-03-02,R12,3,2,3,0,1,21.3,0.0,52.2
2026-03-03,R12,5,4,5,0,1,44.1,0.0,64.9
2026-03-04,R12,2,3,2,0,0,26.3,1.3,96.7
2026-03-05,R12,4,4,4,0,0,36.4,0.0,69.3
2026-03-06,R12,2,2,2,0,0,18.3,0.0,67.3
2026-03-09,R12,2,3,2,0,0,27.9,2.9,100.0
2026-03-10,R12,4,5,4,0,0,51.3,4.1,99.6
2026-03-11,R12,3,3,3,0,0,33.4,0.0,92.0
2026-03-12,R12,3,3,3,0,0,33.9,0.0,83.1
2026-03-13,R12,2,2,2,0,0,16.1,0.0,59.2
2026-03-16,R12,3,4,3,0,0,50.0,12.5,100.0
2026-03-17,R12,4,6,4,1,0,50.2,0.1,92.2
2026-03-18,R12,3,3,3,0,0,25.3,0.0,62.3
2026-03-19,R12,3,5,3,2,0,57.8,0.0,85.0
2026-03-20,R12,2,2,2,0,0,21.1,0.0,77.6
2026-03-23,R12,4,3,4,0,1,26.5,0.0,48.7
2026-03-24,R12,6,4,6,0,2,37.7,0.0,46.2
2026-03-25,R12,3,3,3,0,0,28.3,0.0,69.4
2026-03-26,R12,4,3,4,0,1,32.4,0.0,59.6
2026-03-27,R12,1,2,1,0,0,16.7,4.2,100.0
2026-03-30,R12,4,4,4,0,0,34.5,0.0,63.4
2026-03-31,R12,5,4,5,0,1,37.9,0.0,55.7
2026-04-01,R12,3,2,3,0,1,22.2,0.0,54.4
2026-04-02,R12,3,3,3,0,0,30.0,0.0,73.5
2026-04-07,R12,4,5,4,1,0,56.1,0.0,82.5
2026-04-08,R12,2,2,2,0,0,17.2,0.0,63.2
2026-04-09,R12,3,5,3,1,0,50.9,0.9,93.6
2026-04-10,R12,2,2,2,0,0,17.6,0.0,67.8
2026-04-13,R12,4,3,4,0,1,34.2,0.0,62.9
2026-04-14,R12,4,4,4,0,0,44.8,0.0,82.4
2026-04-15,R12,3,3,3,0,0,30.1,0.0,73.8
2026-04-16,R12,5,4,5,0,1,48.4,0.0,71.2
2026-04-17,R12,2,2,2,0,0,23.6,0.0,86.8
2026-04-20,R12,3,2,3,0,1,23.5,0.0,57.6
2026-04-21,R12,4,4,4,0,0,39.0,0.0,71.7
2026-04-22,R12,3,2,3,0,1,20.1,0.0,49.3
2026-04-23,R12,5,2,5,0,3,19.1,0.0,28.1
2026-04-24,R12,2,2,2,0,0,19.0,0.0,69.9
2026-04-27,R12,3,3,3,0,0,27.6,0.0,67.6
2026-04-28,R12,4,4,4,0,0,49.7,0.0,91.4
2026-04-29,R12,3,2,3,0,1,22.0,0.0,53.9
2026-04-30,R12,3,6,3,2,0,66.1,3.5,97.2
2026-05-04,R12,3,3,3,0,0,30.9,0.0,75.7
2026-05-05,R12,5,5,5,0,0,51.6,0.0,75.9
2026-05-06,R12,1,2,1,1,0,24.1,0.0,88.6
2026-05-07,R12,4,4,4,0,0,48.2,0.0,88.6
2026-05-08,R12,2,3,2,0,0,25.5,0.5,93.7
2026-05-11,R12,2,3,2,1,0,31.7,0.0,77.7
2026-05-12,R12,4,4,4,0,0,37.9,0.0,69.7
2026-05-13,R12,2,3,2,0,0,26.4,1.4,97.1
2026-05-15,R12,2,2,2,0,0,15.8,0.0,58.1
2026-05-18,R12,4,3,4,0,1,28.0,0.0,51.5
2026-05-19,R12,5,4,5,0,1,41.8,0.0,61.5
2026-05-20,R12,4,2,4,0,2,24.3,0.0,44.7
2026-05-21,R12,4,6,4,2,0,71.0,0.0,87.0
2026-05-22,R12,2,3,2,0,0,32.2,7.2,100.0
2026-05-26,R12,4,5,4,1,0,54.7,0.0,80.4
2026-05-27,R12,3,2,3,0,1,23.2,0.0,56.9
2026-05-28,R12,6,4,6,0,2,49.4,0.0,60.5
2026-05-29,R12,3,3,3,0,0,27.7,0.0,67.9
2026-06-01,R12,4,3,4,0,1,28.4,0.0,52.2
2026-06-02,R12,5,4,5,0,1,48.0,0.0,70.6
2026-06-03,R12,1,4,1,2,0,41.5,4.0,100.0
2026-06-05,R12,2,2,2,0,0,12.9,0.0,47.4
2026-06-08,R12,3,3,3,0,0,34.2,0.0,83.8
2026-06-09,R12,5,4,5,0,1,42.3,0.0,62.2
2026-06-10,R12,3,3,3,0,0,25.4,0.0,62.3
2026-06-11,R12,5,5,5,0,0,58.7,0.0,86.3
2026-06-12,R12,2,2,2,0,0,19.6,0.0,72.1
2026-06-15,R12,3,3,3,0,0,32.2,0.0,78.9
2026-06-16,R12,4,5,4,0,0,51.0,1.0,93.8
2026-06-17,R12,3,3,3,0,0,24.5,0.0,62.4
2026-06-18,R12,5,6,5,0,0,64.5,1.9,94.9
2026-06-19,R12,1,2,1,0,0,13.4,2.8,100.0
2026-06-22,R12,3,3,3,0,0,26.8,0.0,65.7
2026-06-23,R12,5,5,5,0,0,52.4,0.0,77.1
2026-06-24,R12,4,2,4,0,2,23.5,0.0,43.2
2026-06-25,R12,5,5,5,0,0,51.5,0.0,75.7
2026-06-26,R12,2,2,2,0,0,17.5,0.0,64.3
2026-06-29,R12,4,3,4,0,1,32.6,0.0,59.9
2026-06-30,R12,5,5,5,0,0,55.7,0.0,81.9
2026-07-01,R12,3,3,3,0,0,34.2,0.0,83.8
2026-07-02,R12,6,5,6,0,1,51.1,0.0,62.6
2026-07-03,R12,1,2,1,1,0,20.2,0.0,74.3
2026-07-06,R12,4,3,4,0,1,27.7,0.0,50.9
2026-07-07,R12,5,4,5,0,1,40.4,0.0,59.4
2026-07-08,R12,2,3,2,0,0,28.2,3.2,100.0
2026-07-09,R12,4,5,4,1,0,54.3,0.0,84.5
2026-07-10,R12,2,3,2,0,0,29.1,4.1,100.0
2026-07-13,R12,3,3,3,0,0,23.6,0.0,57.8
2026-07-14,R12,5,4,5,0,1,41.2,0.0,60.6
2026-07-15,R12,3,3,3,0,0,34.8,0.0,85.3
2026-07-16,R12,5,5,5,0,0,50.3,0.0,74.0
2026-07-17,R12,2,2,2,0,0,23.3,0.0,85.7
2026-07-20,R12,4,3,4,0,1,34.4,0.0,63.2
2026-07-21,R12,5,6,5,0,0,63.9,1.3,94.0
2026-07-22,R12,3,2,3,0,1,21.7,0.0,56.5
2026-07-23,R12,5,4,5,0,1,47.0,0.0,69.1
2026-07-24,R12,2,2,2,0,0,24.8,0.0,91.2
2026-07-27,R12,4,3,4,0,1,27.4,0.0,50.4
2026-07-28,R12,5,5,5,0,0,59.1,0.0,86.9
2026-07-29,R12,2,3,2,0,0,25.6,0.6,94.1
2026-07-30,R12,5,3,5,0,2,34.6,0.0,51.7
2026-07-31,R12,2,3,2,0,0,25.8,0.8,94.9
2026-08-03,R12,2,2,2,0,0,13.7,0.0,50.4
2026-08-04,R12,5,3,5,0,2,32.5,0.0,47.8
2026-08-05,R12,2,2,2,0,0,14.8,0.0,54.4
2026-08-06,R12,4,3,4,0,1,29.1,0.0,53.5
2026-08-07,R12,3,2,3,0,1,18.4,0.0,45.1
2026-08-10,R12,3,3,3,0,0,29.3,0.0,71.8
2026-08-11,R12,4,4,4,0,0,49.6,0.0,91.2
2026-08-12,R12,2,2,2,0,0,18.0,0.0,66.2
2026-08-13,R12,3,5,3,1,0,51.0,1.0,93.8
2026-08-14,R12,2,2,2,0,0,21.6,0.0,82.9
2026-08-17,R12,3,2,3,0,1,19.4,0.0,47.5
2026-08-18,R12,4,3,4,0,1,33.5,0.0,61.6
2026-08-19,R12,2,2,2,0,0,18.0,0.0,66.2
2026-08-20,R12,4,3,4,0,1,32.1,0.0,59.0
2026-08-21,R12,2,1,2,0,1,11.2,0.0,41.2
2026-08-24,R12,3,3,3,0,0,26.0,0.0,63.7
2026-08-25,R12,3,3,3,0,0,34.1,0.0,83.6
2026-08-26,R12,2,2,2,0,0,18.5,0.0,68.0
2026-08-27,R12,4,3,4,0,1,37.5,0.0,68.9
2026-08-28,R12,1,2,1,1,0,22.6,0.0,83.1
2026-08-31,R12,2,2,2,0,0,19.4,0.0,71.3
2024-01-02,R13,1,1,1,0,0,2.7,0.0,19.9
2024-01-03,R13,1,1,1,0,0,4.0,0.0,29.4
2024-01-04,R13,1,1,1,0,0,12.1,0.0,89.0
2024-01-05,R13,0,1,0,1,0,8.5,0.0,62.5
2024-01-08,R13,3,2,3,0,1,13.3,0.0,32.6
2024-01-09,R13,1,1,1,0,0,8.1,0.0,59.6
2024-01-10,R13,1,2,1,0,0,13.0,0.5,95.6
2024-01-11,R13,1,1,1,0,0,5.4,0.0,43.3
2024-01-12,R13,1,1,1,0,0,9.0,0.0,66.2
2024-01-15,R13,3,2,3,0,1,12.7,0.0,31.1
2024-01-16,R13,1,1,1,0,0,8.4,0.0,61.8
2024-01-17,R13,1,1,1,0,0,5.5,0.0,40.4
2024-01-18,R13,1,1,1,0,0,7.7,0.0,56.6
2024-01-19,R13,1,1,1,0,0,11.4,0.0,83.8
2024-01-22,R13,2,2,2,0,0,14.4,0.0,52.9
2024-01-23,R13,1,1,1,0,0,9.8,0.0,72.1
2024-01-24,R13,2,1,2,0,1,7.0,0.0,25.7
2024-01-25,R13,2,1,2,0,1,6.7,0.0,24.6
2024-01-26,R13,1,1,1,0,0,4.4,0.0,32.4
2024-01-29,R13,2,1,2,0,1,9.8,0.0,36.0
2024-01-30,R13,1,1,1,0,0,9.1,0.0,66.9
2024-01-31,R13,1,1,1,0,0,10.4,0.0,76.5
2024-02-01,R13,1,1,1,0,0,9.7,0.0,71.3
2024-02-02,R13,1,1,1,0,0,12.2,0.0,89.7
2024-02-05,R13,2,2,2,0,0,13.9,0.0,51.1
2024-02-06,R13,1,1,1,0,0,4.6,0.0,33.8
2024-02-07,R13,1,1,1,0,0,8.8,0.0,64.7
2024-02-08,R13,1,1,1,0,0,8.3,0.0,61.0
2024-02-09,R13,1,1,1,0,0,7.4,0.0,54.4
2024-02-12,R13,2,1,2,0,1,12.5,0.0,46.0
2024-02-13,R13,1,1,1,0,0,8.8,0.0,64.7
2024-02-14,R13,1,1,1,0,0,9.5,0.0,69.9
2024-02-15,R13,1,1,1,0,0,9.1,0.0,66.9
2024-02-16,R13,1,1,1,0,0,6.7,0.0,49.3
2024-02-19,R13,2,1,2,0,1,10.8,0.0,39.7
2024-02-20,R13,1,1,1,0,0,5.4,0.0,39.7
2024-02-21,R13,2,1,2,0,1,8.4,0.0,30.9
2024-02-22,R13,1,1,1,0,0,4.0,0.0,29.4
2024-02-23,R13,1,1,1,0,0,5.4,0.0,39.7
2024-02-26,R13,1,1,1,0,0,10.5,0.0,77.2
2024-02-27,R13,1,1,1,0,0,5.6,0.0,41.2
2024-02-28,R13,1,1,1,0,0,9.8,0.0,72.1
2024-02-29,R13,1,1,1,0,0,9.2,0.0,67.6
2024-03-01,R13,1,1,1,0,0,8.5,0.0,62.5
2024-03-04,R13,1,1,1,0,0,9.1,0.0,66.9
2024-03-05,R13,1,2,1,0,0,15.2,2.7,100.0
2024-03-06,R13,1,2,1,0,0,14.2,4.4,100.0
2024-03-07,R13,1,2,1,0,0,8.7,0.6,96.1
2024-03-08,R13,1,1,1,0,0,8.5,0.0,66.6
2024-03-11,R13,1,1,1,0,0,7.0,0.0,51.5
2024-03-12,R13,1,1,1,0,0,7.3,0.0,53.7
2024-03-13,R13,2,1,2,0,1,11.7,0.0,43.0
2024-03-14,R13,2,1,2,0,1,7.3,0.0,26.8
2024-03-15,R13,1,1,1,0,0,9.8,0.0,72.1
2024-03-18,R13,2,2,2,0,0,12.7,0.0,46.7
2024-03-19,R13,2,1,2,0,1,10.5,0.0,38.6
2024-03-20,R13,1,1,1,0,0,12.4,0.0,91.2
2024-03-21,R13,2,2,2,0,0,13.0,0.0,47.8
2024-03-22,R13,0,1,0,0,0,4.5,4.5,0.0
2024-03-25,R13,2,2,2,0,0,13.5,0.0,49.6
2024-03-26,R13,2,1,2,0,1,4.5,0.0,16.5
2024-03-27,R13,2,1,2,0,1,9.2,0.0,33.8
2024-03-28,R13,1,1,1,0,0,8.8,0.0,64.7
2024-04-02,R13,1,1,1,0,0,9.2,0.0,67.6
2024-04-03,R13,1,1,1,0,0,9.4,0.0,69.1
2024-04-04,R13,1,1,1,0,0,8.6,0.0,63.2
2024-04-05,R13,1,1,1,0,0,6.7,0.0,49.3
2024-04-08,R13,2,1,2,0,1,8.8,0.0,32.4
2024-04-09,R13,0,1,0,1,0,12.5,0.0,91.9
2024-04-10,R13,1,1,1,0,0,12.2,0.0,89.7
2024-04-11,R13,1,1,1,0,0,9.2,0.0,67.6
2024-04-12,R13,1,1,1,0,0,6.0,0.0,44.1
2024-04-15,R13,1,1,1,0,0,9.2,0.0,67.6
2024-04-16,R13,1,1,1,0,0,5.9,0.0,43.4
2024-04-17,R13,1,1,1,0,0,7.2,0.0,52.9
2024-04-18,R13,1,1,1,0,0,8.4,0.0,61.8
2024-04-19,R13,0,1,0,1,0,8.6,0.0,63.2
2024-04-22,R13,1,1,1,0,0,11.7,0.0,86.0
2024-04-23,R13,1,1,1,0,0,5.6,0.0,41.2
2024-04-24,R13,1,1,1,0,0,7.3,0.0,53.7
2024-04-25,R13,1,2,1,0,0,15.5,3.0,100.0
2024-04-26,R13,1,1,1,0,0,4.7,0.0,56.5
2024-04-29,R13,1,1,1,0,0,9.7,0.0,71.3
2024-04-30,R13,1,1,1,0,0,8.0,0.0,58.8
2024-05-02,R13,1,1,1,0,0,8.2,0.0,60.3
2024-05-03,R13,1,1,1,0,0,5.1,0.0,37.5
2024-05-06,R13,1,2,1,0,0,15.8,3.3,100.0
2024-05-07,R13,1,2,1,0,0,10.5,1.3,100.0
2024-05-08,R13,1,1,1,0,0,10.7,0.0,88.1
2024-05-10,R13,1,1,1,0,0,6.1,0.0,44.9
2024-05-13,R13,2,1,2,0,1,8.6,0.0,31.6
2024-05-14,R13,2,2,2,0,0,13.1,0.0,48.2
2024-05-15,R13,1,1,1,0,0,12.2,0.0,89.7
2024-05-16,R13,1,2,1,0,0,14.3,1.8,100.0
2024-05-17,R13,1,1,1,0,0,9.5,0.0,83.0
2024-05-21,R13,2,1,2,0,1,11.2,0.0,41.2
2024-05-22,R13,1,1,1,0,0,10.3,0.0,75.7
2024-05-23,R13,2,1,2,0,1,9.5,0.0,34.9
2024-05-24,R13,1,1,1,0,0,6.5,0.0,47.8
2024-05-27,R13,1,1,1,0,0,10.0,0.0,73.5
2024-05-28,R13,2,1,2,0,1,8.5,0.0,31.2
2024-05-29,R13,1,1,1,0,0,12.5,0.0,91.9
2024-05-31,R13,1,1,1,0,0,8.5,0.0,62.5
2024-06-03,R13,1,1,1,0,0,9.4,0.0,69.1
2024-06-04,R13,1,1,1,0,0,5.3,0.0,39.0
2024-06-05,R13,1,2,1,0,0,14.7,2.2,100.0
2024-06-06,R13,1,2,1,0,0,11.0,0.7,97.0
2024-06-07,R13,1,1,1,0,0,9.2,0.0,72.6
2024-06-10,R13,1,2,1,0,0,13.1,0.6,96.3
2024-06-11,R13,1,2,1,0,0,13.1,1.2,100.0
2024-06-12,R13,2,2,2,0,0,13.5,0.0,54.0
2024-06-13,R13,3,1,3,0,2,9.6,0.0,23.5
2024-06-14,R13,1,1,1,0,0,4.8,0.0,35.3
2024-06-17,R13,2,2,2,0,0,17.1,0.0,62.9
2024-06-18,R13,2,1,2,0,1,6.8,0.0,25.0
2024-06-19,R13,2,2,2,0,0,14.6,0.0,53.7
2024-06-20,R13,1,1,1,0,0,11.1,0.0,81.6
2024-06-21,R13,1,2,1,0,0,13.4,0.9,98.5
2024-06-24,R13,2,2,2,0,0,17.1,0.0,62.9
2024-06-25,R13,1,1,1,0,0,10.7,0.0,78.7
2024-06-26,R13,2,1,2,0,1,11.2,0.0,41.2
2024-06-27,R13,1,1,1,0,0,6.5,0.0,47.8
2024-06-28,R13,1,1,1,0,0,7.8,0.0,57.4
2024-07-01,R13,3,1,3,0,2,9.9,0.0,24.3
2024-07-02,R13,1,1,1,0,0,9.5,0.0,69.9
2024-07-03,R13,1,1,1,0,0,8.6,0.0,63.2
2024-07-04,R13,1,1,1,0,0,11.8,0.0,86.8
2024-07-05,R13,1,1,1,0,0,9.5,0.0,69.9
2024-07-08,R13,2,2,2,0,0,15.1,0.0,55.5
2024-07-09,R13,0,2,0,1,0,13.7,1.2,100.0
2024-07-10,R13,2,2,2,0,0,12.3,0.0,49.6
2024-07-11,R13,1,1,1,0,0,9.5,0.0,69.9
2024-07-12,R13,1,1,1,0,0,6.6,0.0,48.5
2024-07-15,R13,2,1,2,0,1,11.9,0.0,43.7
2024-07-16,R13,1,1,1,0,0,9.9,0.0,72.8
2024-07-17,R13,2,1,2,0,1,10.8,0.0,39.7
2024-07-18,R13,1,1,1,0,0,9.2,0.0,67.6
2024-07-19,R13,1,1,1,0,0,1.8,0.0,13.2
2024-07-22,R13,2,2,2,0,0,13.0,0.0,47.8
2024-07-23,R13,2,1,2,0,1,7.6,0.0,27.9
2024-07-24,R13,1,1,1,0,0,4.7,0.0,34.6
2024-07-25,R13,1,1,1,0,0,10.5,0.0,77.2
2024-07-26,R13,1,1,1,0,0,9.5,0.0,69.9
2024-07-29,R13,2,1,2,0,1,11.3,0.0,41.5
2024-07-30,R13,1,1,1,0,0,8.1,0.0,59.6
2024-07-31,R13,1,1,1,0,0,7.2,0.0,52.9
2024-08-01,R13,1,2,1,0,0,12.8,0.3,94.1
2024-08-02,R13,1,1,1,0,0,3.7,0.0,29.3
2024-08-05,R13,2,1,2,0,1,9.2,0.0,33.8
2024-08-06,R13,1,1,1,0,0,9.6,0.0,70.6
2024-08-07,R13,1,1,1,0,0,8.9,0.0,65.4
2024-08-08,R13,2,1,2,0,1,8.5,0.0,31.3
2024-08-09,R13,1,1,1,0,0,6.8,0.0,50.0
2024-08-12,R13,1,1,1,0,0,10.8,0.0,79.4
2024-08-13,R13,1,1,1,0,0,5.9,0.0,43.4
2024-08-14,R13,1,1,1,0,0,11.1,0.0,81.6
2024-08-15,R13,1,2,1,0,0,14.2,1.7,100.0
2024-08-16,R13,1,1,1,0,0,7.3,0.0,66.1
2024-08-19,R13,1,1,1,0,0,6.5,0.0,47.8
2024-08-20,R13,1,1,1,0,0,8.5,0.0,62.5
2024-08-21,R13,1,1,1,0,0,7.4,0.0,54.4
2024-08-22,R13,2,1,2,0,1,9.1,0.0,33.5
2024-08-23,R13,2,1,2,0,1,7.7,0.0,28.3
2024-08-26,R13,2,2,2,0,0,14.3,0.0,52.6
2024-08-27,R13,1,1,1,0,0,11.8,0.0,86.8
2024-08-28,R13,1,1,1,0,0,10.9,0.0,80.1
2024-08-29,R13,1,1,1,0,0,9.8,0.0,72.1
2024-08-30,R13,1,1,1,0,0,3.9,0.0,28.7
2024-09-02,R13,2,1,2,0,1,9.8,0.0,36.0
2024-09-03,R13,1,1,1,0,0,9.3,0.0,68.4
2024-09-04,R13,1,1,1,0,0,6.6,0.0,48.5
2024-09-05,R13,1,2,1,0,0,17.0,4.5,100.0
2024-09-06,R13,1,1,1,0,0,5.0,0.0,69.8
2024-09-09,R13,1,1,1,0,0,11.2,0.0,82.4
2024-09-10,R13,0,1,0,0,0,8.3,8.3,0.0
2024-09-11,R13,1,2,1,1,0,9.6,0.0,65.8
2024-09-12,R13,1,1,1,0,0,9.3,0.0,68.4
2024-09-13,R13,1,1,1,0,0,3.5,0.0,25.7
2024-09-16,R13,2,1,2,0,1,11.7,0.0,43.0
2024-09-17,R13,1,1,1,0,0,7.2,0.0,52.9
2024-09-18,R13,2,1,2,0,1,7.2,0.0,26.5
2024-09-19,R13,1,2,1,0,0,14.2,1.7,100.0
2024-09-20,R13,0,1,0,1,0,8.9,0.0,77.9
2024-09-23,R13,1,1,1,0,0,11.3,0.0,83.1
2024-09-24,R13,1,2,1,0,0,13.1,0.6,96.3
2024-09-25,R13,1,2,1,0,0,15.9,4.0,100.0
2024-09-26,R13,2,2,2,0,0,14.5,0.0,67.9
2024-09-27,R13,1,1,1,0,0,5.2,0.0,38.2
2024-09-30,R13,1,1,1,0,0,7.9,0.0,58.1
2024-10-01,R13,2,1,2,0,1,5.9,0.0,21.7
2024-10-02,R13,2,1,2,0,1,8.3,0.0,30.5
2024-10-04,R13,1,1,1,0,0,2.9,0.0,21.3
2024-10-07,R13,1,1,1,0,0,7.2,0.0,52.9
2024-10-08,R13,2,1,2,0,1,6.8,0.0,25.0
2024-10-09,R13,1,1,1,0,0,3.7,0.0,27.2
2024-10-10,R13,2,1,2,0,1,3.6,0.0,13.2
2024-10-11,R13,0,1,0,1,0,9.3,0.0,68.4
2024-10-14,R13,2,2,2,0,0,14.3,0.0,52.6
2024-10-15,R13,2,1,2,0,1,6.3,0.0,23.2
2024-10-16,R13,1,1,1,0,0,6.7,0.0,49.3
2024-10-17,R13,1,2,1,0,0,15.5,3.0,100.0
2024-10-18,R13,1,2,1,1,0,14.8,0.0,65.4
2024-10-21,R13,2,2,2,0,0,17.4,0.0,64.0
2024-10-22,R13,1,1,1,0,0,7.4,0.0,54.4
2024-10-23,R13,1,1,1,0,0,9.6,0.0,70.6
2024-10-24,R13,2,1,2,0,1,8.2,0.0,30.1
2024-10-25,R13,1,1,1,0,0,12.5,0.0,91.9
2024-10-28,R13,2,2,2,0,0,12.8,0.0,47.1
2024-10-29,R13,1,1,1,0,0,12.5,0.0,91.9
2024-10-30,R13,1,2,1,0,0,12.8,0.3,94.1
2024-10-31,R13,1,1,1,0,0,11.0,0.0,83.0
2024-11-04,R13,2,1,2,0,1,4.5,0.0,16.5
2024-11-05,R13,1,1,1,0,0,6.3,0.0,46.3
2024-11-06,R13,1,1,1,0,0,8.5,0.0,62.5
2024-11-07,R13,1,1,1,0,0,9.4,0.0,69.1
2024-11-08,R13,1,1,1,0,0,7.0,0.0,51.5
2024-11-11,R13,2,2,2,0,0,13.9,0.0,51.1
2024-11-12,R13,1,2,1,0,0,17.5,5.0,100.0
2024-11-13,R13,2,1,2,0,1,5.0,0.0,36.7
2024-11-14,R13,1,1,1,0,0,4.1,0.0,30.1
2024-11-15,R13,1,2,1,0,0,14.0,1.5,100.0
2024-11-18,R13,2,2,2,0,0,16.5,0.0,60.7
2024-11-19,R13,1,2,1,0,0,13.3,0.8,97.8
2024-11-20,R13,2,1,2,0,1,11.6,0.0,45.5
2024-11-21,R13,1,1,1,0,0,4.1,0.0,30.1
2024-11-22,R13,1,1,1,0,0,3.2,0.0,23.5
2024-11-25,R13,3,1,3,0,2,9.4,0.0,23.0
2024-11-26,R13,2,1,2,0,1,5.7,0.0,21.0
2024-11-27,R13,1,1,1,0,0,9.0,0.0,66.2
2024-11-28,R13,1,1,1,0,0,6.0,0.0,44.1
2024-11-29,R13,1,1,1,0,0,7.9,0.0,58.1
2024-12-02,R13,2,1,2,0,1,9.6,0.0,35.3
2024-12-03,R13,1,1,1,0,0,10.9,0.0,80.1
2024-12-04,R13,1,1,1,0,0,12.0,0.0,88.2
2024-12-05,R13,1,1,1,0,0,6.0,0.0,44.1
2024-12-06,R13,1,1,1,0,0,8.8,0.0,64.7
2024-12-09,R13,2,2,2,0,0,12.6,0.0,46.3
2024-12-10,R13,2,1,2,0,1,4.6,0.0,16.9
2024-12-11,R13,1,1,1,0,0,4.2,0.0,30.9
2024-12-12,R13,1,1,1,0,0,6.5,0.0,47.8
2024-12-13,R13,1,1,1,0,0,3.6,0.0,26.5
2024-12-16,R13,2,2,2,0,0,12.9,0.0,47.4
2024-12-17,R13,2,1,2,0,1,8.5,0.0,31.2
2024-12-18,R13,1,2,1,0,0,13.0,0.5,95.6
2024-12-19,R13,1,1,1,0,0,11.2,0.0,85.9
2024-12-20,R13,1,1,1,0,0,5.6,0.0,41.2
2024-12-23,R13,2,1,2,0,1,6.3,0.0,23.2
2024-12-24,R13,1,1,1,0,0,5.8,0.0,42.6
2024-12-27,R13,1,1,1,0,0,5.2,0.0,38.2
2024-12-30,R13,2,1,2,0,1,12.0,0.0,44.1
2024-12-31,R13,1,1,1,0,0,4.8,0.0,35.3
2025-01-02,R13,1,1,1,0,0,3.8,0.0,27.9
2025-01-03,R13,1,1,1,0,0,9.8,0.0,72.1
2025-01-07,R13,2,1,2,0,1,4.3,0.0,15.8
2025-01-08,R13,2,1,2,0,1,10.6,0.0,39.0
2025-01-09,R13,2,1,2,0,1,6.8,0.0,25.0
2025-01-10,R13,1,1,1,0,0,3.8,0.0,27.9
2025-01-13,R13,3,2,3,0,1,14.3,0.0,35.0
2025-01-14,R13,2,1,2,0,1,10.0,0.0,36.8
2025-01-15,R13,2,1,2,0,1,10.6,0.0,39.0
2025-01-16,R13,1,1,1,0,0,5.6,0.0,41.2
2025-01-17,R13,1,1,1,0,0,4.6,0.0,33.8
2025-01-20,R13,2,1,2,0,1,6.8,0.0,25.0
2025-01-21,R13,2,2,2,0,0,15.1,0.0,55.5
2025-01-22,R13,1,1,1,0,0,8.5,0.0,62.5
2025-01-23,R13,1,1,1,0,0,5.9,0.0,43.4
2025-01-24,R13,1,1,1,0,0,6.3,0.0,46.3
2025-01-27,R13,2,2,2,0,0,14.6,0.0,53.7
2025-01-28,R13,2,1,2,0,1,8.7,0.0,32.0
2025-01-29,R13,1,1,1,0,0,11.7,0.0,86.0
2025-01-30,R13,1,1,1,0,0,10.4,0.0,76.5
2025-01-31,R13,0,1,0,1,0,5.3,0.0,39.0
2025-02-03,R13,2,1,2,0,1,6.3,0.0,23.2
2025-02-04,R13,2,1,2,0,1,5.1,0.0,18.7
2025-02-05,R13,1,2,1,0,0,12.8,0.3,94.1
2025-02-06,R13,1,1,1,0,0,5.6,0.0,43.3
2025-02-07,R13,1,1,1,0,0,10.3,0.0,75.7
2025-02-10,R13,2,2,2,0,0,14.6,0.0,53.7
2025-02-11,R13,1,1,1,0,0,9.6,0.0,70.6
2025-02-12,R13,1,1,1,0,0,10.4,0.0,76.5
2025-02-13,R13,1,1,1,0,0,10.0,0.0,73.5
2025-02-14,R13,1,1,1,0,0,7.6,0.0,55.9
2025-02-17,R13,2,1,2,0,1,9.8,0.0,36.0
2025-02-18,R13,1,1,1,0,0,8.4,0.0,61.8
2025-02-19,R13,1,1,1,0,0,9.3,0.0,68.4
2025-02-20,R13,1,1,1,0,0,6.6,0.0,48.5
2025-02-21,R13,1,1,1,0,0,6.2,0.0,45.6
2025-02-24,R13,1,2,1,0,0,14.3,1.8,100.0
2025-02-25,R13,1,2,1,0,0,13.1,2.4,100.0
2025-02-26,R13,1,1,1,0,0,7.3,0.0,71.1
2025-02-27,R13,1,1,1,0,0,5.0,0.0,36.8
2025-02-28,R13,1,1,1,0,0,9.5,0.0,69.9
2025-03-03,R13,2,1,2,0,1,6.6,0.0,24.3
2025-03-04,R13,2,1,2,0,1,7.3,0.0,26.8
2025-03-05,R13,1,1,1,0,0,11.7,0.0,86.0
2025-03-06,R13,1,1,1,0,0,5.6,0.0,41.2
2025-03-07,R13,1,1,1,0,0,6.3,0.0,46.3
2025-03-10,R13,1,1,1,0,0,12.5,0.0,91.9
2025-03-11,R13,2,1,2,0,1,11.3,0.0,41.5
2025-03-12,R13,1,1,1,0,0,5.1,0.0,37.5
2025-03-13,R13,1,1,1,0,0,5.9,0.0,43.4
2025-03-14,R13,1,1,1,0,0,7.2,0.0,52.9
2025-03-17,R13,2,2,2,0,0,17.6,0.0,64.7
2025-03-18,R13,1,2,1,0,0,16.5,4.0,100.0
2025-03-19,R13,1,1,1,0,0,6.9,0.0,80.1
2025-03-20,R13,1,1,1,0,0,12.2,0.0,89.7
2025-03-21,R13,2,1,2,0,1,7.3,0.0,26.8
2025-03-24,R13,3,2,3,0,1,14.0,0.0,34.3
2025-03-25,R13,2,1,2,0,1,10.5,0.0,38.6
2025-03-26,R13,1,2,1,0,0,16.5,4.0,100.0
2025-03-27,R13,1,2,1,0,0,9.8,1.3,100.0
2025-03-28,R13,1,1,1,0,0,6.7,0.0,58.6
2025-03-31,R13,2,2,2,0,0,13.0,0.0,47.8
2025-04-01,R13,2,1,2,0,1,11.9,0.0,43.7
2025-04-02,R13,2,1,2,0,1,12.0,0.0,44.1
2025-04-03,R13,2,2,2,0,0,16.4,0.0,60.3
2025-04-04,R13,1,1,1,0,0,4.8,0.0,35.3
2025-04-07,R13,2,1,2,0,1,11.2,0.0,41.2
2025-04-08,R13,1,1,1,0,0,6.8,0.0,50.0
2025-04-09,R13,1,1,1,0,0,12.4,0.0,91.2
2025-04-10,R13,2,2,2,0,0,15.1,0.0,55.5
2025-04-11,R13,1,1,1,0,0,5.2,0.0,38.2
2025-04-14,R13,2,2,2,0,0,14.6,0.0,53.7
2025-04-15,R13,1,1,1,0,0,6.6,0.0,48.5
2025-04-16,R13,1,2,1,0,0,13.6,1.1,100.0
2025-04-17,R13,1,1,1,0,0,6.2,0.0,53.6
2025-04-22,R13,2,1,2,0,1,5.2,0.0,19.1
2025-04-23,R13,2,2,2,0,0,18.9,0.0,69.5
2025-04-24,R13,1,1,1,0,0,12.0,0.0,88.2
2025-04-25,R13,1,1,1,0,0,2.8,0.0,20.6
2025-04-28,R13,2,1,2,0,1,11.3,0.0,41.5
2025-04-29,R13,1,1,1,0,0,7.8,0.0,57.4
2025-04-30,R13,1,1,1,0,0,9.5,0.0,69.9
2025-05-02,R13,1,1,1,0,0,10.9,0.0,80.1
2025-05-05,R13,2,2,2,0,0,16.4,0.0,60.3
2025-05-06,R13,1,1,1,0,0,8.7,0.0,64.0
2025-05-07,R13,1,2,1,0,0,17.5,5.0,100.0
2025-05-08,R13,1,1,1,0,0,5.9,0.0,80.1
2025-05-09,R13,2,1,2,0,1,5.9,0.0,21.7
2025-05-12,R13,2,1,2,0,1,11.7,0.0,43.0
2025-05-13,R13,1,2,1,0,0,16.0,3.5,100.0
2025-05-14,R13,2,2,2,0,0,12.2,0.0,57.7
2025-05-15,R13,1,1,1,0,0,11.5,0.0,84.6
2025-05-16,R13,1,1,1,0,0,9.3,0.0,68.4
2025-05-19,R13,2,1,2,0,1,9.4,0.0,34.6
2025-05-20,R13,1,1,1,0,0,10.7,0.0,78.7
2025-05-21,R13,2,1,2,0,1,11.7,0.0,43.0
2025-05-22,R13,1,1,1,0,0,6.0,0.0,44.1
2025-05-23,R13,1,1,1,0,0,7.4,0.0,54.4
2025-05-26,R13,1,1,1,0,0,10.0,0.0,73.5
2025-05-27,R13,2,1,2,0,1,12.5,0.0,46.0
2025-05-28,R13,1,1,1,0,0,9.6,0.0,70.6
2025-05-30,R13,2,1,2,0,1,2.4,0.0,8.8
2025-06-02,R13,1,1,1,0,0,12.1,0.0,89.0
2025-06-03,R13,1,1,1,0,0,9.4,0.0,69.1
2025-06-04,R13,1,1,1,0,0,10.7,0.0,78.7
2025-06-05,R13,1,1,1,0,0,5.1,0.0,37.5
2025-06-06,R13,1,1,1,0,0,6.0,0.0,44.1
2025-06-10,R13,1,1,1,0,0,8.0,0.0,58.8
2025-06-11,R13,1,1,1,0,0,9.4,0.0,69.1
2025-06-12,R13,1,2,1,0,0,13.4,0.9,98.5
2025-06-13,R13,1,1,1,0,0,4.4,0.0,38.9
2025-06-16,R13,2,1,2,0,1,11.7,0.0,43.0
2025-06-17,R13,1,1,1,0,0,8.7,0.0,64.0
2025-06-18,R13,2,1,2,0,1,9.8,0.0,36.0
2025-06-20,R13,1,1,1,0,0,6.6,0.0,48.5
2025-06-23,R13,2,2,2,0,0,22.0,0.0,80.9
2025-06-24,R13,1,1,1,0,0,6.7,0.0,49.3
2025-06-25,R13,1,2,1,0,0,13.1,0.6,96.3
2025-06-26,R13,2,2,2,0,0,13.4,0.0,51.4
2025-06-27,R13,0,2,0,1,0,12.9,0.4,94.9
2025-06-30,R13,2,2,2,0,0,13.8,0.0,50.7
2025-07-01,R13,1,1,1,0,0,8.2,0.0,60.3
2025-07-02,R13,2,1,2,0,1,7.6,0.0,27.9
2025-07-03,R13,1,1,1,0,0,7.9,0.0,58.1
2025-07-04,R13,1,1,1,0,0,9.7,0.0,71.3
2025-07-07,R13,2,1,2,0,1,9.8,0.0,36.0
2025-07-08,R13,1,1,1,0,0,10.6,0.0,77.9
2025-07-09,R13,1,2,1,0,0,12.9,0.4,94.9
2025-07-10,R13,2,1,2,0,1,5.8,0.0,22.7
2025-07-11,R13,1,1,1,0,0,10.2,0.0,75.0
2025-07-14,R13,1,1,1,0,0,8.2,0.0,60.3
2025-07-15,R13,1,1,1,0,0,12.5,0.0,91.9
2025-07-16,R13,1,1,1,0,0,7.3,0.0,53.7
2025-07-17,R13,1,1,1,0,0,12.5,0.0,91.9
2025-07-18,R13,1,1,1,0,0,11.1,0.0,81.6
2025-07-21,R13,1,1,1,0,0,8.2,0.0,60.3
2025-07-22,R13,1,1,1,0,0,7.0,0.0,51.5
2025-07-23,R13,1,1,1,0,0,10.8,0.0,79.4
2025-07-24,R13,1,2,1,0,0,17.4,4.9,100.0
2025-07-25,R13,1,1,1,0,0,6.2,0.0,81.5
2025-07-28,R13,2,2,2,0,0,18.3,0.0,67.3
2025-07-29,R13,1,2,1,0,0,16.8,4.3,100.0
2025-07-30,R13,1,2,1,0,0,14.2,6.0,100.0
2025-07-31,R13,3,2,3,0,1,7.2,0.0,32.3
2025-08-01,R13,1,1,1,0,0,4.9,0.0,36.0
2025-08-04,R13,2,1,2,0,1,10.8,0.0,39.7
2025-08-05,R13,2,1,2,0,1,7.9,0.0,29.0
2025-08-06,R13,1,1,1,0,0,10.0,0.0,73.5
2025-08-07,R13,2,1,2,0,1,11.7,0.0,43.0
2025-08-08,R13,1,1,1,0,0,6.5,0.0,47.8
2025-08-11,R13,1,2,1,0,0,13.0,0.5,95.6
2025-08-12,R13,1,1,1,0,0,7.4,0.0,58.0
2025-08-13,R13,2,1,2,0,1,10.7,0.0,39.3
2025-08-14,R13,1,1,1,0,0,5.7,0.0,41.9
2025-08-15,R13,1,1,1,0,0,4.5,0.0,33.1
2025-08-18,R13,2,1,2,0,1,11.9,0.0,43.7
2025-08-19,R13,1,1,1,0,0,10.4,0.0,76.5
2025-08-20,R13,1,1,1,0,0,10.0,0.0,73.5
2025-08-21,R13,1,2,1,0,0,16.0,3.5,100.0
2025-08-22,R13,1,1,1,0,0,6.0,0.0,69.8
2025-08-25,R13,3,1,3,0,2,6.4,0.0,15.7
2025-08-26,R13,1,1,1,0,0,4.6,0.0,33.8
2025-08-27,R13,1,1,1,0,0,11.2,0.0,82.4
2025-08-28,R13,1,1,1,0,0,9.9,0.0,72.8
2025-08-29,R13,1,1,1,0,0,7.8,0.0,57.4
2025-09-01,R13,1,2,1,0,0,14.6,2.1,100.0
2025-09-02,R13,1,1,1,0,0,5.2,0.0,53.6
2025-09-03,R13,1,1,1,0,0,8.8,0.0,64.7
2025-09-04,R13,1,1,1,0,0,9.0,0.0,66.2
2025-09-05,R13,1,1,1,0,0,1.8,0.0,13.2
2025-09-08,R13,1,1,1,0,0,10.8,0.0,79.4
2025-09-09,R13,1,1,1,0,0,9.5,0.0,69.9
2025-09-10,R13,1,1,1,0,0,7.8,0.0,57.4
2025-09-11,R13,1,1,1,0,0,8.6,0.0,63.2
2025-09-12,R13,0,1,0,1,0,7.5,0.0,55.1
2025-09-15,R13,1,2,1,0,0,15.1,2.6,100.0
2025-09-16,R13,1,1,1,0,0,9.1,0.0,85.9
2025-09-17,R13,1,1,1,0,0,7.9,0.0,58.1
2025-09-18,R13,1,1,1,0,0,8.0,0.0,58.8
2025-09-19,R13,0,1,0,1,0,6.4,0.0,47.1
2025-09-22,R13,2,1,2,0,1,8.4,0.0,30.9
2025-09-23,R13,1,1,1,0,0,10.2,0.0,75.0
2025-09-24,R13,2,1,2,0,1,6.5,0.0,23.9
2025-09-25,R13,1,1,1,0,0,9.5,0.0,69.9
2025-09-26,R13,1,1,1,0,0,5.5,0.0,40.4
2025-09-29,R13,1,1,1,0,0,11.5,0.0,84.6
2025-09-30,R13,1,1,1,0,0,5.2,0.0,38.2
2025-10-01,R13,1,2,1,0,0,14.8,2.3,100.0
2025-10-02,R13,1,2,1,0,0,12.1,1.9,100.0
2025-10-06,R13,1,2,1,1,0,22.2,0.0,81.6
2025-10-07,R13,1,2,1,0,0,13.1,0.6,96.3
2025-10-08,R13,1,1,1,0,0,11.5,0.0,88.9
2025-10-09,R13,2,1,2,0,1,12.0,0.0,44.1
2025-10-10,R13,1,1,1,0,0,7.8,0.0,57.4
2025-10-13,R13,1,2,1,0,0,12.8,0.3,94.1
2025-10-14,R13,1,1,1,0,0,11.5,0.0,86.7
2025-10-15,R13,1,1,1,0,0,10.3,0.0,75.7
2025-10-16,R13,2,2,2,0,0,15.1,0.0,55.5
2025-10-17,R13,2,1,2,0,1,6.3,0.0,23.2
2025-10-20,R13,2,1,2,0,1,10.4,0.0,38.2
2025-10-21,R13,1,1,1,0,0,10.3,0.0,75.7
2025-10-22,R13,1,1,1,0,0,12.2,0.0,89.7
2025-10-23,R13,2,2,2,0,0,12.7,0.0,46.7
2025-10-24,R13,1,2,1,0,0,15.7,3.2,100.0
2025-10-27,R13,2,2,2,0,0,11.9,0.0,43.7
2025-10-28,R13,1,1,1,0,0,10.7,0.0,78.7
2025-10-29,R13,1,1,1,0,0,8.3,0.0,61.0
2025-10-30,R13,2,1,2,0,1,9.5,0.0,34.9
2025-10-31,R13,1,1,1,0,0,7.7,0.0,56.6
2025-11-03,R13,2,1,2,0,1,8.8,0.0,32.4
2025-11-04,R13,2,1,2,0,1,6.9,0.0,25.4
2025-11-05,R13,1,1,1,0,0,11.8,0.0,86.8
2025-11-06,R13,1,1,1,0,0,6.8,0.0,50.0
2025-11-07,R13,1,1,1,0,0,4.1,0.0,30.1
2025-11-10,R13,2,1,2,0,1,12.2,0.0,44.9
2025-11-11,R13,1,1,1,0,0,7.6,0.0,55.9
2025-11-12,R13,1,1,1,0,0,12.3,0.0,90.4
2025-11-13,R13,1,1,1,0,0,7.0,0.0,51.5
2025-11-14,R13,1,1,1,0,0,4.0,0.0,29.4
2025-11-17,R13,2,1,2,0,1,11.0,0.0,40.4
2025-11-18,R13,1,1,1,0,0,6.7,0.0,49.3
2025-11-19,R13,1,2,1,1,0,18.5,0.0,68.0
2025-11-20,R13,1,1,1,0,0,11.0,0.0,80.9
2025-11-21,R13,1,1,1,0,0,5.2,0.0,38.2
2025-11-24,R13,2,1,2,0,1,10.4,0.0,38.2
2025-11-25,R13,1,1,1,0,0,12.3,0.0,90.4
2025-11-26,R13,1,1,1,0,0,10.9,0.0,80.1
2025-11-27,R13,1,1,1,0,0,3.5,0.0,25.7
2025-11-28,R13,1,1,1,0,0,7.1,0.0,52.2
2025-12-01,R13,2,2,2,0,0,13.3,0.0,48.9
2025-12-02,R13,1,1,1,0,0,4.3,0.0,31.6
2025-12-03,R13,1,1,1,0,0,9.6,0.0,70.6
2025-12-04,R13,1,1,1,0,0,8.8,0.0,64.7
2025-12-05,R13,1,1,1,0,0,4.7,0.0,34.6
2025-12-08,R13,2,1,2,0,1,9.7,0.0,35.7
2025-12-09,R13,1,1,1,0,0,6.8,0.0,50.0
2025-12-10,R13,1,1,1,0,0,10.8,0.0,79.4
2025-12-11,R13,1,1,1,0,0,5.8,0.0,42.6
2025-12-12,R13,1,1,1,0,0,8.3,0.0,61.0
2025-12-15,R13,3,1,3,0,2,8.5,0.0,20.8
2025-12-16,R13,1,2,1,0,0,15.0,2.5,100.0
2025-12-17,R13,1,1,1,0,0,8.9,0.0,83.7
2025-12-18,R13,1,1,1,0,0,5.2,0.0,38.2
2025-12-19,R13,1,1,1,0,0,5.5,0.0,40.4
2025-12-22,R13,1,1,1,0,0,2.6,0.0,19.1
2025-12-23,R13,1,1,1,0,0,2.4,0.0,17.6
2025-12-24,R13,1,1,1,0,0,11.2,0.0,82.4
2025-12-29,R13,2,1,2,0,1,7.0,0.0,25.7
2025-12-30,R13,1,1,1,0,0,6.8,0.0,50.0
2025-12-31,R13,0,1,0,1,0,8.1,0.0,59.6
2026-01-02,R13,0,1,0,0,0,2.5,2.5,0.0
2026-01-05,R13,1,2,1,0,0,11.0,1.0,80.9
2026-01-07,R13,1,1,1,0,0,8.1,0.0,59.6
2026-01-08,R13,1,1,1,0,0,6.8,0.0,50.0
2026-01-09,R13,1,1,1,0,0,11.5,0.0,84.6
2026-01-12,R13,2,1,2,0,1,4.6,0.0,16.9
2026-01-13,R13,1,1,1,0,0,1.9,0.0,14.0
2026-01-14,R13,1,1,1,0,0,11.8,0.0,86.8
2026-01-15,R13,1,1,1,0,0,9.0,0.0,66.2
2026-01-16,R13,1,1,1,0,0,4.2,0.0,30.9
2026-01-19,R13,2,1,2,0,1,9.4,0.0,34.6
2026-01-20,R13,2,2,2,0,0,13.4,0.0,49.3
2026-01-21,R13,1,1,1,0,0,9.3,0.0,68.4
2026-01-22,R13,1,1,1,0,0,12.5,0.0,91.9
2026-01-23,R13,1,1,1,0,0,4.6,0.0,33.8
2026-01-26,R13,1,1,1,0,0,10.8,0.0,79.4
2026-01-27,R13,1,1,1,0,0,4.8,0.0,35.3
2026-01-28,R13,1,1,1,0,0,5.6,0.0,41.2
2026-01-29,R13,1,1,1,0,0,7.5,0.0,55.1
2026-01-30,R13,1,1,1,0,0,5.5,0.0,40.4
2026-02-02,R13,2,1,2,0,1,8.6,0.0,31.6
2026-02-03,R13,2,1,2,0,1,10.5,0.0,38.6
2026-02-04,R13,1,1,1,0,0,9.3,0.0,68.4
2026-02-05,R13,1,1,1,0,0,8.5,0.0,62.5
2026-02-06,R13,1,1,1,0,0,7.9,0.0,58.1
2026-02-09,R13,1,1,1,0,0,8.4,0.0,61.8
2026-02-10,R13,1,1,1,0,0,10.8,0.0,79.4
2026-02-11,R13,1,1,1,0,0,10.1,0.0,74.3
2026-02-12,R13,1,1,1,0,0,9.7,0.0,71.3
2026-02-13,R13,1,1,1,0,0,2.8,0.0,20.6
2026-02-16,R13,1,2,1,0,0,12.9,0.4,94.9
2026-02-17,R13,1,2,1,0,0,13.9,1.8,100.0
2026-02-18,R13,1,2,1,0,0,15.8,5.1,100.0
2026-02-19,R13,1,2,1,0,0,11.2,3.8,100.0
2026-02-20,R13,1,2,1,0,0,9.5,0.7,97.4
2026-02-23,R13,3,2,3,0,1,14.3,0.0,35.0
2026-02-24,R13,2,2,2,0,0,17.8,0.0,65.4
2026-02-25,R13,2,1,2,0,1,8.5,0.0,31.2
2026-02-26,R13,1,1,1,0,0,4.3,0.0,31.6
2026-02-27,R13,1,1,1,0,0,7.7,0.0,56.6
2026-03-02,R13,2,1,2,0,1,8.9,0.0,32.7
2026-03-03,R13,2,1,2,0,1,11.8,0.0,43.4
2026-03-04,R13,2,2,2,0,0,13.6,0.0,50.0
2026-03-05,R13,1,1,1,0,0,5.7,0.0,41.9
2026-03-06,R13,1,1,1,0,0,3.9,0.0,28.7
2026-03-09,R13,2,2,2,0,0,12.7,0.0,46.7
2026-03-10,R13,1,1,1,0,0,9.9,0.0,72.8
2026-03-11,R13,1,1,1,0,0,9.2,0.0,67.6
2026-03-12,R13,1,2,1,0,0,15.1,2.6,100.0
2026-03-13,R13,1,1,1,0,0,5.0,0.0,55.8
2026-03-16,R13,2,2,2,0,0,23.9,0.0,87.9
2026-03-17,R13,1,1,1,0,0,10.4,0.0,76.5
2026-03-18,R13,1,1,1,0,0,12.3,0.0,90.4
2026-03-19,R13,2,1,2,0,1,9.2,0.0,33.8
2026-03-20,R13,1,1,1,0,0,7.1,0.0,52.2
2026-03-23,R13,3,2,3,0,1,16.4,0.0,40.2
2026-03-24,R13,1,1,1,0,0,3.8,0.0,27.9
2026-03-25,R13,1,1,1,0,0,4.9,0.0,36.0
2026-03-26,R13,1,1,1,0,0,9.9,0.0,72.8
2026-03-27,R13,1,1,1,0,0,5.9,0.0,43.4
2026-03-30,R13,2,1,2,0,1,7.4,0.0,27.2
2026-03-31,R13,1,2,1,0,0,13.5,1.0,99.3
2026-04-01,R13,1,1,1,0,0,6.6,0.0,55.8
2026-04-02,R13,1,1,1,0,0,10.8,0.0,79.4
2026-04-07,R13,1,1,1,0,0,6.7,0.0,49.3
2026-04-08,R13,1,1,1,0,0,10.1,0.0,74.3
2026-04-09,R13,2,1,2,0,1,10.3,0.0,37.9
2026-04-10,R13,1,1,1,0,0,6.1,0.0,44.9
2026-04-13,R13,2,2,2,0,0,12.8,0.0,47.1
2026-04-14,R13,1,1,1,0,0,9.3,0.0,68.4
2026-04-15,R13,1,1,1,0,0,9.6,0.0,70.6
2026-04-16,R13,1,1,1,0,0,7.2,0.0,52.9
2026-04-17,R13,1,1,1,0,0,7.6,0.0,55.9
2026-04-20,R13,2,1,2,0,1,10.2,0.0,37.5
2026-04-21,R13,1,1,1,0,0,9.4,0.0,69.1
2026-04-22,R13,1,2,1,0,0,23.1,10.6,100.0
2026-04-23,R13,1,2,1,0,0,3.8,1.9,100.0
2026-04-24,R13,1,2,1,1,0,20.9,0.0,83.7
2026-04-27,R13,2,2,2,0,0,17.0,0.0,62.5
2026-04-28,R13,1,2,1,0,0,16.3,3.8,100.0
2026-04-29,R13,2,2,2,0,0,10.1,0.0,51.1
2026-04-30,R13,1,2,1,0,0,12.8,0.3,94.1
2026-05-04,R13,2,2,2,0,0,16.1,0.0,59.2
2026-05-05,R13,1,1,1,0,0,11.7,0.0,86.0
2026-05-06,R13,3,1,3,0,2,4.9,0.0,12.0
2026-05-07,R13,1,1,1,0,0,5.6,0.0,41.2
2026-05-08,R13,1,1,1,0,0,8.1,0.0,59.6
2026-05-11,R13,2,2,2,0,0,13.0,0.0,47.8
2026-05-12,R13,2,1,2,0,1,12.3,0.0,45.2
2026-05-13,R13,1,2,1,0,0,14.9,2.4,100.0
2026-05-15,R13,1,1,1,0,0,3.0,0.0,22.1
2026-05-18,R13,2,1,2,0,1,11.3,0.0,41.5
2026-05-19,R13,1,1,1,0,0,8.5,0.0,62.5
2026-05-20,R13,2,1,2,0,1,10.4,0.0,38.2
2026-05-21,R13,1,1,1,0,0,12.0,0.0,88.2
2026-05-22,R13,0,1,0,1,0,7.7,0.0,56.6
2026-05-26,R13,1,2,1,0,0,15.5,3.0,100.0
2026-05-27,R13,1,2,1,0,0,10.3,0.8,97.7
2026-05-28,R13,1,1,1,0,0,10.7,0.0,84.4
2026-05-29,R13,1,2,1,0,0,12.6,0.1,92.6
2026-06-01,R13,1,2,1,0,0,14.5,2.1,100.0
2026-06-02,R13,1,1,1,0,0,7.1,0.0,67.5
2026-06-03,R13,2,2,2,0,0,23.1,0.0,84.9
2026-06-05,R13,1,1,1,0,0,4.9,0.0,36.0
2026-06-08,R13,2,1,2,0,1,6.7,0.0,24.6
2026-06-09,R13,1,1,1,0,0,11.8,0.0,86.8
2026-06-10,R13,2,1,2,0,1,8.3,0.0,30.5
2026-06-11,R13,1,1,1,0,0,7.0,0.0,51.5
2026-06-12,R13,1,1,1,0,0,5.2,0.0,38.2
2026-06-15,R13,2,1,2,0,1,9.1,0.0,33.5
2026-06-16,R13,1,2,1,0,0,12.7,0.2,93.4
2026-06-17,R13,1,1,1,0,0,11.1,0.0,83.0
2026-06-18,R13,2,2,2,0,0,13.9,0.0,51.1
2026-06-19,R13,1,1,1,0,0,6.0,0.0,44.1
2026-06-22,R13,2,1,2,0,1,9.8,0.0,36.0
2026-06-23,R13,1,1,1,0,0,7.2,0.0,52.9
2026-06-24,R13,1,1,1,0,0,9.6,0.0,70.6
2026-06-25,R13,2,1,2,0,1,10.3,0.0,37.9
2026-06-26,R13,1,1,1,0,0,6.3,0.0,46.3
2026-06-29,R13,2,2,2,0,0,17.5,0.0,64.3
2026-06-30,R13,1,2,1,0,0,15.8,3.3,100.0
2026-07-01,R13,1,2,1,0,0,10.6,1.4,100.0
2026-07-02,R13,1,1,1,0,0,8.8,0.0,74.8
2026-07-03,R13,1,1,1,0,0,10.7,0.0,78.7
2026-07-06,R13,2,1,2,0,1,9.1,0.0,33.5
2026-07-07,R13,1,1,1,0,0,11.6,0.0,85.3
2026-07-08,R13,2,1,2,0,1,5.7,0.0,21.0
2026-07-09,R13,2,1,2,0,1,7.6,0.0,27.9
2026-07-10,R13,1,1,1,0,0,4.3,0.0,31.6
2026-07-13,R13,2,2,2,0,0,17.3,0.0,63.6
2026-07-14,R13,1,1,1,0,0,11.0,0.0,80.9
2026-07-15,R13,2,2,2,0,0,13.1,0.0,48.2
2026-07-16,R13,1,1,1,0,0,5.3,0.0,39.0
2026-07-17,R13,1,1,1,0,0,6.4,0.0,47.1
2026-07-20,R13,2,2,2,0,0,15.1,0.0,55.5
2026-07-21,R13,1,1,1,0,0,11.7,0.0,86.0
2026-07-22,R13,1,2,1,0,0,19.0,6.5,100.0
2026-07-23,R13,0,2,0,1,0,6.6,0.6,96.2
2026-07-24,R13,2,1,2,0,1,5.8,0.0,23.4
2026-07-27,R13,2,2,2,0,0,17.9,0.0,65.8
2026-07-28,R13,1,2,1,0,0,13.3,0.8,97.8
2026-07-29,R13,2,1,2,0,1,6.6,0.0,27.2
2026-07-30,R13,2,1,2,0,1,5.7,0.0,21.0
2026-07-31,R13,1,1,1,0,0,7.5,0.0,55.1
2026-08-03,R13,2,1,2,0,1,11.7,0.0,43.0
2026-08-04,R13,1,1,1,0,0,8.0,0.0,58.8
2026-08-05,R13,2,1,2,0,1,9.8,0.0,36.0
2026-08-06,R13,1,2,1,0,0,13.2,0.7,97.1
2026-08-07,R13,1,1,1,0,0,8.0,0.0,63.9
2026-08-10,R13,2,1,2,0,1,9.8,0.0,36.0
2026-08-11,R13,1,1,1,0,0,9.3,0.0,68.4
2026-08-12,R13,1,1,1,0,0,6.6,0.0,48.5
2026-08-13,R13,1,1,1,0,0,9.2,0.0,67.6
2026-08-14,R13,1,1,1,0,0,7.3,0.0,53.7
2026-08-17,R13,1,1,1,0,0,10.7,0.0,78.7
2026-08-18,R13,1,1,1,0,0,8.0,0.0,58.8
2026-08-19,R13,2,1,2,0,1,5.5,0.0,20.2
2026-08-20,R13,2,1,2,0,1,2.6,0.0,9.6
2026-08-21,R13,1,1,1,0,0,10.3,0.0,75.7
2026-08-24,R13,2,1,2,0,1,12.2,0.0,44.9
2026-08-25,R13,1,1,1,0,0,6.0,0.0,44.1
2026-08-26,R13,1,1,1,0,0,10.9,0.0,80.1
2026-08-27,R13,1,1,1,0,0,4.0,0.0,29.4
2026-08-28,R13,1,1,1,0,0,8.9,0.0,65.4
2026-08-31,R13,1,1,1,0,0,8.9,0.0,65.4
2024-01-02,R14,2,2,2,0,0,13.3,0.0,48.9
2024-01-03,R14,2,2,2,0,0,17.1,0.0,62.9
2024-01-04,R14,2,2,2,0,0,19.4,0.0,71.3
2024-01-05,R14,1,2,1,0,0,24.3,11.8,100.0
2024-01-08,R14,4,4,4,0,0,34.1,0.0,62.7
2024-01-09,R14,2,2,2,0,0,13.8,0.0,50.7
2024-01-10,R14,3,3,3,0,0,27.2,0.0,66.7
2024-01-11,R14,2,2,2,0,0,20.7,0.0,76.1
2024-01-12,R14,1,2,1,0,0,14.2,1.7,100.0
2024-01-15,R14,5,3,5,0,2,29.3,0.0,43.1
2024-01-16,R14,2,2,2,0,0,21.1,0.0,77.6
2024-01-17,R14,2,1,2,0,1,12.0,0.0,44.1
2024-01-18,R14,2,2,2,0,0,16.2,0.0,59.6
2024-01-19,R14,2,2,2,0,0,23.4,0.0,86.0
2024-01-22,R14,4,3,4,0,1,25.3,0.0,46.5
2024-01-23,R14,2,2,2,0,0,13.5,0.0,49.6
2024-01-24,R14,1,2,1,1,0,24.8,0.0,91.2
2024-01-25,R14,2,2,2,0,0,16.1,0.0,59.2
2024-01-26,R14,2,2,2,0,0,23.2,0.0,85.3
2024-01-29,R14,3,3,3,0,0,27.3,0.0,66.9
2024-01-30,R14,3,3,3,0,0,31.2,0.0,76.5
2024-01-31,R14,1,3,1,1,0,25.2,0.2,92.6
2024-02-01,R14,2,2,2,0,0,22.2,0.0,82.3
2024-02-02,R14,2,2,2,0,0,14.4,0.0,52.9
2024-02-05,R14,3,3,3,0,0,31.5,0.0,77.2
2024-02-06,R14,3,2,3,0,1,19.9,0.0,48.8
2024-02-07,R14,3,2,3,0,1,17.3,0.0,42.4
2024-02-08,R14,2,2,2,0,0,16.9,0.0,62.1
2024-02-09,R14,1,1,1,0,0,9.7,0.0,71.3
2024-02-12,R14,3,3,3,0,0,28.4,0.0,69.6
2024-02-13,R14,2,2,2,0,0,15.0,0.0,55.1
2024-02-14,R14,2,2,2,0,0,18.0,0.0,66.2
2024-02-15,R14,1,3,1,1,0,26.5,1.5,97.4
2024-02-16,R14,1,2,1,1,0,16.2,0.0,65.0
2024-02-19,R14,4,3,4,0,1,32.5,0.0,59.7
2024-02-20,R14,2,3,2,1,0,35.0,0.0,85.8
2024-02-21,R14,2,3,2,0,0,27.8,2.8,100.0
2024-02-22,R14,3,2,3,0,1,22.0,0.0,60.7
2024-02-23,R14,1,1,1,0,0,10.8,0.0,79.4
2024-02-26,R14,3,2,3,0,1,23.6,0.0,57.8
2024-02-27,R14,2,2,2,0,0,22.3,0.0,82.0
2024-02-28,R14,3,2,3,0,1,18.5,0.0,45.3
2024-02-29,R14,3,2,3,0,1,22.7,0.0,55.6
2024-03-01,R14,1,2,1,0,0,17.2,4.7,100.0
2024-03-04,R14,3,3,3,0,0,22.0,0.0,53.9
2024-03-05,R14,2,2,2,0,0,19.4,0.0,71.3
2024-03-06,R14,3,3,3,0,0,26.7,0.0,65.4
2024-03-07,R14,2,2,2,0,0,19.2,0.0,70.6
2024-03-08,R14,1,2,1,1,0,17.6,0.0,64.7
2024-03-11,R14,3,2,3,0,1,20.0,0.0,49.0
2024-03-12,R14,2,2,2,0,0,17.6,0.0,64.7
2024-03-13,R14,3,2,3,0,1,21.3,0.0,52.2
2024-03-14,R14,2,2,2,0,0,19.4,0.0,71.3
2024-03-15,R14,2,1,2,0,1,12.3,0.0,45.2
2024-03-18,R14,3,2,3,0,1,15.4,0.0,37.7
2024-03-19,R14,2,2,2,0,0,23.9,0.0,87.9
2024-03-20,R14,2,2,2,0,0,17.3,0.0,63.6
2024-03-21,R14,1,2,1,0,0,21.1,8.6,100.0
2024-03-22,R14,1,3,1,2,0,22.2,0.0,75.5
2024-03-25,R14,2,3,2,0,0,27.5,2.5,100.0
2024-03-26,R14,2,2,2,0,0,15.5,0.0,66.1
2024-03-27,R14,2,2,2,0,0,24.9,0.0,91.5
2024-03-28,R14,2,2,2,0,0,13.3,0.0,48.9
2024-04-02,R14,2,2,2,0,0,16.8,0.0,61.8
2024-04-03,R14,2,3,2,0,0,26.2,1.2,96.3
2024-04-04,R14,2,2,2,0,0,20.6,0.0,80.1
2024-04-05,R14,3,2,3,0,1,18.6,0.0,45.6
2024-04-08,R14,3,2,3,0,1,18.2,0.0,44.6
2024-04-09,R14,2,2,2,0,0,24.7,0.0,90.8
2024-04-10,R14,2,2,2,0,0,21.4,0.0,78.7
2024-04-11,R14,2,3,2,0,0,26.9,1.9,98.9
2024-04-12,R14,2,2,2,0,0,15.9,0.0,65.4
2024-04-15,R14,3,3,3,0,0,30.0,0.0,73.5
2024-04-16,R14,2,2,2,0,0,15.7,0.0,57.7
2024-04-17,R14,3,2,3,0,1,22.4,0.0,54.9
2024-04-18,R14,2,2,2,0,0,18.4,0.0,67.6
2024-04-19,R14,1,2,1,0,0,15.3,2.8,100.0
2024-04-22,R14,3,2,3,0,1,21.6,0.0,52.9
2024-04-23,R14,2,2,2,0,0,17.0,0.0,62.5
2024-04-24,R14,3,2,3,0,1,14.5,0.0,35.5
2024-04-25,R14,2,2,2,0,0,20.7,0.0,76.1
2024-04-26,R14,1,2,1,0,0,17.3,4.8,100.0
2024-04-29,R14,3,3,3,0,0,29.2,0.0,71.6
2024-04-30,R14,2,3,2,0,0,25.1,0.1,92.3
2024-05-02,R14,2,2,2,0,0,22.9,0.0,84.2
2024-05-03,R14,2,2,2,0,0,20.6,0.0,75.7
2024-05-06,R14,3,2,3,0,1,22.2,0.0,54.4
2024-05-07,R14,3,3,3,0,0,30.3,0.0,74.3
2024-05-08,R14,1,2,1,1,0,24.9,0.0,91.5
2024-05-10,R14,2,2,2,0,0,13.3,0.0,48.9
2024-05-13,R14,3,3,3,0,0,31.3,0.0,76.7
2024-05-14,R14,3,3,3,0,0,27.2,0.0,66.7
2024-05-15,R14,2,3,2,0,0,29.5,4.5,100.0
2024-05-16,R14,2,3,2,1,0,26.6,0.0,76.2
2024-05-17,R14,1,2,1,1,0,18.3,0.0,67.3
2024-05-21,R14,3,2,3,0,1,22.9,0.0,56.1
2024-05-22,R14,2,3,2,0,0,27.8,2.8,100.0
2024-05-23,R14,3,3,3,0,0,25.9,0.0,70.3
2024-05-24,R14,2,2,2,0,0,15.4,0.0,56.6
2024-05-27,R14,3,3,3,0,0,28.9,0.0,70.8
2024-05-28,R14,2,2,2,0,0,24.9,0.0,91.5
2024-05-29,R14,2,2,2,0,0,23.7,0.0,87.1
2024-05-31,R14,1,2,1,0,0,16.7,4.2,100.0
2024-06-03,R14,2,2,2,0,0,19.0,0.0,69.9
2024-06-04,R14,2,2,2,0,0,18.6,0.0,68.4
2024-06-05,R14,2,2,2,0,0,21.2,0.0,77.9
2024-06-06,R14,2,2,2,0,0,20.0,0.0,73.5
2024-06-07,R14,1,2,1,0,0,18.0,5.5,100.0
2024-06-10,R14,2,3,2,0,0,23.7,4.2,87.1
2024-06-11,R14,2,3,2,0,0,21.1,0.2,92.9
2024-06-12,R14,2,2,2,0,0,16.5,0.0,61.5
2024-06-13,R14,2,2,2,0,0,18.1,0.0,66.5
2024-06-14,R14,2,1,2,0,1,11.4,0.0,41.9
2024-06-17,R14,3,3,3,0,0,30.3,0.0,74.3
2024-06-18,R14,3,2,3,0,1,19.1,0.0,46.8
2024-06-19,R14,2,3,2,0,0,25.5,0.5,93.8
2024-06-20,R14,2,2,2,0,0,20.1,0.0,75.6
2024-06-21,R14,1,2,1,1,0,18.7,0.0,68.7
2024-06-24,R14,3,3,3,0,0,25.7,0.0,63.0
2024-06-25,R14,3,2,3,0,1,18.6,0.0,45.6
2024-06-26,R14,3,2,3,0,1,23.9,0.0,58.6
2024-06-27,R14,1,2,1,1,0,20.2,0.0,74.3
2024-06-28,R14,2,2,2,0,0,13.5,0.0,49.6
2024-07-01,R14,3,2,3,0,1,23.6,0.0,57.8
2024-07-02,R14,2,2,2,0,0,23.3,0.0,85.7
2024-07-03,R14,3,2,3,0,1,22.2,0.0,54.4
2024-07-04,R14,3,2,3,0,1,15.5,0.0,38.0
2024-07-05,R14,1,2,1,1,0,19.1,0.0,70.2
2024-07-08,R14,2,2,2,0,0,18.2,0.0,66.9
2024-07-09,R14,2,2,2,0,0,22.6,0.0,83.1
2024-07-10,R14,2,2,2,0,0,15.5,0.0,57.0
2024-07-11,R14,2,2,2,0,0,19.9,0.0,73.2
2024-07-12,R14,1,2,1,1,0,23.7,0.0,87.1
2024-07-15,R14,2,2,2,0,0,22.6,0.0,83.1
2024-07-16,R14,2,3,2,0,0,25.6,0.6,94.1
2024-07-17,R14,2,2,2,0,0,22.7,0.0,85.6
2024-07-18,R14,2,3,2,1,0,35.6,0.0,87.3
2024-07-19,R14,2,2,2,0,0,14.3,0.0,52.6
2024-07-22,R14,2,3,2,1,0,34.7,0.0,85.0
2024-07-23,R14,3,3,3,0,0,29.1,0.0,71.3
2024-07-24,R14,2,3,2,0,0,25.6,0.6,94.1
2024-07-25,R14,2,2,2,0,0,21.3,0.0,80.4
2024-07-26,R14,1,2,1,0,0,13.0,0.5,95.6
2024-07-29,R14,3,2,3,0,1,15.7,0.0,38.5
2024-07-30,R14,3,2,3,0,1,15.5,0.0,38.0
2024-07-31,R14,3,2,3,0,1,17.9,0.0,43.9
2024-08-01,R14,2,1,2,0,1,12.1,0.0,44.5
2024-08-02,R14,2,2,2,0,0,21.2,0.0,77.9
2024-08-05,R14,2,2,2,0,0,16.2,0.0,59.6
2024-08-06,R14,3,1,3,0,2,9.1,0.0,22.3
2024-08-07,R14,2,2,2,0,0,14.5,0.0,53.3
2024-08-08,R14,1,1,1,0,0,8.7,0.0,64.0
2024-08-09,R14,1,1,1,0,0,10.8,0.0,79.4
2024-08-12,R14,2,2,2,0,0,12.6,0.0,46.3
2024-08-13,R14,1,2,1,0,0,16.3,3.8,100.0
2024-08-14,R14,2,2,2,0,0,14.6,0.0,67.6
2024-08-15,R14,1,2,1,0,0,16.3,3.8,100.0
2024-08-16,R14,1,2,1,1,0,16.8,0.0,75.7
2024-08-19,R14,2,2,2,0,0,18.6,0.0,68.4
2024-08-20,R14,1,2,1,1,0,19.8,0.0,72.8
2024-08-21,R14,2,2,2,0,0,12.9,0.0,47.4
2024-08-22,R14,2,2,2,0,0,15.6,0.0,57.4
2024-08-23,R14,1,1,1,0,0,11.3,0.0,83.1
2024-08-26,R14,2,2,2,0,0,17.3,0.0,63.6
2024-08-27,R14,2,2,2,0,0,19.5,0.0,71.7
2024-08-28,R14,3,2,3,0,1,23.6,0.0,57.8
2024-08-29,R14,2,2,2,0,0,24.4,0.0,89.7
2024-08-30,R14,1,2,1,0,0,14.2,1.7,100.0
2024-09-02,R14,2,3,2,0,0,24.5,1.2,90.1
2024-09-03,R14,1,2,1,1,0,21.2,0.0,82.2
2024-09-04,R14,2,2,2,0,0,19.9,0.0,73.2
2024-09-05,R14,2,2,2,0,0,23.8,0.0,87.5
2024-09-06,R14,1,2,1,0,0,13.5,1.0,99.3
2024-09-09,R14,3,3,3,0,0,26.6,0.0,65.2
2024-09-10,R14,2,2,2,0,0,24.8,0.0,91.2
2024-09-11,R14,2,2,2,0,0,17.3,0.0,63.6
2024-09-12,R14,2,2,2,0,0,17.7,0.0,65.1
2024-09-13,R14,2,2,2,0,0,17.9,0.0,65.8
2024-09-16,R14,4,3,4,0,1,34.0,0.0,62.5
2024-09-17,R14,2,3,2,0,0,26.2,1.2,96.3
2024-09-18,R14,2,2,2,0,0,18.5,0.0,72.3
2024-09-19,R14,1,2,1,1,0,17.6,0.0,64.7
2024-09-20,R14,2,2,2,0,0,20.9,0.0,76.8
2024-09-23,R14,3,3,3,0,0,31.4,0.0,77.0
2024-09-24,R14,3,2,3,0,1,19.2,0.0,47.1
2024-09-25,R14,2,3,2,0,0,27.0,2.0,99.3
2024-09-26,R14,1,3,1,2,0,34.9,0.0,90.4
2024-09-27,R14,2,2,2,0,0,13.7,0.0,50.4
2024-09-30,R14,4,2,4,0,2,17.8,0.0,32.7
2024-10-01,R14,3,2,3,0,1,22.5,0.0,55.1
2024-10-02,R14,2,3,2,0,0,27.4,2.4,100.0
2024-10-04,R14,1,2,1,0,0,11.1,1.0,81.6
2024-10-07,R14,3,3,3,0,0,28.1,0.0,68.9
2024-10-08,R14,2,2,2,0,0,18.3,0.0,67.3
2024-10-09,R14,3,3,3,0,0,25.3,0.0,62.0
2024-10-10,R14,3,2,3,0,1,21.7,0.0,53.2
2024-10-11,R14,1,3,1,0,0,28.2,15.7,100.0
2024-10-14,R14,3,4,3,0,0,24.5,2.7,60.0
2024-10-15,R14,2,3,2,0,0,26.3,3.9,100.0
2024-10-16,R14,3,3,3,0,0,25.8,0.0,72.9
2024-10-17,R14,2,2,2,0,0,21.7,0.0,79.8
2024-10-18,R14,2,2,2,0,0,13.3,0.0,48.9
2024-10-21,R14,4,2,4,0,2,24.9,0.0,45.8
2024-10-22,R14,3,2,3,0,1,22.5,0.0,55.1
2024-10-23,R14,4,2,4,0,2,20.8,0.0,38.2
2024-10-24,R14,2,3,2,1,0,33.1,0.0,81.1
2024-10-25,R14,3,2,3,0,1,19.8,0.0,48.5
2024-10-28,R14,3,2,3,0,1,20.4,0.0,50.0
2024-10-29,R14,2,3,2,0,0,26.5,1.5,97.4
2024-10-30,R14,3,2,3,0,1,21.5,0.0,56.3
2024-10-31,R14,3,2,3,0,1,23.1,0.0,56.6
2024-11-04,R14,3,2,3,0,1,20.6,0.0,50.5
2024-11-05,R14,2,3,2,0,0,25.7,0.7,94.5
2024-11-06,R14,3,2,3,0,1,17.3,0.0,44.1
2024-11-07,R14,2,2,2,0,0,13.7,0.0,50.4
2024-11-08,R14,1,2,1,1,0,22.9,0.0,84.2
2024-11-11,R14,3,2,3,0,1,22.5,0.0,55.1
2024-11-12,R14,3,2,3,0,1,24.9,0.0,61.0
2024-11-13,R14,2,2,2,0,0,18.2,0.0,66.9
2024-11-14,R14,2,1,2,0,1,9.2,0.0,33.8
2024-11-15,R14,1,2,1,1,0,20.2,0.0,74.3
2024-11-18,R14,3,3,3,0,0,29.1,0.0,71.3
2024-11-19,R14,2,2,2,0,0,15.6,0.0,57.4
2024-11-20,R14,2,3,2,1,0,31.3,0.0,76.7
2024-11-21,R14,2,3,2,0,0,25.1,0.1,92.3
2024-11-22,R14,1,2,1,1,0,23.2,0.0,85.6
2024-11-25,R14,3,3,3,0,0,33.7,0.0,82.6
2024-11-26,R14,2,2,2,0,0,18.9,0.0,69.5
2024-11-27,R14,2,3,2,0,0,29.1,4.1,100.0
2024-11-28,R14,3,2,3,0,1,11.8,0.0,38.9
2024-11-29,R14,2,1,2,0,1,10.8,0.0,39.7
2024-12-02,R14,4,2,4,0,2,23.5,0.0,43.2
2024-12-03,R14,3,3,3,0,0,27.2,0.0,66.7
2024-12-04,R14,3,2,3,0,1,24.3,0.0,59.6
2024-12-05,R14,3,2,3,0,1,16.5,0.0,40.4
2024-12-06,R14,1,2,1,0,0,15.4,2.9,100.0
2024-12-09,R14,3,3,3,0,0,32.3,0.0,79.2
2024-12-10,R14,3,3,3,0,0,25.2,0.0,61.8
2024-12-11,R14,2,2,2,0,0,24.5,0.0,90.1
2024-12-12,R14,2,2,2,0,0,16.1,0.0,59.2
2024-12-13,R14,1,2,1,0,0,18.0,5.5,100.0
2024-12-16,R14,3,2,3,0,1,19.4,0.0,47.5
2024-12-17,R14,4,3,4,0,1,26.3,0.0,48.3
2024-12-18,R14,2,2,2,0,0,22.7,0.0,83.5
2024-12-19,R14,3,2,3,0,1,14.0,0.0,34.3
2024-12-20,R14,1,1,1,0,0,12.5,0.0,91.9
2024-12-23,R14,3,1,3,0,2,10.3,0.0,25.2
2024-12-24,R14,2,2,2,0,0,20.5,0.0,75.4
2024-12-27,R14,1,1,1,0,0,10.3,0.0,75.7
2024-12-30,R14,2,2,2,0,0,15.0,0.0,55.1
2024-12-31,R14,2,2,2,0,0,14.4,0.0,52.9
2025-01-02,R14,2,2,2,0,0,12.7,0.0,46.7
2025-01-03,R14,1,1,1,0,0,10.4,0.0,76.5
2025-01-07,R14,2,2,2,0,0,19.0,0.0,69.9
2025-01-08,R14,3,2,3,0,1,23.2,0.0,56.9
2025-01-09,R14,2,2,2,0,0,22.7,0.0,83.5
2025-01-10,R14,1,2,1,0,0,16.3,3.8,100.0
2025-01-13,R14,3,3,3,0,0,26.0,0.0,63.7
2025-01-14,R14,2,2,2,0,0,22.7,0.0,83.5
2025-01-15,R14,2,2,2,0,0,22.4,0.0,82.4
2025-01-16,R14,2,2,2,0,0,23.3,0.0,85.7
2025-01-17,R14,3,2,3,0,1,16.6,0.0,40.7
2025-01-20,R14,3,2,3,0,1,21.7,0.0,53.2
2025-01-21,R14,2,3,2,0,0,26.5,1.5,97.4
2025-01-22,R14,2,2,2,0,0,23.1,0.0,90.4
2025-01-23,R14,2,3,2,0,0,27.1,2.1,99.6
2025-01-24,R14,2,3,2,0,0,26.6,3.7,100.0
2025-01-27,R14,4,3,4,0,1,27.5,0.0,50.6
2025-01-28,R14,3,3,3,0,0,26.9,0.0,65.9
2025-01-29,R14,2,2,2,0,0,22.2,0.0,81.6
2025-01-30,R14,3,2,3,0,1,17.7,0.0,43.4
2025-01-31,R14,2,2,2,0,0,19.9,0.0,73.2
2025-02-03,R14,3,3,3,0,0,27.3,0.0,66.9
2025-02-04,R14,3,2,3,0,1,20.2,0.0,49.5
2025-02-05,R14,3,3,3,0,0,26.4,0.0,64.7
2025-02-06,R14,2,3,2,0,0,25.1,0.1,92.3
2025-02-07,R14,2,2,2,0,0,18.8,0.0,69.4
2025-02-10,R14,2,3,2,0,0,27.5,2.5,100.0
2025-02-11,R14,2,2,2,0,0,17.9,0.0,74.9
2025-02-12,R14,2,2,2,0,0,22.0,0.0,80.9
2025-02-13,R14,3,3,3,0,0,27.8,0.0,68.1
2025-02-14,R14,1,2,1,0,0,14.0,1.5,100.0
2025-02-17,R14,3,3,3,0,0,32.7,0.0,80.1
2025-02-18,R14,3,2,3,0,1,18.6,0.0,45.6
2025-02-19,R14,3,2,3,0,1,20.7,0.0,50.7
2025-02-20,R14,2,3,2,0,0,26.1,1.1,96.0
2025-02-21,R14,1,2,1,0,0,14.7,3.3,100.0
2025-02-24,R14,3,3,3,0,0,26.2,0.0,64.2
2025-02-25,R14,2,3,2,0,0,26.7,1.7,98.2
2025-02-26,R14,3,2,3,0,1,16.1,0.0,43.6
2025-02-27,R14,3,2,3,0,1,15.0,0.0,36.8
2025-02-28,R14,2,2,2,0,0,20.5,0.0,75.4
2025-03-03,R14,3,2,3,0,1,17.5,0.0,42.9
2025-03-04,R14,2,3,2,0,0,26.5,1.5,97.4
2025-03-05,R14,2,3,2,0,0,24.4,0.9,95.1
2025-03-06,R14,2,3,2,0,0,24.8,0.6,94.3
2025-03-07,R14,2,2,2,0,0,16.2,0.0,61.9
2025-03-10,R14,3,2,3,0,1,23.6,0.0,57.8
2025-03-11,R14,2,3,2,0,0,26.9,1.9,98.9
2025-03-12,R14,2,2,2,0,0,18.9,0.0,76.4
2025-03-13,R14,3,2,3,0,1,25.0,0.0,61.3
2025-03-14,R14,2,1,2,0,1,7.6,0.0,27.9
2025-03-17,R14,2,3,2,0,0,27.3,2.3,100.0
2025-03-18,R14,3,3,3,0,0,25.7,0.0,68.6
2025-03-19,R14,3,2,3,0,1,20.7,0.0,50.7
2025-03-20,R14,2,2,2,0,0,20.1,0.0,73.9
2025-03-21,R14,2,2,2,0,0,20.2,0.0,74.3
2025-03-24,R14,3,3,3,0,0,33.1,0.0,81.1
2025-03-25,R14,3,2,3,0,1,22.8,0.0,55.9
2025-03-26,R14,3,3,3,0,0,27.6,0.0,67.6
2025-03-27,R14,2,3,2,0,0,29.3,4.3,100.0
2025-03-28,R14,1,2,1,1,0,16.4,0.0,76.0
2025-03-31,R14,4,3,4,0,1,26.9,0.0,49.4
2025-04-01,R14,3,3,3,0,0,27.4,0.0,67.2
2025-04-02,R14,2,2,2,0,0,18.3,0.0,67.3
2025-04-03,R14,2,2,2,0,0,16.3,0.0,59.9
2025-04-04,R14,2,2,2,0,0,14.2,0.0,52.2
2025-04-07,R14,4,3,4,0,1,33.2,0.0,61.0
2025-04-08,R14,2,3,2,0,0,25.3,0.3,93.0
2025-04-09,R14,2,2,2,0,0,17.6,0.0,65.7
2025-04-10,R14,3,3,3,0,0,27.1,0.0,66.4
2025-04-11,R14,2,2,2,0,0,18.4,0.0,67.6
2025-04-14,R14,3,2,3,0,1,21.2,0.0,52.0
2025-04-15,R14,3,3,3,0,0,25.9,0.0,63.5
2025-04-16,R14,2,3,2,0,0,30.0,5.0,100.0
2025-04-17,R14,2,3,2,1,0,32.4,0.0,91.6
2025-04-22,R14,3,3,3,0,0,25.1,0.0,61.5
2025-04-23,R14,3,2,3,0,1,18.1,0.0,44.4
2025-04-24,R14,3,2,3,0,1,21.5,0.0,52.7
2025-04-25,R14,2,2,2,0,0,12.8,0.0,47.1
2025-04-28,R14,3,2,3,0,1,24.3,0.0,59.6
2025-04-29,R14,3,3,3,0,0,32.0,0.0,78.4
2025-04-30,R14,2,3,2,0,0,27.0,2.0,99.3
2025-05-02,R14,2,2,2,0,0,11.9,0.0,43.7
2025-05-05,R14,2,3,2,0,0,25.4,0.4,93.4
2025-05-06,R14,4,3,4,0,1,24.7,0.0,46.1
2025-05-07,R14,3,3,3,0,0,33.2,0.0,81.4
2025-05-08,R14,2,3,2,1,0,30.4,0.0,74.5
2025-05-09,R14,2,2,2,0,0,15.4,0.0,56.6
2025-05-12,R14,4,2,4,0,2,24.1,0.0,44.3
2025-05-13,R14,3,3,3,0,0,35.4,0.0,86.8
2025-05-14,R14,3,2,3,0,1,19.9,0.0,48.8
2025-05-15,R14,3,3,3,0,0,33.8,0.0,82.8
2025-05-16,R14,2,2,2,0,0,18.5,0.0,68.0
2025-05-19,R14,2,2,2,0,0,17.4,0.0,64.0
2025-05-20,R14,2,3,2,1,0,31.0,0.0,76.0
2025-05-21,R14,2,2,2,0,0,19.9,0.0,73.2
2025-05-22,R14,2,2,2,0,0,21.3,0.0,78.3
2025-05-23,R14,2,2,2,0,0,17.8,0.0,65.4
2025-05-26,R14,3,3,3,0,0,32.2,0.0,78.9
2025-05-27,R14,2,2,2,0,0,21.0,0.0,77.2
2025-05-28,R14,2,2,2,0,0,19.2,0.0,70.6
2025-05-30,R14,2,2,2,0,0,16.9,0.0,62.1
2025-06-02,R14,3,2,3,0,1,24.8,0.0,60.8
2025-06-03,R14,2,3,2,0,0,25.8,0.8,94.9
2025-06-04,R14,2,2,2,0,0,22.1,0.0,84.1
2025-06-05,R14,2,3,2,0,0,34.4,9.4,100.0
2025-06-06,R14,2,2,2,0,0,15.5,0.0,91.5
2025-06-10,R14,3,2,3,0,1,22.0,0.0,53.9
2025-06-11,R14,2,2,2,0,0,16.1,0.0,59.2
2025-06-12,R14,2,3,2,0,0,29.4,4.4,100.0
2025-06-13,R14,1,2,1,0,0,15.5,7.4,100.0
2025-06-16,R14,3,4,3,0,0,31.5,1.3,77.2
2025-06-17,R14,2,3,2,0,0,28.0,4.3,100.0
2025-06-18,R14,2,3,2,0,0,29.9,9.2,100.0
2025-06-20,R14,2,2,2,0,0,15.5,0.0,57.0
2025-06-23,R14,3,2,3,0,1,23.5,0.0,57.6
2025-06-24,R14,3,3,3,0,0,33.9,0.0,83.1
2025-06-25,R14,2,2,2,0,0,22.4,0.0,82.4
2025-06-26,R14,3,2,3,0,1,19.3,0.0,47.3
2025-06-27,R14,2,2,2,0,0,13.0,0.0,47.8
2025-06-30,R14,3,3,3,0,0,26.6,0.0,65.2
2025-07-01,R14,2,3,2,0,0,28.2,3.2,100.0
2025-07-02,R14,2,2,2,0,0,18.1,0.0,78.2
2025-07-03,R14,2,3,2,1,0,31.0,0.0,76.0
2025-07-04,R14,2,2,2,0,0,22.4,0.0,82.4
2025-07-07,R14,3,2,3,0,1,23.1,0.0,56.6
2025-07-08,R14,3,3,3,0,0,25.7,0.0,63.0
2025-07-09,R14,2,2,2,0,0,19.7,0.0,72.4
2025-07-10,R14,1,2,1,1,0,20.7,0.0,76.1
2025-07-11,R14,1,2,1,0,0,15.5,3.0,100.0
2025-07-14,R14,3,3,3,0,0,24.6,0.0,60.3
2025-07-15,R14,3,2,3,0,1,22.3,0.0,54.7
2025-07-16,R14,2,2,2,0,0,19.9,0.0,73.2
2025-07-17,R14,2,2,2,0,0,13.6,0.0,50.0
2025-07-18,R14,2,1,2,0,1,12.5,0.0,46.0
2025-07-21,R14,3,3,3,0,0,29.2,0.0,71.6
2025-07-22,R14,2,2,2,0,0,17.8,0.0,65.4
2025-07-23,R14,2,2,2,0,0,24.8,0.0,91.2
2025-07-24,R14,2,3,2,0,0,29.1,4.1,100.0
2025-07-25,R14,1,2,1,0,0,12.2,3.8,100.0
2025-07-28,R14,3,3,3,0,0,25.2,0.0,61.8
2025-07-29,R14,2,2,2,0,0,22.4,0.0,82.4
2025-07-30,R14,2,1,2,0,1,11.2,0.0,41.2
2025-07-31,R14,2,2,2,0,0,13.0,0.0,47.8
2025-08-01,R14,1,1,1,0,0,9.0,0.0,66.2
2025-08-04,R14,3,2,3,0,1,12.9,0.0,31.6
2025-08-05,R14,2,2,2,0,0,12.8,0.0,47.1
2025-08-06,R14,1,2,1,1,0,18.5,0.0,68.0
2025-08-07,R14,2,2,2,0,0,13.6,0.0,50.0
2025-08-08,R14,1,1,1,0,0,10.3,0.0,75.7
2025-08-11,R14,3,2,3,0,1,17.8,0.0,43.6
2025-08-12,R14,2,2,2,0,0,15.5,0.0,57.0
2025-08-13,R14,1,2,1,1,0,23.6,0.0,86.8
2025-08-14,R14,2,2,2,0,0,14.9,0.0,54.8
2025-08-15,R14,1,1,1,0,0,10.4,0.0,76.5
2025-08-18,R14,3,2,3,0,1,19.7,0.0,48.3
2025-08-19,R14,2,1,2,0,1,11.0,0.0,40.4
2025-08-20,R14,3,1,3,0,2,10.5,0.0,25.7
2025-08-21,R14,2,2,2,0,0,16.4,0.0,60.3
2025-08-22,R14,1,2,1,0,0,13.0,0.5,95.6
2025-08-25,R14,3,1,3,0,2,9.5,0.0,23.3
2025-08-26,R14,1,2,1,0,0,13.3,0.8,97.8
2025-08-27,R14,2,2,2,0,0,18.3,0.0,70.2
2025-08-28,R14,2,2,2,0,0,16.8,0.0,61.8
2025-08-29,R14,1,2,1,1,0,18.0,0.0,66.2
2025-09-01,R14,2,2,2,0,0,15.7,0.0,57.7
2025-09-02,R14,1,2,1,0,0,15.2,2.7,100.0
2025-09-03,R14,2,2,2,0,0,21.5,0.0,88.9
2025-09-04,R14,2,2,2,0,0,15.7,0.0,57.7
2025-09-05,R14,1,2,1,0,0,14.9,2.4,100.0
2025-09-08,R14,3,2,3,0,1,12.5,0.0,30.6
2025-09-09,R14,2,2,2,0,0,15.6,0.0,57.4
2025-09-10,R14,1,2,1,0,0,14.7,2.2,100.0
2025-09-11,R14,2,2,2,0,0,17.5,0.0,72.4
2025-09-12,R14,2,1,2,0,1,10.1,0.0,37.1
2025-09-15,R14,2,2,2,0,0,19.4,0.0,71.3
2025-09-16,R14,2,2,2,0,0,17.8,0.0,65.4
2025-09-17,R14,2,2,2,0,0,15.1,0.0,55.5
2025-09-18,R14,2,2,2,0,0,14.6,0.0,53.7
2025-09-19,R14,1,2,1,0,0,14.9,2.4,100.0
2025-09-22,R14,3,2,3,0,1,19.1,0.0,46.8
2025-09-23,R14,1,2,1,0,0,24.3,11.8,100.0
2025-09-24,R14,2,3,2,1,0,23.9,0.0,87.5
2025-09-25,R14,2,2,2,0,0,23.3,0.0,85.7
2025-09-26,R14,1,1,1,0,0,9.7,0.0,71.3
2025-09-29,R14,3,2,3,0,1,15.0,0.0,36.8
2025-09-30,R14,3,3,3,0,0,25.3,0.0,62.0
2025-10-01,R14,2,2,2,0,0,20.5,0.0,75.4
2025-10-02,R14,1,3,1,1,0,29.3,4.3,100.0
2025-10-06,R14,2,3,2,0,0,23.1,2.4,84.9
2025-10-07,R14,3,2,3,0,1,13.9,0.0,39.8
2025-10-08,R14,2,2,2,0,0,13.7,0.0,50.4
2025-10-09,R14,2,2,2,0,0,17.0,0.0,62.5
2025-10-10,R14,2,2,2,0,0,16.1,0.0,59.2
2025-10-13,R14,4,2,4,0,2,24.7,0.0,45.4
2025-10-14,R14,3,2,3,0,1,17.2,0.0,42.2
2025-10-15,R14,2,2,2,0,0,17.9,0.0,65.8
2025-10-16,R14,3,2,3,0,1,19.5,0.0,47.8
2025-10-17,R14,1,1,1,0,0,11.3,0.0,83.1
2025-10-20,R14,3,2,3,0,1,24.0,0.0,58.8
2025-10-21,R14,2,3,2,0,0,26.3,1.3,96.7
2025-10-22,R14,2,2,2,0,0,21.5,0.0,83.7
2025-10-23,R14,2,2,2,0,0,21.6,0.0,79.4
2025-10-24,R14,1,1,1,0,0,10.5,0.0,77.2
2025-10-27,R14,3,2,3,0,1,22.5,0.0,55.1
2025-10-28,R14,2,2,2,0,0,22.7,0.0,83.5
2025-10-29,R14,3,2,3,0,1,18.0,0.0,44.1
2025-10-30,R14,3,2,3,0,1,18.0,0.0,44.1
2025-10-31,R14,0,2,0,2,0,22.8,0.0,83.8
2025-11-03,R14,2,2,2,0,0,19.4,0.0,71.3
2025-11-04,R14,3,2,3,0,1,23.3,0.0,57.1
2025-11-05,R14,2,2,2,0,0,22.7,0.0,83.5
2025-11-06,R14,2,2,2,0,0,22.9,0.0,84.2
2025-11-07,R14,2,2,2,0,0,15.1,0.0,55.5
2025-11-10,R14,2,2,2,0,0,16.5,0.0,60.7
2025-11-11,R14,2,2,2,0,0,25.0,0.0,91.9
2025-11-12,R14,2,2,2,0,0,14.4,0.0,52.9
2025-11-13,R14,1,2,1,1,0,23.3,0.0,85.7
2025-11-14,R14,2,2,2,0,0,12.7,0.0,46.7
2025-11-17,R14,3,2,3,0,1,15.9,0.0,39.0
2025-11-18,R14,2,2,2,0,0,17.8,0.0,65.4
2025-11-19,R14,3,2,3,0,1,19.8,0.0,48.5
2025-11-20,R14,2,2,2,0,0,16.4,0.0,60.3
2025-11-21,R14,2,2,2,0,0,16.5,0.0,60.7
2025-11-24,R14,2,2,2,0,0,20.2,0.0,74.3
2025-11-25,R14,2,2,2,0,0,23.3,0.0,85.7
2025-11-26,R14,2,3,2,0,0,25.2,0.2,92.6
2025-11-27,R14,2,2,2,0,0,16.8,0.0,62.4
2025-11-28,R14,1,1,1,0,0,8.2,0.0,60.3
2025-12-01,R14,3,2,3,0,1,22.4,0.0,54.9
2025-12-02,R14,2,2,2,0,0,23.2,0.0,85.3
2025-12-03,R14,3,2,3,0,1,17.5,0.0,42.9
2025-12-04,R14,3,2,3,0,1,18.0,0.0,44.1
2025-12-05,R14,2,2,2,0,0,13.3,0.0,48.9
2025-12-08,R14,3,2,3,0,1,22.2,0.0,54.4
2025-12-09,R14,2,2,2,0,0,13.7,0.0,50.4
2025-12-10,R14,2,2,2,0,0,16.7,0.0,61.4
2025-12-11,R14,2,2,2,0,0,14.2,0.0,52.2
2025-12-12,R14,1,2,1,0,0,16.0,3.5,100.0
2025-12-15,R14,3,2,3,0,1,18.0,0.0,44.1
2025-12-16,R14,2,2,2,0,0,15.3,0.0,56.2
2025-12-17,R14,2,2,2,0,0,17.2,0.0,63.2
2025-12-18,R14,2,2,2,0,0,16.2,0.0,59.6
2025-12-19,R14,1,1,1,0,0,9.0,0.0,66.2
2025-12-22,R14,2,1,2,0,1,8.8,0.0,32.4
2025-12-23,R14,2,1,2,0,1,8.6,0.0,31.6
2025-12-24,R14,2,1,2,0,1,10.7,0.0,39.3
2025-12-29,R14,3,1,3,0,2,8.0,0.0,19.6
2025-12-30,R14,1,1,1,0,0,11.1,0.0,81.6
2025-12-31,R14,1,2,1,0,0,13.4,0.9,98.5
2026-01-02,R14,1,1,1,0,0,4.4,0.0,32.4
2026-01-05,R14,1,1,1,0,0,10.0,0.0,73.5
2026-01-07,R14,2,2,2,0,0,14.8,0.0,54.4
2026-01-08,R14,3,2,3,0,1,20.6,0.0,50.5
2026-01-09,R14,1,2,1,0,0,16.6,4.1,100.0
2026-01-12,R14,2,2,2,0,0,15.7,0.0,57.7
2026-01-13,R14,2,1,2,0,1,8.1,0.0,29.8
2026-01-14,R14,2,2,2,0,0,17.0,0.0,62.5
2026-01-15,R14,2,1,2,0,1,11.6,0.0,42.6
2026-01-16,R14,1,1,1,0,0,9.2,0.0,67.6
2026-01-19,R14,2,2,2,0,0,17.2,0.0,63.2
2026-01-20,R14,2,2,2,0,0,17.0,0.0,62.5
2026-01-21,R14,2,2,2,0,0,21.3,0.0,78.3
2026-01-22,R14,2,2,2,0,0,23.5,0.0,86.4
2026-01-23,R14,1,1,1,0,0,9.4,0.0,69.1
2026-01-26,R14,2,2,2,0,0,16.9,0.0,62.1
2026-01-27,R14,2,2,2,0,0,20.6,0.0,75.7
2026-01-28,R14,2,2,2,0,0,14.2,0.0,52.2
2026-01-29,R14,2,2,2,0,0,14.8,0.0,54.4
2026-01-30,R14,1,2,1,1,0,18.8,0.0,69.1
2026-02-02,R14,3,2,3,0,1,19.6,0.0,48.0
2026-02-03,R14,2,2,2,0,0,18.9,0.0,69.5
2026-02-04,R14,2,2,2,0,0,14.0,0.0,51.5
2026-02-05,R14,2,2,2,0,0,13.8,0.0,50.7
2026-02-06,R14,1,2,1,0,0,13.7,1.2,100.0
2026-02-09,R14,3,3,3,0,0,25.3,0.0,62.0
2026-02-10,R14,2,2,2,0,0,15.5,0.0,57.0
2026-02-11,R14,2,2,2,0,0,16.2,0.0,59.6
2026-02-12,R14,2,2,2,0,0,20.2,0.0,74.3
2026-02-13,R14,2,2,2,0,0,20.9,0.0,76.8
2026-02-16,R14,3,2,3,0,1,18.1,0.0,44.4
2026-02-17,R14,1,2,1,0,0,16.7,4.2,100.0
2026-02-18,R14,2,2,2,0,0,13.6,0.0,65.4
2026-02-19,R14,3,2,3,0,1,15.9,0.0,39.0
2026-02-20,R14,2,2,2,0,0,17.6,0.0,64.7
2026-02-23,R14,3,2,3,0,1,20.9,0.0,51.2
2026-02-24,R14,3,2,3,0,1,16.6,0.0,40.7
2026-02-25,R14,2,2,2,0,0,20.5,0.0,75.4
2026-02-26,R14,2,3,2,0,0,27.6,2.6,100.0
2026-02-27,R14,1,2,1,0,0,10.6,0.7,96.9
2026-03-02,R14,3,2,3,0,1,12.1,0.0,29.7
2026-03-03,R14,2,2,2,0,0,17.0,0.0,62.5
2026-03-04,R14,2,2,2,0,0,14.8,0.0,54.4
2026-03-05,R14,3,1,3,0,2,12.5,0.0,30.6
2026-03-06,R14,2,1,2,0,1,12.5,0.0,46.0
2026-03-09,R14,2,3,2,0,0,25.2,0.2,92.6
2026-03-10,R14,2,2,2,0,0,18.1,0.0,67.2
2026-03-11,R14,2,2,2,0,0,23.0,0.0,84.6
2026-03-12,R14,2,2,2,0,0,18.2,0.0,66.9
2026-03-13,R14,1,2,1,0,0,15.7,3.2,100.0
2026-03-16,R14,4,2,4,0,2,18.1,0.0,33.3
2026-03-17,R14,2,3,2,0,0,26.7,1.7,98.2
2026-03-18,R14,2,2,2,0,0,15.0,0.0,61.3
2026-03-19,R14,2,3,2,0,0,29.9,4.9,100.0
2026-03-20,R14,2,2,2,0,0,10.6,0.0,56.9
2026-03-23,R14,3,2,3,0,1,23.7,0.0,58.1
2026-03-24,R14,2,2,2,0,0,24.6,0.0,90.4
2026-03-25,R14,2,2,2,0,0,20.9,0.0,76.8
2026-03-26,R14,2,3,2,0,0,25.3,0.3,93.0
2026-03-27,R14,2,2,2,0,0,14.6,0.0,54.7
2026-03-30,R14,3,2,3,0,1,19.8,0.0,48.5
2026-03-31,R14,3,2,3,0,1,17.6,0.0,43.1
2026-04-01,R14,2,2,2,0,0,22.8,0.0,83.8
2026-04-02,R14,3,2,3,0,1,14.1,0.0,34.6
2026-04-07,R14,2,2,2,0,0,18.9,0.0,69.5
2026-04-08,R14,2,2,2,0,0,17.3,0.0,63.6
2026-04-09,R14,3,2,3,0,1,14.1,0.0,34.6
2026-04-10,R14,2,2,2,0,0,16.4,0.0,60.3
2026-04-13,R14,3,2,3,0,1,18.6,0.0,45.6
2026-04-14,R14,3,3,3,0,0,25.1,0.0,61.5
2026-04-15,R14,3,2,3,0,1,21.6,0.0,52.9
2026-04-16,R14,2,2,2,0,0,17.6,0.0,64.7
2026-04-17,R14,2,1,2,0,1,11.2,0.0,41.2
2026-04-20,R14,3,3,3,0,0,28.0,0.0,68.6
2026-04-21,R14,3,2,3,0,1,22.8,0.0,55.9
2026-04-22,R14,2,2,2,0,0,22.7,0.0,83.5
2026-04-23,R14,2,1,2,0,1,6.2,0.0,22.8
2026-04-24,R14,1,2,1,1,0,18.2,0.0,66.9
2026-04-27,R14,3,2,3,0,1,23.9,0.0,58.6
2026-04-28,R14,3,2,3,0,1,17.0,0.0,41.7
2026-04-29,R14,2,2,2,0,0,13.7,0.0,50.4
2026-04-30,R14,2,2,2,0,0,20.7,0.0,76.1
2026-05-04,R14,3,3,3,0,0,25.3,0.0,62.0
2026-05-05,R14,2,2,2,0,0,19.7,0.0,72.4
2026-05-06,R14,3,2,3,0,1,18.1,0.0,44.4
2026-05-07,R14,2,2,2,0,0,18.9,0.0,69.5
2026-05-08,R14,2,2,2,0,0,13.4,0.0,49.3
2026-05-11,R14,3,2,3,0,1,24.6,0.0,60.3
2026-05-12,R14,2,3,2,0,0,28.6,3.6,100.0
2026-05-13,R14,2,3,2,1,0,28.0,0.0,77.4
2026-05-15,R14,2,1,2,0,1,12.2,0.0,44.9
2026-05-18,R14,3,2,3,0,1,13.5,0.0,33.1
2026-05-19,R14,3,2,3,0,1,25.0,0.0,61.3
2026-05-20,R14,3,2,3,0,1,17.5,0.0,42.9
2026-05-21,R14,2,2,2,0,0,13.3,0.0,48.9
2026-05-22,R14,1,2,1,0,0,13.4,0.9,98.5
2026-05-26,R14,2,2,2,0,0,19.2,0.0,70.6
2026-05-27,R14,3,2,3,0,1,16.8,0.0,41.2
2026-05-28,R14,2,2,2,0,0,19.9,0.0,73.2
2026-05-29,R14,2,2,2,0,0,13.6,0.0,50.0
2026-06-01,R14,3,2,3,0,1,20.8,0.0,51.0
2026-06-02,R14,2,2,2,0,0,21.2,0.0,77.9
2026-06-03,R14,2,3,2,0,0,25.2,0.2,92.6
2026-06-05,R14,2,2,2,0,0,12.9,0.0,47.4
2026-06-08,R14,2,3,2,0,0,29.5,4.5,100.0
2026-06-09,R14,2,3,2,1,0,28.9,0.0,81.8
2026-06-10,R14,3,2,3,0,1,17.4,0.0,42.6
2026-06-11,R14,3,3,3,0,0,28.5,0.0,69.9
2026-06-12,R14,2,2,2,0,0,17.3,0.0,63.6
2026-06-15,R14,4,2,4,0,2,23.5,0.0,43.2
2026-06-16,R14,3,3,3,0,0,34.1,0.0,83.6
2026-06-17,R14,3,2,3,0,1,17.8,0.0,43.6
2026-06-18,R14,3,3,3,0,0,28.6,0.0,70.1
2026-06-19,R14,1,1,1,0,0,12.0,0.0,88.2
2026-06-22,R14,3,3,3,0,0,35.1,0.0,86.0
2026-06-23,R14,3,2,3,0,1,18.6,0.0,45.6
2026-06-24,R14,2,2,2,0,0,14.2,0.0,52.2
2026-06-25,R14,3,3,3,0,0,29.3,0.0,71.8
2026-06-26,R14,1,2,1,0,0,13.5,1.0,99.3
2026-06-29,R14,3,3,3,0,0,28.9,0.0,70.8
2026-06-30,R14,3,2,3,0,1,17.2,0.0,42.2
2026-07-01,R14,2,2,2,0,0,18.5,0.0,68.0
2026-07-02,R14,3,2,3,0,1,23.0,0.0,56.4
2026-07-03,R14,2,2,2,0,0,18.9,0.0,69.5
2026-07-06,R14,3,2,3,0,1,20.2,0.0,49.5
2026-07-07,R14,2,2,2,0,0,23.9,0.0,87.9
2026-07-08,R14,2,2,2,0,0,22.7,0.0,83.5
2026-07-09,R14,2,2,2,0,0,20.7,0.0,76.1
2026-07-10,R14,2,2,2,0,0,22.2,0.0,81.6
2026-07-13,R14,3,2,3,0,1,16.5,0.0,40.4
2026-07-14,R14,2,3,2,0,0,25.2,0.2,92.6
2026-07-15,R14,2,2,2,0,0,13.9,0.0,51.7
2026-07-16,R14,2,2,2,0,0,21.4,0.0,78.7
2026-07-17,R14,2,2,2,0,0,16.8,0.0,61.8
2026-07-20,R14,3,2,3,0,1,24.3,0.0,59.6
2026-07-21,R14,3,2,3,0,1,20.2,0.0,49.5
2026-07-22,R14,2,2,2,0,0,22.3,0.0,82.0
2026-07-23,R14,2,2,2,0,0,23.4,0.0,86.0
2026-07-24,R14,2,1,2,0,1,9.0,0.0,33.1
2026-07-27,R14,3,2,3,0,1,23.2,0.0,56.9
2026-07-28,R14,2,2,2,0,0,20.9,0.0,76.8
2026-07-29,R14,2,2,2,0,0,16.4,0.0,60.3
2026-07-30,R14,2,2,2,0,0,22.1,0.0,81.3
2026-07-31,R14,1,1,1,0,0,12.3,0.0,90.4
2026-08-03,R14,3,2,3,0,1,14.4,0.0,35.3
2026-08-04,R14,2,2,2,0,0,15.4,0.0,56.6
2026-08-05,R14,2,2,2,0,0,13.1,0.0,48.2
2026-08-06,R14,2,2,2,0,0,18.1,0.0,66.5
2026-08-07,R14,1,1,1,0,0,5.4,0.0,39.7
2026-08-10,R14,2,2,2,0,0,19.6,0.0,72.1
2026-08-11,R14,2,2,2,0,0,15.4,0.0,56.6
2026-08-12,R14,2,2,2,0,0,16.5,0.0,60.7
2026-08-13,R14,2,1,2,0,1,12.0,0.0,44.1
2026-08-14,R14,1,1,1,0,0,7.2,0.0,52.9
2026-08-17,R14,2,2,2,0,0,15.0,0.0,55.1
2026-08-18,R14,2,2,2,0,0,17.1,0.0,62.9
2026-08-19,R14,2,2,2,0,0,13.1,0.0,48.2
2026-08-20,R14,1,2,1,1,0,21.4,0.0,78.7
2026-08-21,R14,1,2,1,0,0,13.6,1.1,100.0
2026-08-24,R14,2,2,2,0,0,22.0,0.0,80.9
2026-08-25,R14,2,2,2,0,0,12.7,0.0,46.7
2026-08-26,R14,2,2,2,0,0,20.8,0.0,76.5
2026-08-27,R14,2,2,2,0,0,21.1,0.0,77.6
2026-08-28,R14,2,1,2,0,1,9.2,0.0,33.8
2026-08-31,R14,2,2,2,0,0,21.1,0.0,77.6
2024-01-02,R15,2,2,2,0,0,14.2,0.0,52.2
2024-01-03,R15,2,2,2,0,0,19.6,0.0,72.1
2024-01-04,R15,1,1,1,0,0,9.8,0.0,72.1
2024-01-05,R15,2,2,2,0,0,20.7,0.0,76.1
2024-01-08,R15,2,2,2,0,0,19.0,0.0,69.9
2024-01-09,R15,2,1,2,0,1,9.9,0.0,36.4
2024-01-10,R15,2,2,2,0,0,17.0,0.0,62.5
2024-01-11,R15,1,2,1,1,0,19.1,0.0,70.2
2024-01-12,R15,2,1,2,0,1,8.0,0.0,29.4
2024-01-15,R15,2,3,2,1,0,34.8,0.0,85.3
2024-01-16,R15,2,2,2,0,0,16.4,0.0,60.3
2024-01-17,R15,2,1,2,0,1,11.0,0.0,40.4
2024-01-18,R15,2,1,2,0,1,8.8,0.0,32.4
2024-01-19,R15,1,2,1,0,0,15.1,2.6,100.0
2024-01-22,R15,3,2,3,0,1,16.4,0.0,40.2
2024-01-23,R15,1,2,1,0,0,16.0,3.5,100.0
2024-01-24,R15,1,2,1,1,0,16.0,0.0,71.6
2024-01-25,R15,1,2,1,0,0,13.4,0.9,98.5
2024-01-26,R15,1,2,1,0,0,15.8,4.2,100.0
2024-01-29,R15,3,2,3,0,1,17.0,0.0,41.7
2024-01-30,R15,2,3,2,0,0,25.5,0.5,93.8
2024-01-31,R15,2,2,2,0,0,14.6,0.0,55.4
2024-02-01,R15,2,2,2,0,0,15.0,0.0,55.1
2024-02-02,R15,2,2,2,0,0,18.5,0.0,68.0
2024-02-05,R15,3,2,3,0,1,17.4,0.0,42.6
2024-02-06,R15,2,2,2,0,0,13.0,0.0,47.8
2024-02-07,R15,2,3,2,0,0,25.4,0.4,93.4
2024-02-08,R15,2,2,2,0,0,13.8,0.0,52.1
2024-02-09,R15,3,1,3,0,2,12.1,0.0,29.7
2024-02-12,R15,3,3,3,0,0,27.1,0.0,66.4
2024-02-13,R15,3,2,3,0,1,17.6,0.0,43.1
2024-02-14,R15,3,2,3,0,1,15.6,0.0,38.2
2024-02-15,R15,1,2,1,0,0,21.7,9.2,100.0
2024-02-16,R15,1,2,1,1,0,13.6,0.0,83.8
2024-02-19,R15,3,2,3,0,1,18.1,0.0,44.4
2024-02-20,R15,2,2,2,0,0,16.6,0.0,61.0
2024-02-21,R15,2,2,2,0,0,22.4,0.0,82.4
2024-02-22,R15,2,2,2,0,0,19.0,0.0,69.9
2024-02-23,R15,1,2,1,0,0,17.5,5.0,100.0
2024-02-26,R15,3,2,3,0,1,19.8,0.0,48.5
2024-02-27,R15,2,1,2,0,1,9.5,0.0,34.9
2024-02-28,R15,2,2,2,0,0,15.1,0.0,55.5
2024-02-29,R15,1,1,1,0,0,10.9,0.0,80.1
2024-03-01,R15,2,1,2,0,1,11.7,0.0,43.0
2024-03-04,R15,2,2,2,0,0,18.8,0.0,69.1
2024-03-05,R15,2,2,2,0,0,20.8,0.0,76.5
2024-03-06,R15,2,2,2,0,0,18.0,0.0,66.2
2024-03-07,R15,1,2,1,1,0,19.2,0.0,70.6
2024-03-08,R15,1,2,1,0,0,15.7,3.2,100.0
2024-03-11,R15,3,2,3,0,1,21.2,0.0,52.0
2024-03-12,R15,1,2,1,0,0,18.6,6.1,100.0
2024-03-13,R15,2,3,2,0,0,21.8,2.9,100.0
2024-03-14,R15,2,2,2,0,0,12.5,0.0,56.5
2024-03-15,R15,1,1,1,0,0,8.5,0.0,62.5
2024-03-18,R15,3,2,3,0,1,19.0,0.0,46.6
2024-03-19,R15,2,2,2,0,0,21.6,0.0,79.4
2024-03-20,R15,2,2,2,0,0,18.0,0.0,66.2
2024-03-21,R15,2,2,2,0,0,19.2,0.0,70.6
2024-03-22,R15,1,1,1,0,0,10.5,0.0,77.2
2024-03-25,R15,3,2,3,0,1,21.1,0.0,51.7
2024-03-26,R15,2,2,2,0,0,22.8,0.0,83.8
2024-03-27,R15,2,2,2,0,0,16.2,0.0,59.6
2024-03-28,R15,2,2,2,0,0,21.6,0.0,79.4
2024-04-02,R15,2,2,2,0,0,17.1,0.0,62.9
2024-04-03,R15,2,2,2,0,0,20.9,0.0,76.8
2024-04-04,R15,2,2,2,0,0,18.7,0.0,68.8
2024-04-05,R15,1,1,1,0,0,11.0,0.0,80.9
2024-04-08,R15,3,3,3,0,0,26.6,0.0,65.2
2024-04-09,R15,2,2,2,0,0,18.9,0.0,69.5
2024-04-10,R15,2,2,2,0,0,14.5,0.0,53.3
2024-04-11,R15,2,2,2,0,0,19.8,0.0,72.8
2024-04-12,R15,1,2,1,0,0,18.5,6.0,100.0
2024-04-15,R15,4,2,4,0,2,18.6,0.0,34.2
2024-04-16,R15,2,2,2,0,0,19.9,0.0,73.2
2024-04-17,R15,2,2,2,0,0,22.0,0.0,80.9
2024-04-18,R15,2,2,2,0,0,19.7,0.0,72.4
2024-04-19,R15,1,2,1,0,0,16.6,4.1,100.0
2024-04-22,R15,3,3,3,0,0,21.3,0.0,52.2
2024-04-23,R15,2,2,2,0,0,16.7,0.0,61.4
2024-04-24,R15,2,2,2,0,0,17.2,0.0,63.2
2024-04-25,R15,2,2,2,0,0,12.6,0.0,46.3
2024-04-26,R15,2,1,2,0,1,9.2,0.0,33.8
2024-04-29,R15,3,3,3,0,0,30.0,0.0,73.5
2024-04-30,R15,2,2,2,0,0,22.1,0.0,81.3
2024-05-02,R15,2,2,2,0,0,19.7,0.0,72.4
2024-05-03,R15,1,1,1,0,0,12.1,0.0,89.0
2024-05-06,R15,3,2,3,0,1,21.3,0.0,52.2
2024-05-07,R15,2,2,2,0,0,21.1,0.0,77.6
2024-05-08,R15,1,1,1,0,0,11.1,0.0,81.6
2024-05-10,R15,1,1,1,0,0,7.0,0.0,51.5
2024-05-13,R15,3,2,3,0,1,17.8,0.0,43.6
2024-05-14,R15,3,3,3,0,0,25.4,0.0,62.3
2024-05-15,R15,1,1,1,0,0,10.1,0.0,74.3
2024-05-16,R15,2,2,2,0,0,15.4,0.0,56.6
2024-05-17,R15,1,2,1,0,0,14.5,2.0,100.0
2024-05-21,R15,3,2,3,0,1,12.9,0.0,31.6
2024-05-22,R15,0,2,0,2,0,19.8,0.0,72.8
2024-05-23,R15,2,2,2,0,0,18.6,0.0,68.4
2024-05-24,R15,2,1,2,0,1,10.5,0.0,38.6
2024-05-27,R15,3,3,3,0,0,27.1,0.0,66.4
2024-05-28,R15,3,3,3,0,0,27.1,0.0,66.4
2024-05-29,R15,2,2,2,0,0,23.5,0.0,86.4
2024-05-31,R15,1,1,1,0,0,9.6,0.0,70.6
2024-06-03,R15,4,2,4,0,2,15.1,0.0,27.8
2024-06-04,R15,3,2,3,0,1,24.8,0.0,60.8
2024-06-05,R15,2,2,2,0,0,13.0,0.0,47.8
2024-06-06,R15,2,2,2,0,0,16.2,0.0,59.6
2024-06-07,R15,0,2,0,2,0,20.4,0.0,75.0
2024-06-10,R15,3,2,3,0,1,21.8,0.0,53.4
2024-06-11,R15,3,2,3,0,1,16.8,0.0,41.2
2024-06-12,R15,3,2,3,0,1,18.3,0.0,44.9
2024-06-13,R15,3,2,3,0,1,18.5,0.0,45.3
2024-06-14,R15,2,2,2,0,0,17.9,0.0,65.8
2024-06-17,R15,2,2,2,0,0,24.2,0.0,89.0
2024-06-18,R15,2,2,2,0,0,23.2,0.0,85.3
2024-06-19,R15,2,2,2,0,0,14.0,0.0,51.5
2024-06-20,R15,2,2,2,0,0,15.2,0.0,55.9
2024-06-21,R15,2,1,2,0,1,10.2,0.0,37.5
2024-06-24,R15,2,2,2,0,0,19.5,0.0,71.7
2024-06-25,R15,2,3,2,0,0,27.8,2.8,100.0
2024-06-26,R15,2,3,2,0,0,24.3,2.1,99.5
2024-06-27,R15,2,2,2,0,0,17.0,0.0,70.0
2024-06-28,R15,1,1,1,0,0,7.8,0.0,57.4
2024-07-01,R15,3,2,3,0,1,15.5,0.0,38.0
2024-07-02,R15,2,2,2,0,0,18.9,0.0,69.5
2024-07-03,R15,2,2,2,0,0,14.9,0.0,54.8
2024-07-04,R15,2,2,2,0,0,14.5,0.0,53.3
2024-07-05,R15,1,2,1,0,0,12.9,0.4,94.9
2024-07-08,R15,3,2,3,0,1,21.2,0.0,52.0
2024-07-09,R15,3,2,3,0,1,16.5,0.0,40.4
2024-07-10,R15,2,2,2,0,0,13.6,0.0,50.0
2024-07-11,R15,2,2,2,0,0,21.0,0.0,77.2
2024-07-12,R15,2,2,2,0,0,14.9,0.0,54.8
2024-07-15,R15,2,2,2,0,0,18.4,0.0,67.6
2024-07-16,R15,2,2,2,0,0,21.4,0.0,78.7
2024-07-17,R15,2,1,2,0,1,10.5,0.0,38.6
2024-07-18,R15,2,2,2,0,0,16.0,0.0,58.8
2024-07-19,R15,2,2,2,0,0,12.9,0.0,47.4
2024-07-22,R15,3,2,3,0,1,15.9,0.0,39.0
2024-07-23,R15,2,1,2,0,1,8.9,0.0,32.7
2024-07-24,R15,1,2,1,1,0,24.5,0.0,90.1
2024-07-25,R15,2,2,2,0,0,15.2,0.0,55.9
2024-07-26,R15,2,2,2,0,0,21.0,0.0,77.2
2024-07-29,R15,3,1,3,0,2,10.7,0.0,26.2
2024-07-30,R15,1,1,1,0,0,12.3,0.0,90.4
2024-07-31,R15,1,2,1,0,0,13.8,1.3,100.0
2024-08-01,R15,2,1,2,0,1,5.7,0.0,25.7
2024-08-02,R15,2,2,2,0,0,12.9,0.0,47.4
2024-08-05,R15,3,1,3,0,2,11.1,0.0,27.2
2024-08-06,R15,1,1,1,0,0,9.0,0.0,66.2
2024-08-07,R15,2,1,2,0,1,9.0,0.0,33.1
2024-08-08,R15,1,1,1,0,0,5.3,0.0,39.0
2024-08-09,R15,1,1,1,0,0,10.4,0.0,76.5
2024-08-12,R15,1,1,1,0,0,11.7,0.0,86.0
2024-08-13,R15,1,2,1,0,0,15.4,2.9,100.0
2024-08-14,R15,2,1,2,0,1,6.0,0.0,32.7
2024-08-15,R15,1,1,1,0,0,12.4,0.0,91.2
2024-08-16,R15,1,1,1,0,0,5.7,0.0,41.9
2024-08-19,R15,2,2,2,0,0,18.6,0.0,68.4
2024-08-20,R15,2,2,2,0,0,14.9,0.0,54.8
2024-08-21,R15,1,2,1,0,0,14.7,2.2,100.0
2024-08-22,R15,1,2,1,1,0,15.5,0.0,65.0
2024-08-23,R15,1,1,1,0,0,7.3,0.0,53.7
2024-08-26,R15,2,2,2,0,0,15.3,0.0,56.2
2024-08-27,R15,2,2,2,0,0,13.3,0.0,48.9
2024-08-28,R15,1,2,1,1,0,19.1,0.0,70.2
2024-08-29,R15,2,1,2,0,1,10.1,0.0,37.1
2024-08-30,R15,1,2,1,0,0,14.3,1.8,100.0
2024-09-02,R15,2,2,2,0,0,18.5,0.0,68.0
2024-09-03,R15,1,2,1,0,0,13.7,1.2,100.0
2024-09-04,R15,1,1,1,0,0,9.0,0.0,74.9
2024-09-05,R15,2,2,2,0,0,16.4,0.0,60.3
2024-09-06,R15,1,2,1,0,0,16.6,4.1,100.0
2024-09-09,R15,2,3,2,1,0,28.1,0.0,68.9
2024-09-10,R15,2,2,2,0,0,24.1,0.0,88.6
2024-09-11,R15,1,2,1,1,0,17.8,0.0,65.4
2024-09-12,R15,1,2,1,1,0,19.6,0.0,72.1
2024-09-13,R15,1,2,1,0,0,12.9,0.4,94.9
2024-09-16,R15,3,2,3,0,1,16.6,0.0,40.7
2024-09-17,R15,2,2,2,0,0,22.5,0.0,82.7
2024-09-18,R15,2,2,2,0,0,24.4,0.0,89.7
2024-09-19,R15,1,2,1,0,0,15.1,2.6,100.0
2024-09-20,R15,2,1,2,0,1,9.1,0.0,43.0
2024-09-23,R15,2,2,2,0,0,19.8,0.0,72.8
2024-09-24,R15,2,2,2,0,0,19.1,0.0,70.2
2024-09-25,R15,2,2,2,0,0,23.2,0.0,85.3
2024-09-26,R15,3,2,3,0,1,18.8,0.0,46.1
2024-09-27,R15,1,2,1,0,0,13.4,0.9,98.5
2024-09-30,R15,3,2,3,0,1,16.9,0.0,41.4
2024-10-01,R15,2,2,2,0,0,12.6,0.0,46.3
2024-10-02,R15,2,2,2,0,0,21.1,0.0,77.6
2024-10-04,R15,2,1,2,0,1,8.1,0.0,29.8
2024-10-07,R15,2,2,2,0,0,20.8,0.0,76.5
2024-10-08,R15,3,2,3,0,1,21.6,0.0,52.9
2024-10-09,R15,2,2,2,0,0,21.2,0.0,77.9
2024-10-10,R15,2,2,2,0,0,19.2,0.0,70.6
2024-10-11,R15,1,2,1,0,0,13.0,0.5,95.6
2024-10-14,R15,2,2,2,0,0,22.4,0.0,82.4
2024-10-15,R15,2,1,2,0,1,12.5,0.0,46.0
2024-10-16,R15,2,2,2,0,0,21.0,0.0,77.2
2024-10-17,R15,2,2,2,0,0,18.1,0.0,66.5
2024-10-18,R15,2,2,2,0,0,20.9,0.0,76.8
2024-10-21,R15,2,2,2,0,0,22.1,0.0,81.2
2024-10-22,R15,1,2,1,0,0,13.0,0.5,95.6
2024-10-23,R15,2,3,2,0,0,27.4,2.9,100.0
2024-10-24,R15,2,2,2,0,0,17.4,0.0,74.5
2024-10-25,R15,1,2,1,0,0,12.8,0.3,94.1
2024-10-28,R15,2,2,2,0,0,22.3,0.0,82.0
2024-10-29,R15,2,2,2,0,0,16.5,0.0,60.7
2024-10-30,R15,3,3,3,0,0,29.9,0.0,73.3
2024-10-31,R15,2,2,2,0,0,22.7,0.0,83.5
2024-11-04,R15,3,2,3,0,1,23.3,0.0,57.1
2024-11-05,R15,2,2,2,0,0,17.4,0.0,64.0
2024-11-06,R15,3,1,3,0,2,9.3,0.0,22.8
2024-11-07,R15,2,2,2,0,0,18.0,0.0,66.2
2024-11-08,R15,2,2,2,0,0,13.2,0.0,48.5
2024-11-11,R15,2,3,2,0,0,29.4,4.4,100.0
2024-11-12,R15,2,2,2,0,0,19.2,0.0,86.7
2024-11-13,R15,2,1,2,0,1,12.0,0.0,44.1
2024-11-14,R15,2,1,2,0,1,9.2,0.0,33.8
2024-11-15,R15,2,3,2,0,0,31.7,6.7,100.0
2024-11-18,R15,3,3,3,0,0,22.3,0.0,54.7
2024-11-19,R15,2,2,2,0,0,19.8,0.0,72.8
2024-11-20,R15,1,2,1,0,0,16.4,3.9,100.0
2024-11-21,R15,2,2,2,0,0,18.1,0.0,80.8
2024-11-22,R15,2,2,2,0,0,12.8,0.0,47.1
2024-11-25,R15,3,3,3,0,0,34.3,0.0,84.1
2024-11-26,R15,2,1,2,0,1,12.2,0.0,44.9
2024-11-27,R15,2,2,2,0,0,17.1,0.0,62.9
2024-11-28,R15,1,1,1,0,0,10.9,0.0,80.1
2024-11-29,R15,2,2,2,0,0,17.3,0.0,63.6
2024-12-02,R15,4,2,4,0,2,19.5,0.0,35.8
2024-12-03,R15,1,2,1,1,0,21.6,0.0,79.4
2024-12-04,R15,2,2,2,0,0,17.7,0.0,65.1
2024-12-05,R15,1,3,1,0,0,25.3,12.8,100.0
2024-12-06,R15,2,2,2,0,0,10.8,0.0,86.7
2024-12-09,R15,2,3,2,0,0,28.5,3.5,100.0
2024-12-10,R15,2,2,2,0,0,18.3,0.0,80.1
2024-12-11,R15,2,2,2,0,0,15.0,0.0,55.1
2024-12-12,R15,2,2,2,0,0,12.9,0.0,47.4
2024-12-13,R15,2,2,2,0,0,12.7,0.0,46.7
2024-12-16,R15,3,2,3,0,1,23.8,0.0,58.3
2024-12-17,R15,2,2,2,0,0,17.7,0.0,65.1
2024-12-18,R15,2,2,2,0,0,22.3,0.0,82.0
2024-12-19,R15,3,1,3,0,2,9.9,0.0,24.3
2024-12-20,R15,2,2,2,0,0,12.8,0.0,47.1
2024-12-23,R15,3,1,3,0,2,11.3,0.0,27.7
2024-12-24,R15,1,2,1,0,0,13.9,1.4,100.0
2024-12-27,R15,2,1,2,0,1,6.0,0.0,22.1
2024-12-30,R15,1,1,1,0,0,8.5,0.0,62.5
2024-12-31,R15,1,1,1,0,0,8.5,0.0,62.5
2025-01-02,R15,1,1,1,0,0,5.4,0.0,39.7
2025-01-03,R15,1,1,1,0,0,10.0,0.0,73.5
2025-01-07,R15,1,2,1,0,0,16.9,4.4,100.0
2025-01-08,R15,1,2,1,0,0,16.9,8.8,100.0
2025-01-09,R15,2,2,2,0,0,14.2,0.0,84.5
2025-01-10,R15,1,2,1,0,0,14.5,2.0,100.0
2025-01-13,R15,2,2,2,0,0,13.8,0.0,50.7
2025-01-14,R15,2,2,2,0,0,14.2,0.0,52.2
2025-01-15,R15,2,2,2,0,0,13.5,0.0,49.6
2025-01-16,R15,2,2,2,0,0,20.7,0.0,76.1
2025-01-17,R15,2,1,2,0,1,8.3,0.0,30.5
2025-01-20,R15,3,2,3,0,1,19.7,0.0,48.3
2025-01-21,R15,2,2,2,0,0,15.2,0.0,55.9
2025-01-22,R15,2,2,2,0,0,16.1,0.0,59.2
2025-01-23,R15,2,2,2,0,0,20.2,0.0,74.3
2025-01-24,R15,1,2,1,0,0,13.2,0.7,97.1
2025-01-27,R15,2,2,2,0,0,23.8,0.0,87.5
2025-01-28,R15,2,2,2,0,0,16.0,0.0,58.8
2025-01-29,R15,2,2,2,0,0,24.6,0.0,90.4
2025-01-30,R15,2,2,2,0,0,14.6,0.0,53.7
2025-01-31,R15,2,2,2,0,0,17.6,0.0,64.7
2025-02-03,R15,3,2,3,0,1,14.1,0.0,34.6
2025-02-04,R15,2,2,2,0,0,19.5,0.0,71.7
2025-02-05,R15,2,2,2,0,0,21.1,0.0,77.6
2025-02-06,R15,2,2,2,0,0,17.5,0.0,64.3
2025-02-07,R15,2,1,2,0,1,11.9,0.0,43.7
2025-02-10,R15,3,3,3,0,0,26.4,0.0,64.7
2025-02-11,R15,2,2,2,0,0,14.2,0.0,52.2
2025-02-12,R15,2,2,2,0,0,20.7,0.0,76.1
2025-02-13,R15,3,2,3,0,1,18.3,0.0,44.9
2025-02-14,R15,1,1,1,0,0,10.3,0.0,75.7
2025-02-17,R15,2,2,2,0,0,24.9,0.0,91.5
2025-02-18,R15,1,2,1,0,0,15.0,2.5,100.0
2025-02-19,R15,3,2,3,0,1,17.6,0.0,49.2
2025-02-20,R15,2,2,2,0,0,15.5,0.0,57.0
2025-02-21,R15,0,2,0,1,0,16.7,4.2,100.0
2025-02-24,R15,2,3,2,0,0,22.2,1.4,81.6
2025-02-25,R15,2,2,2,0,0,14.0,0.0,56.5
2025-02-26,R15,2,1,2,0,1,11.5,0.0,42.3
2025-02-27,R15,2,1,2,0,1,8.6,0.0,31.6
2025-02-28,R15,1,2,1,0,0,15.7,3.2,100.0
2025-03-03,R15,3,3,3,0,0,25.1,0.0,61.5
2025-03-04,R15,2,2,2,0,0,18.6,0.0,68.4
2025-03-05,R15,2,2,2,0,0,20.8,0.0,76.5
2025-03-06,R15,2,2,2,0,0,14.9,0.0,54.8
2025-03-07,R15,1,2,1,0,0,14.4,1.9,100.0
2025-03-10,R15,4,3,4,0,1,26.2,0.0,48.2
2025-03-11,R15,2,2,2,0,0,15.9,0.0,58.5
2025-03-12,R15,2,2,2,0,0,14.0,0.0,51.5
2025-03-13,R15,2,2,2,0,0,19.1,0.0,70.2
2025-03-14,R15,1,2,1,0,0,12.9,0.4,94.9
2025-03-17,R15,3,2,3,0,1,17.8,0.0,43.6
2025-03-18,R15,2,1,2,0,1,12.2,0.0,44.9
2025-03-19,R15,2,2,2,0,0,24.8,0.0,91.2
2025-03-20,R15,2,2,2,0,0,16.0,0.0,58.8
2025-03-21,R15,1,1,1,0,0,9.2,0.0,67.6
2025-03-24,R15,3,2,3,0,1,20.7,0.0,50.7
2025-03-25,R15,2,2,2,0,0,16.6,0.0,61.0
2025-03-26,R15,2,2,2,0,0,19.8,0.0,72.8
2025-03-27,R15,2,2,2,0,0,21.2,0.0,77.9
2025-03-28,R15,1,1,1,0,0,10.9,0.0,80.1
2025-03-31,R15,2,2,2,0,0,24.2,0.0,89.0
2025-04-01,R15,2,2,2,0,0,12.7,0.0,46.7
2025-04-02,R15,1,2,1,1,0,21.8,0.0,80.1
2025-04-03,R15,2,2,2,0,0,18.5,0.0,68.0
2025-04-04,R15,1,2,1,1,0,19.2,0.0,70.6
2025-04-07,R15,2,2,2,0,0,15.5,0.0,57.0
2025-04-08,R15,2,2,2,0,0,14.8,0.0,54.4
2025-04-09,R15,2,2,2,0,0,13.3,0.0,48.9
2025-04-10,R15,3,1,3,0,2,11.4,0.0,27.9
2025-04-11,R15,1,1,1,0,0,12.4,0.0,91.2
2025-04-14,R15,2,2,2,0,0,18.7,0.0,68.7
2025-04-15,R15,2,2,2,0,0,19.3,0.0,71.0
2025-04-16,R15,2,2,2,0,0,23.5,0.0,86.4
2025-04-17,R15,1,2,1,0,0,17.3,4.8,100.0
2025-04-22,R15,2,3,2,1,0,25.5,0.0,62.5
2025-04-23,R15,2,1,2,0,1,11.5,0.0,42.3
2025-04-24,R15,2,2,2,0,0,20.1,0.0,73.9
2025-04-25,R15,1,2,1,0,0,14.3,1.8,100.0
2025-04-28,R15,2,2,2,0,0,22.2,0.0,81.6
2025-04-29,R15,2,1,2,0,1,10.9,0.0,40.1
2025-04-30,R15,1,3,1,0,0,27.6,15.1,100.0
2025-05-02,R15,1,3,1,1,0,13.0,3.1,47.8
2025-05-05,R15,2,2,2,0,0,21.0,0.0,77.2
2025-05-06,R15,2,2,2,0,0,18.1,0.0,66.5
2025-05-07,R15,2,2,2,0,0,14.9,0.0,54.8
2025-05-08,R15,2,1,2,0,1,9.6,0.0,35.3
2025-05-09,R15,2,2,2,0,0,12.9,0.0,47.4
2025-05-12,R15,2,2,2,0,0,17.9,0.0,65.8
2025-05-13,R15,2,2,2,0,0,21.1,0.0,77.6
2025-05-14,R15,2,2,2,0,0,22.1,0.0,81.2
2025-05-15,R15,2,2,2,0,0,16.1,0.0,59.2
2025-05-16,R15,3,1,3,0,2,12.5,0.0,30.6
2025-05-19,R15,2,2,2,0,0,23.8,0.0,87.5
2025-05-20,R15,2,2,2,0,0,14.3,0.0,52.6
2025-05-21,R15,2,2,2,0,0,16.9,0.0,62.1
2025-05-22,R15,1,1,1,0,0,11.8,0.0,86.8
2025-05-23,R15,1,2,1,0,0,23.6,11.1,100.0
2025-05-26,R15,3,4,3,0,0,27.7,1.3,67.9
2025-05-27,R15,3,2,3,0,1,17.8,0.0,46.7
2025-05-28,R15,2,2,2,0,0,22.7,0.0,83.5
2025-05-30,R15,2,1,2,0,1,11.7,0.0,43.0
2025-06-02,R15,3,3,3,0,0,26.6,0.0,65.2
2025-06-03,R15,2,2,2,0,0,16.7,0.0,61.4
2025-06-04,R15,3,2,3,0,1,19.5,0.0,47.8
2025-06-05,R15,2,1,2,0,1,12.0,0.0,44.1
2025-06-06,R15,1,2,1,1,0,17.9,0.0,65.8
2025-06-10,R15,3,2,3,0,1,16.9,0.0,41.4
2025-06-11,R15,2,2,2,0,0,21.9,0.0,80.5
2025-06-12,R15,2,2,2,0,0,17.6,0.0,64.7
2025-06-13,R15,1,2,1,0,0,14.1,1.6,100.0
2025-06-16,R15,3,3,3,0,0,34.7,0.0,85.0
2025-06-17,R15,1,2,1,0,0,18.7,6.2,100.0
2025-06-18,R15,2,3,2,0,0,20.8,2.0,99.2
2025-06-20,R15,1,1,1,0,0,7.5,0.0,55.1
2025-06-23,R15,3,2,3,0,1,18.3,0.0,44.9
2025-06-24,R15,2,2,2,0,0,14.7,0.0,54.0
2025-06-25,R15,3,2,3,0,1,17.6,0.0,43.1
2025-06-26,R15,2,2,2,0,0,17.2,0.0,63.2
2025-06-27,R15,1,1,1,0,0,10.4,0.0,76.5
2025-06-30,R15,2,2,2,0,0,21.2,0.0,77.9
2025-07-01,R15,1,1,1,0,0,10.7,0.0,78.7
2025-07-02,R15,3,2,3,0,1,15.5,0.0,38.0
2025-07-03,R15,2,2,2,0,0,21.6,0.0,79.4
2025-07-04,R15,1,1,1,0,0,10.9,0.0,80.1
2025-07-07,R15,2,2,2,0,0,17.9,0.0,65.8
2025-07-08,R15,2,2,2,0,0,15.1,0.0,55.5
2025-07-09,R15,2,2,2,0,0,13.2,0.0,48.5
2025-07-10,R15,2,2,2,0,0,19.4,0.0,71.3
2025-07-11,R15,1,2,1,0,0,14.2,1.7,100.0
2025-07-14,R15,2,2,2,0,0,13.7,0.0,50.4
2025-07-15,R15,2,1,2,0,1,12.2,0.0,44.9
2025-07-16,R15,2,1,2,0,1,12.1,0.0,44.5
2025-07-17,R15,2,3,2,0,0,26.1,1.1,96.0
2025-07-18,R15,1,2,1,1,0,16.6,0.0,65.0
2025-07-21,R15,2,1,2,0,1,10.6,0.0,39.0
2025-07-22,R15,1,2,1,0,0,13.7,1.2,100.0
2025-07-23,R15,2,1,2,0,1,9.6,0.0,39.7
2025-07-24,R15,3,2,3,0,1,17.5,0.0,42.9
2025-07-25,R15,2,1,2,0,1,11.2,0.0,41.2
2025-07-28,R15,2,2,2,0,0,19.4,0.0,71.3
2025-07-29,R15,2,2,2,0,0,18.0,0.0,66.2
2025-07-30,R15,2,2,2,0,0,17.0,0.0,62.5
2025-07-31,R15,2,1,2,0,1,9.2,0.0,33.8
2025-08-01,R15,2,1,2,0,1,6.2,0.0,22.8
2025-08-04,R15,2,2,2,0,0,14.6,0.0,53.7
2025-08-05,R15,1,1,1,0,0,7.6,0.0,55.9
2025-08-06,R15,1,2,1,0,0,13.5,1.0,99.3
2025-08-07,R15,2,1,2,0,1,6.6,0.0,27.9
2025-08-08,R15,1,1,1,0,0,8.5,0.0,62.5
2025-08-11,R15,2,1,2,0,1,11.3,0.0,41.5
2025-08-12,R15,2,1,2,0,1,10.0,0.0,36.8
2025-08-13,R15,1,1,1,0,0,5.5,0.0,40.4
2025-08-14,R15,1,1,1,0,0,10.3,0.0,75.7
2025-08-15,R15,1,1,1,0,0,9.7,0.0,71.3
2025-08-18,R15,1,1,1,0,0,7.6,0.0,55.9
2025-08-19,R15,2,1,2,0,1,7.4,0.0,27.2
2025-08-20,R15,1,1,1,0,0,10.0,0.0,73.5
2025-08-21,R15,2,1,2,0,1,8.2,0.0,30.1
2025-08-22,R15,1,1,1,0,0,7.8,0.0,57.4
2025-08-25,R15,2,2,2,0,0,18.6,0.0,68.4
2025-08-26,R15,2,1,2,0,1,12.2,0.0,44.9
2025-08-27,R15,2,1,2,0,1,12.3,0.0,45.2
2025-08-28,R15,1,2,1,0,0,14.6,2.1,100.0
2025-08-29,R15,1,1,1,0,0,8.4,0.0,77.1
2025-09-01,R15,2,2,2,0,0,17.5,0.0,64.3
2025-09-02,R15,2,1,2,0,1,11.7,0.0,43.0
2025-09-03,R15,1,2,1,0,0,14.6,2.1,100.0
2025-09-04,R15,1,1,1,0,0,9.7,0.0,86.7
2025-09-05,R15,0,1,0,1,0,11.2,0.0,82.4
2025-09-08,R15,3,2,3,0,1,17.6,0.0,43.1
2025-09-09,R15,1,1,1,0,0,11.4,0.0,83.8
2025-09-10,R15,2,1,2,0,1,11.9,0.0,43.7
2025-09-11,R15,1,2,1,0,0,15.5,3.0,100.0
2025-09-12,R15,1,2,1,0,0,13.0,3.5,100.0
2025-09-15,R15,2,3,2,0,0,22.2,0.7,81.6
2025-09-16,R15,1,2,1,1,0,17.3,0.0,66.0
2025-09-17,R15,2,2,2,0,0,19.7,0.0,72.4
2025-09-18,R15,2,2,2,0,0,15.9,0.0,58.5
2025-09-19,R15,1,2,1,1,0,17.8,0.0,65.4
2025-09-22,R15,3,2,3,0,1,19.8,0.0,48.5
2025-09-23,R15,2,2,2,0,0,23.0,0.0,84.6
2025-09-24,R15,1,2,1,1,0,19.7,0.0,72.4
2025-09-25,R15,2,2,2,0,0,18.9,0.0,69.5
2025-09-26,R15,2,1,2,0,1,8.7,0.0,32.0
2025-09-29,R15,2,2,2,0,0,15.2,0.0,55.9
2025-09-30,R15,2,2,2,0,0,23.1,0.0,84.9
2025-10-01,R15,2,1,2,0,1,11.4,0.0,41.9
2025-10-02,R15,2,3,2,0,0,27.1,2.1,99.6
2025-10-06,R15,3,2,3,0,1,18.2,0.0,44.6
2025-10-07,R15,2,2,2,0,0,17.2,0.0,63.2
2025-10-08,R15,1,2,1,1,0,22.3,0.0,82.0
2025-10-09,R15,4,2,4,0,2,17.6,0.0,32.4
2025-10-10,R15,1,2,1,0,0,14.0,1.5,100.0
2025-10-13,R15,2,2,2,0,0,18.1,0.0,66.5
2025-10-14,R15,1,2,1,0,0,13.9,1.4,100.0
2025-10-15,R15,2,2,2,0,0,15.1,0.0,60.6
2025-10-16,R15,2,2,2,0,0,15.3,0.0,56.2
2025-10-17,R15,2,1,2,0,1,6.2,0.0,22.8
2025-10-20,R15,3,2,3,0,1,16.2,0.0,39.7
2025-10-21,R15,2,2,2,0,0,16.2,0.0,59.6
2025-10-22,R15,2,2,2,0,0,24.9,0.0,91.5
2025-10-23,R15,2,2,2,0,0,16.5,0.0,60.7
2025-10-24,R15,1,1,1,0,0,9.7,0.0,71.3
2025-10-27,R15,2,2,2,0,0,16.7,0.0,61.4
2025-10-28,R15,3,2,3,0,1,16.3,0.0,40.0
2025-10-29,R15,2,2,2,0,0,18.6,0.0,68.4
2025-10-30,R15,2,2,2,0,0,16.7,0.0,61.4
2025-10-31,R15,1,2,1,1,0,19.2,0.0,70.6
2025-11-03,R15,2,2,2,0,0,18.4,0.0,67.6
2025-11-04,R15,2,2,2,0,0,17.6,0.0,64.7
2025-11-05,R15,1,2,1,0,0,16.1,3.6,100.0
2025-11-06,R15,2,2,2,0,0,19.7,0.0,85.6
2025-11-07,R15,2,2,2,0,0,20.6,0.0,75.7
2025-11-10,R15,3,2,3,0,1,19.8,0.0,48.5
2025-11-11,R15,2,2,2,0,0,15.4,0.0,56.6
2025-11-12,R15,2,2,2,0,0,13.4,0.0,49.3
2025-11-13,R15,2,2,2,0,0,14.4,0.0,52.9
2025-11-14,R15,1,2,1,0,0,21.0,8.5,100.0
2025-11-17,R15,2,2,2,0,0,15.5,0.0,57.0
2025-11-18,R15,2,1,2,0,1,11.8,0.0,43.4
2025-11-19,R15,1,2,1,0,0,19.3,6.8,100.0
2025-11-20,R15,2,3,2,0,0,20.8,2.6,100.0
2025-11-21,R15,2,1,2,0,1,7.7,0.0,37.7
2025-11-24,R15,2,2,2,0,0,19.2,0.0,70.6
2025-11-25,R15,1,2,1,0,0,13.7,1.2,100.0
2025-11-26,R15,1,2,1,0,0,16.0,4.7,100.0
2025-11-27,R15,3,2,3,0,1,13.7,0.0,45.0
2025-11-28,R15,1,1,1,0,0,9.6,0.0,70.6
2025-12-01,R15,2,3,2,0,0,29.5,4.5,100.0
2025-12-02,R15,2,3,2,0,0,24.9,4.4,100.0
2025-12-03,R15,3,2,3,0,1,12.3,0.0,40.8
2025-12-04,R15,3,1,3,0,2,12.2,0.0,29.9
2025-12-05,R15,1,1,1,0,0,12.4,0.0,91.2
2025-12-08,R15,3,2,3,0,1,13.1,0.0,32.1
2025-12-09,R15,2,2,2,0,0,16.4,0.0,60.3
2025-12-10,R15,2,1,2,0,1,12.3,0.0,45.2
2025-12-11,R15,2,1,2,0,1,11.4,0.0,41.9
2025-12-12,R15,1,1,1,0,0,10.6,0.0,77.9
2025-12-15,R15,3,2,3,0,1,19.9,0.0,48.8
2025-12-16,R15,3,2,3,0,1,15.9,0.0,39.0
2025-12-17,R15,1,2,1,0,0,15.9,3.4,100.0
2025-12-18,R15,1,1,1,0,0,7.1,0.0,77.1
2025-12-19,R15,1,1,1,0,0,6.8,0.0,50.0
2025-12-22,R15,2,1,2,0,1,6.9,0.0,25.4
2025-12-23,R15,2,1,2,0,1,5.4,0.0,19.9
2025-12-24,R15,1,1,1,0,0,5.7,0.0,41.9
2025-12-29,R15,1,1,1,0,0,9.6,0.0,70.6
2025-12-30,R15,1,1,1,0,0,3.6,0.0,26.5
2025-12-31,R15,1,1,1,0,0,5.1,0.0,37.5
2026-01-02,R15,1,1,1,0,0,1.9,0.0,14.0
2026-01-05,R15,1,1,1,0,0,7.8,0.0,57.4
2026-01-07,R15,1,1,1,0,0,11.5,0.0,84.6
2026-01-08,R15,2,1,2,0,1,8.4,0.0,30.9
2026-01-09,R15,1,1,1,0,0,7.3,0.0,53.7
2026-01-12,R15,2,1,2,0,1,7.1,0.0,26.1
2026-01-13,R15,2,2,2,0,0,14.2,0.0,52.2
2026-01-14,R15,1,2,1,0,0,23.1,10.6,100.0
2026-01-15,R15,1,2,1,1,0,10.4,0.0,77.2
2026-01-16,R15,1,1,1,0,0,11.7,0.0,86.0
2026-01-19,R15,1,2,1,1,0,17.7,0.0,65.1
2026-01-20,R15,2,2,2,0,0,13.4,0.0,49.3
2026-01-21,R15,2,2,2,0,0,16.9,0.0,62.1
2026-01-22,R15,2,1,2,0,1,11.5,0.0,42.3
2026-01-23,R15,1,2,1,0,0,16.7,4.2,100.0
2026-01-26,R15,3,2,3,0,1,15.5,0.0,38.0
2026-01-27,R15,2,2,2,0,0,13.5,0.0,49.6
2026-01-28,R15,2,2,2,0,0,19.5,0.0,71.7
2026-01-29,R15,1,1,1,0,0,11.5,0.0,84.6
2026-01-30,R15,1,1,1,0,0,12.0,0.0,88.2
2026-02-02,R15,2,2,2,0,0,20.2,0.0,74.3
2026-02-03,R15,2,1,2,0,1,11.3,0.0,41.5
2026-02-04,R15,2,2,2,0,0,20.4,0.0,75.0
2026-02-05,R15,2,2,2,0,0,17.2,0.0,63.2
2026-02-06,R15,1,1,1,0,0,6.9,0.0,50.7
2026-02-09,R15,2,2,2,0,0,17.3,0.0,63.6
2026-02-10,R15,1,2,1,0,0,13.2,0.7,97.1
2026-02-11,R15,2,2,2,0,0,12.0,0.0,46.6
2026-02-12,R15,2,2,2,0,0,16.0,0.0,58.8
2026-02-13,R15,1,1,1,0,0,11.7,0.0,86.0
2026-02-16,R15,2,2,2,0,0,19.3,0.0,71.0
2026-02-17,R15,3,2,3,0,1,13.1,0.0,32.1
2026-02-18,R15,1,1,1,0,0,8.8,0.0,64.7
2026-02-19,R15,2,1,2,0,1,9.4,0.0,34.6
2026-02-20,R15,1,1,1,0,0,12.3,0.0,90.4
2026-02-23,R15,2,2,2,0,0,15.6,0.0,57.4
2026-02-24,R15,2,2,2,0,0,19.1,0.0,70.2
2026-02-25,R15,1,1,1,0,0,11.3,0.0,83.1
2026-02-26,R15,2,2,2,0,0,16.1,0.0,59.2
2026-02-27,R15,1,1,1,0,0,12.1,0.0,89.0
2026-03-02,R15,3,2,3,0,1,22.5,0.0,55.1
2026-03-03,R15,2,2,2,0,0,16.1,0.0,59.2
2026-03-04,R15,2,2,2,0,0,13.7,0.0,50.4
2026-03-05,R15,2,1,2,0,1,9.6,0.0,35.3
2026-03-06,R15,1,2,1,0,0,15.6,3.1,100.0
2026-03-09,R15,3,2,3,0,1,17.7,0.0,43.4
2026-03-10,R15,2,2,2,0,0,15.9,0.0,58.5
2026-03-11,R15,2,1,2,0,1,7.6,0.0,27.9
2026-03-12,R15,1,1,1,0,0,12.3,0.0,90.4
2026-03-13,R15,2,1,2,0,1,10.0,0.0,36.8
2026-03-16,R15,2,2,2,0,0,19.4,0.0,71.3
2026-03-17,R15,2,2,2,0,0,20.7,0.0,76.1
2026-03-18,R15,1,2,1,0,0,13.2,0.7,97.1
2026-03-19,R15,1,2,1,1,0,17.5,0.0,66.9
2026-03-20,R15,1,1,1,0,0,11.0,0.0,80.9
2026-03-23,R15,2,2,2,0,0,13.7,0.0,50.4
2026-03-24,R15,2,2,2,0,0,18.8,0.0,69.1
2026-03-25,R15,2,2,2,0,0,12.7,0.0,46.7
2026-03-26,R15,1,2,1,0,0,14.3,1.8,100.0
2026-03-27,R15,1,2,1,0,0,12.7,2.0,100.0
2026-03-30,R15,2,2,2,0,0,21.5,0.0,79.0
2026-03-31,R15,1,2,1,0,0,14.1,1.6,100.0
2026-04-01,R15,3,2,3,0,1,15.2,0.0,41.1
2026-04-02,R15,2,2,2,0,0,19.6,0.0,72.1
2026-04-07,R15,2,2,2,0,0,16.1,0.0,59.2
2026-04-08,R15,2,2,2,0,0,15.5,0.0,57.0
2026-04-09,R15,2,2,2,0,0,14.2,0.0,52.2
2026-04-10,R15,1,1,1,0,0,8.6,0.0,63.2
2026-04-13,R15,3,2,3,0,1,23.2,0.0,56.9
2026-04-14,R15,2,1,2,0,1,11.5,0.0,42.3
2026-04-15,R15,1,2,1,0,0,13.0,0.5,95.6
2026-04-16,R15,2,2,2,0,0,14.9,0.0,56.6
2026-04-17,R15,1,1,1,0,0,10.2,0.0,75.0
2026-04-20,R15,3,2,3,0,1,15.7,0.0,38.5
2026-04-21,R15,2,2,2,0,0,14.6,0.0,53.7
2026-04-22,R15,1,2,1,1,0,22.5,0.0,82.7
2026-04-23,R15,3,1,3,0,2,9.3,0.0,22.8
2026-04-24,R15,1,2,1,0,0,14.4,1.9,100.0
2026-04-27,R15,3,2,3,0,1,19.0,0.0,46.6
2026-04-28,R15,2,2,2,0,0,22.7,0.0,83.5
2026-04-29,R15,3,2,3,0,1,21.9,0.0,53.7
2026-04-30,R15,1,2,1,0,0,17.3,4.8,100.0
2026-05-04,R15,2,2,2,0,0,14.3,0.0,52.6
2026-05-05,R15,1,1,1,0,0,11.7,0.0,86.0
2026-05-06,R15,2,2,2,0,0,21.6,0.0,79.4
2026-05-07,R15,2,1,2,0,1,11.5,0.0,42.3
2026-05-08,R15,2,2,2,0,0,13.1,0.0,48.2
2026-05-11,R15,3,1,3,0,2,11.9,0.0,29.2
2026-05-12,R15,1,2,1,0,0,15.6,3.1,100.0
2026-05-13,R15,2,2,2,0,0,21.7,0.0,91.1
2026-05-15,R15,0,2,0,0,0,13.8,13.8,0.0
2026-05-18,R15,2,3,2,0,0,18.9,7.7,69.5
2026-05-19,R15,2,2,2,0,0,15.4,0.0,84.8
2026-05-20,R15,2,2,2,0,0,16.7,0.0,61.4
2026-05-21,R15,1,2,1,0,0,17.4,4.9,100.0
2026-05-22,R15,1,2,1,1,0,14.9,0.0,72.8
2026-05-26,R15,2,2,2,0,0,12.8,0.0,47.1
2026-05-27,R15,3,1,3,0,2,10.3,0.0,25.2
2026-05-28,R15,2,2,2,0,0,18.8,0.0,69.1
2026-05-29,R15,1,2,1,0,0,14.1,1.6,100.0
2026-06-01,R15,3,3,3,0,0,25.8,0.0,63.2
2026-06-02,R15,1,2,1,1,0,20.5,0.0,75.4
2026-06-03,R15,1,2,1,1,0,22.0,0.0,80.9
2026-06-05,R15,2,1,2,0,1,10.5,0.0,38.6
2026-06-08,R15,4,2,4,0,2,16.9,0.0,31.1
2026-06-09,R15,2,1,2,0,1,11.2,0.0,41.2
2026-06-10,R15,2,2,2,0,0,24.2,0.0,89.0
2026-06-11,R15,2,2,2,0,0,14.1,0.0,51.8
2026-06-12,R15,1,2,1,0,0,16.0,3.5,100.0
2026-06-15,R15,3,2,3,0,1,18.5,0.0,45.3
2026-06-16,R15,1,2,1,0,0,15.9,3.4,100.0
2026-06-17,R15,2,3,2,0,0,24.6,3.0,100.0
2026-06-18,R15,2,2,2,0,0,12.7,0.0,57.6
2026-06-19,R15,1,1,1,0,0,11.8,0.0,86.8
2026-06-22,R15,2,2,2,0,0,16.8,0.0,61.8
2026-06-23,R15,1,1,1,0,0,11.4,0.0,83.8
2026-06-24,R15,3,2,3,0,1,13.3,0.0,32.6
2026-06-25,R15,2,2,2,0,0,19.3,0.0,71.0
2026-06-26,R15,1,2,1,0,0,15.9,3.4,100.0
2026-06-29,R15,3,3,3,0,0,28.0,0.0,68.6
2026-06-30,R15,1,2,1,0,0,13.0,0.5,95.6
2026-07-01,R15,3,2,3,0,1,18.0,0.0,45.3
2026-07-02,R15,2,2,2,0,0,13.0,0.0,47.8
2026-07-03,R15,2,2,2,0,0,13.5,0.0,49.6
2026-07-06,R15,3,2,3,0,1,21.2,0.0,52.0
2026-07-07,R15,1,2,1,0,0,19.8,7.3,100.0
2026-07-08,R15,2,2,2,0,0,13.7,0.0,77.2
2026-07-09,R15,2,1,2,0,1,12.3,0.0,45.2
2026-07-10,R15,1,1,1,0,0,8.3,0.0,61.0
2026-07-13,R15,2,2,2,0,0,22.4,0.0,82.4
2026-07-14,R15,2,1,2,0,1,11.0,0.0,40.4
2026-07-15,R15,1,2,1,0,0,14.8,2.3,100.0
2026-07-16,R15,1,3,1,1,0,23.6,0.9,95.2
2026-07-17,R15,1,2,1,0,0,15.1,3.5,100.0
2026-07-20,R15,2,2,2,0,0,16.5,0.0,60.7
2026-07-21,R15,1,2,1,0,0,17.5,5.0,100.0
2026-07-22,R15,1,2,1,0,0,10.9,3.4,100.0
2026-07-23,R15,1,3,1,1,0,23.4,1.8,98.4
2026-07-24,R15,1,2,1,0,0,12.4,1.6,100.0
2026-07-27,R15,2,2,2,0,0,22.3,0.0,82.0
2026-07-28,R15,2,1,2,0,1,6.8,0.0,25.0
2026-07-29,R15,2,2,2,0,0,14.0,0.0,51.5
2026-07-30,R15,2,1,2,0,1,10.7,0.0,39.3
2026-07-31,R15,2,1,2,0,1,7.9,0.0,29.0
2026-08-03,R15,3,1,3,0,2,10.6,0.0,26.0
2026-08-04,R15,1,1,1,0,0,5.1,0.0,37.5
2026-08-05,R15,2,1,2,0,1,11.1,0.0,40.8
2026-08-06,R15,2,1,2,0,1,12.2,0.0,44.9
2026-08-07,R15,1,1,1,0,0,4.5,0.0,33.1
2026-08-10,R15,2,2,2,0,0,15.8,0.0,58.1
2026-08-11,R15,1,1,1,0,0,10.2,0.0,75.0
2026-08-12,R15,1,1,1,0,0,5.9,0.0,43.4
2026-08-13,R15,1,1,1,0,0,10.3,0.0,75.7
2026-08-14,R15,1,1,1,0,0,6.6,0.0,48.5
2026-08-17,R15,2,1,2,0,1,8.0,0.0,29.4
2026-08-18,R15,1,1,1,0,0,9.8,0.0,72.1
2026-08-19,R15,1,1,1,0,0,4.0,0.0,29.4
2026-08-20,R15,1,1,1,0,0,9.2,0.0,67.6
2026-08-21,R15,1,1,1,0,0,10.1,0.0,74.3
2026-08-24,R15,3,2,3,0,1,19.0,0.0,46.6
2026-08-25,R15,1,2,1,0,0,13.8,1.3,100.0
2026-08-26,R15,1,2,1,0,0,21.9,10.7,100.0
2026-08-27,R15,1,2,1,0,0,13.1,11.3,100.0
2026-08-28,R15,1,2,1,1,0,11.9,0.0,85.2
2026-08-31,R15,2,3,2,0,0,25.3,0.3,93.0
2024-01-02,R16,2,2,2,0,0,20.0,0.0,73.5
2024-01-03,R16,3,2,3,0,1,14.5,0.0,35.5
2024-01-04,R16,3,3,3,0,0,26.0,0.0,63.7
2024-01-05,R16,0,2,0,2,0,18.5,0.0,68.0
2024-01-08,R16,2,2,2,0,0,21.2,0.0,77.9
2024-01-09,R16,2,3,2,1,0,31.7,0.0,77.7
2024-01-10,R16,2,2,2,0,0,22.6,0.0,83.1
2024-01-11,R16,2,3,2,1,0,30.2,0.0,74.0
2024-01-12,R16,1,2,1,1,0,18.0,0.0,66.2
2024-01-15,R16,3,3,3,0,0,29.2,0.0,71.6
2024-01-16,R16,3,2,3,0,1,19.4,0.0,47.5
2024-01-17,R16,2,2,2,0,0,12.9,0.0,47.4
2024-01-18,R16,2,2,2,0,0,20.5,0.0,75.4
2024-01-19,R16,2,2,2,0,0,18.9,0.0,69.5
2024-01-22,R16,4,2,4,0,2,20.9,0.0,38.4
2024-01-23,R16,3,3,3,0,0,32.8,0.0,80.4
2024-01-24,R16,2,2,2,0,0,19.4,0.0,71.3
2024-01-25,R16,3,3,3,0,0,33.1,0.0,81.1
2024-01-26,R16,1,2,1,1,0,19.6,0.0,72.1
2024-01-29,R16,2,2,2,0,0,18.1,0.0,66.5
2024-01-30,R16,3,3,3,0,0,26.6,0.0,65.2
2024-01-31,R16,1,2,1,0,0,16.6,4.1,100.0
2024-02-01,R16,3,4,3,0,0,34.0,0.6,93.4
2024-02-02,R16,1,1,1,0,0,9.6,0.0,74.6
2024-02-05,R16,2,2,2,0,0,19.7,0.0,72.4
2024-02-06,R16,3,3,3,0,0,28.4,0.0,69.6
2024-02-07,R16,2,2,2,0,0,22.5,0.0,82.7
2024-02-08,R16,4,3,4,0,1,33.4,0.0,61.4
2024-02-09,R16,1,1,1,0,0,11.8,0.0,86.8
2024-02-12,R16,3,2,3,0,1,20.0,0.0,49.0
2024-02-13,R16,2,3,2,0,0,31.6,6.6,100.0
2024-02-14,R16,2,2,2,0,0,17.0,0.0,86.7
2024-02-15,R16,3,2,3,0,1,17.8,0.0,43.6
2024-02-16,R16,1,2,1,0,0,15.1,2.6,100.0
2024-02-19,R16,2,2,2,0,0,18.7,0.0,68.8
2024-02-20,R16,3,2,3,0,1,24.1,0.0,59.1
2024-02-21,R16,2,2,2,0,0,22.2,0.0,81.6
2024-02-22,R16,2,3,2,1,0,33.7,0.0,82.6
2024-02-23,R16,2,2,2,0,0,13.9,0.0,51.1
2024-02-26,R16,2,2,2,0,0,23.8,0.0,87.5
2024-02-27,R16,2,4,2,1,0,38.8,1.3,95.1
2024-02-28,R16,2,2,2,0,0,18.0,0.0,70.8
2024-02-29,R16,3,3,3,0,0,29.1,0.0,71.3
2024-03-01,R16,2,2,2,0,0,14.2,0.0,52.2
2024-03-04,R16,3,3,3,0,0,25.6,0.0,62.7
2024-03-05,R16,3,4,3,0,0,41.8,4.3,100.0
2024-03-06,R16,2,2,2,0,0,20.7,0.0,91.8
2024-03-07,R16,2,3,2,0,0,29.0,4.0,100.0
2024-03-08,R16,2,2,2,0,0,16.6,0.0,75.6
2024-03-11,R16,3,2,3,0,1,23.4,0.0,57.4
2024-03-12,R16,4,3,4,0,1,31.9,0.0,58.6
2024-03-13,R16,2,2,2,0,0,17.5,0.0,64.3
2024-03-14,R16,3,3,3,0,0,33.8,0.0,82.8
2024-03-15,R16,1,2,1,0,0,13.1,0.6,96.3
2024-03-18,R16,3,2,3,0,1,19.4,0.0,47.5
2024-03-19,R16,3,3,3,0,0,36.2,0.0,88.7
2024-03-20,R16,2,2,2,0,0,22.3,0.0,82.0
2024-03-21,R16,3,3,3,0,0,26.5,0.0,65.0
2024-03-22,R16,1,1,1,0,0,11.8,0.0,86.8
2024-03-25,R16,2,2,2,0,0,17.3,0.0,63.6
2024-03-26,R16,3,3,3,0,0,26.7,0.0,65.4
2024-03-27,R16,2,2,2,0,0,12.6,0.0,46.3
2024-03-28,R16,2,3,2,0,0,26.7,1.7,98.2
2024-04-02,R16,3,3,3,0,0,35.4,0.0,86.8
2024-04-03,R16,2,2,2,0,0,19.1,0.0,70.2
2024-04-04,R16,3,3,3,0,0,34.2,0.0,83.8
2024-04-05,R16,1,2,1,0,0,16.2,3.7,100.0
2024-04-08,R16,3,3,3,0,0,26.2,0.0,64.2
2024-04-09,R16,2,3,2,1,0,30.5,0.0,74.8
2024-04-10,R16,2,2,2,0,0,14.3,0.0,52.6
2024-04-11,R16,3,4,3,1,0,44.6,0.0,82.0
2024-04-12,R16,2,2,2,0,0,19.5,0.0,71.7
2024-04-15,R16,4,2,4,0,2,18.8,0.0,34.6
2024-04-16,R16,3,3,3,0,0,36.7,0.0,90.0
2024-04-17,R16,2,2,2,0,0,19.1,0.0,70.2
2024-04-18,R16,4,2,4,0,2,24.2,0.0,44.5
2024-04-19,R16,2,2,2,0,0,14.8,0.0,54.4
2024-04-22,R16,2,2,2,0,0,24.4,0.0,89.7
2024-04-23,R16,2,3,2,1,0,31.6,0.0,77.5
2024-04-24,R16,2,2,2,0,0,22.9,0.0,84.2
2024-04-25,R16,3,3,3,0,0,32.9,0.0,80.6
2024-04-26,R16,1,2,1,0,0,13.8,1.3,100.0
2024-04-29,R16,2,3,2,0,0,25.6,1.9,94.1
2024-04-30,R16,3,4,3,1,0,46.0,0.0,88.0
2024-05-02,R16,2,3,2,0,0,26.5,1.5,97.4
2024-05-03,R16,2,2,2,0,0,16.4,0.0,65.7
2024-05-06,R16,4,3,4,0,1,26.3,0.0,48.3
2024-05-07,R16,3,3,3,0,0,30.7,0.0,75.2
2024-05-08,R16,2,3,2,1,0,32.5,0.0,79.7
2024-05-10,R16,2,1,2,0,1,11.2,0.0,41.2
2024-05-13,R16,3,2,3,0,1,24.8,0.0,60.8
2024-05-14,R16,3,3,3,0,0,35.1,0.0,86.0
2024-05-15,R16,2,2,2,0,0,24.0,0.0,88.2
2024-05-16,R16,3,2,3,0,1,16.4,0.0,40.2
2024-05-17,R16,1,2,1,0,0,16.8,4.3,100.0
2024-05-21,R16,3,3,3,0,0,26.8,0.0,65.7
2024-05-22,R16,2,2,2,0,0,18.6,0.0,68.4
2024-05-23,R16,2,4,2,1,0,47.9,10.4,100.0
2024-05-24,R16,1,3,1,1,0,17.7,3.0,100.0
2024-05-27,R16,3,2,3,0,1,20.3,0.0,49.8
2024-05-28,R16,3,3,3,0,0,26.1,0.0,64.0
2024-05-29,R16,1,3,1,1,0,25.9,0.9,95.2
2024-05-31,R16,2,2,2,0,0,15.1,0.0,55.5
2024-06-03,R16,3,2,3,0,1,19.9,0.0,48.8
2024-06-04,R16,3,2,3,0,1,22.2,0.0,54.4
2024-06-05,R16,3,2,3,0,1,20.9,0.0,51.2
2024-06-06,R16,4,4,4,0,0,44.3,0.0,81.4
2024-06-07,R16,2,1,2,0,1,8.9,0.0,32.7
2024-06-10,R16,2,2,2,0,0,21.3,0.0,78.3
2024-06-11,R16,2,3,2,1,0,33.8,0.0,82.8
2024-06-12,R16,2,2,2,0,0,19.8,0.0,72.8
2024-06-13,R16,4,2,4,0,2,24.4,0.0,44.9
2024-06-14,R16,2,2,2,0,0,15.3,0.0,56.2
2024-06-17,R16,2,2,2,0,0,22.2,0.0,81.6
2024-06-18,R16,2,3,2,1,0,33.1,0.0,81.1
2024-06-19,R16,2,3,2,0,0,27.2,2.2,100.0
2024-06-20,R16,3,3,3,0,0,26.8,0.0,71.0
2024-06-21,R16,1,2,1,0,0,16.3,3.8,100.0
2024-06-24,R16,2,2,2,0,0,20.6,0.0,75.7
2024-06-25,R16,4,3,4,0,1,27.3,0.0,50.2
2024-06-26,R16,2,2,2,0,0,24.4,0.0,89.7
2024-06-27,R16,3,3,3,0,0,29.9,0.0,73.3
2024-06-28,R16,2,2,2,0,0,15.2,0.0,55.9
2024-07-01,R16,2,2,2,0,0,16.9,0.0,62.1
2024-07-02,R16,3,3,3,0,0,29.4,0.0,72.1
2024-07-03,R16,3,2,3,0,1,23.0,0.0,56.4
2024-07-04,R16,3,3,3,0,0,34.1,0.0,83.6
2024-07-05,R16,2,1,2,0,1,9.7,0.0,35.7
2024-07-08,R16,3,3,3,0,0,29.6,0.0,72.5
2024-07-09,R16,3,3,3,0,0,36.0,0.0,88.2
2024-07-10,R16,1,3,1,1,0,27.4,2.4,100.0
2024-07-11,R16,3,2,3,0,1,20.4,0.0,55.8
2024-07-12,R16,1,1,1,0,0,9.1,0.0,66.9
2024-07-15,R16,3,2,3,0,1,24.0,0.0,58.8
2024-07-16,R16,2,3,2,1,0,32.6,0.0,79.9
2024-07-17,R16,3,2,3,0,1,16.4,0.0,40.2
2024-07-18,R16,2,3,2,0,0,25.3,0.3,93.0
2024-07-19,R16,1,2,1,0,0,22.6,10.4,100.0
2024-07-22,R16,3,4,3,0,0,30.8,3.6,75.5
2024-07-23,R16,3,3,3,0,0,33.2,0.0,90.3
2024-07-24,R16,2,2,2,0,0,21.1,0.0,77.6
2024-07-25,R16,3,2,3,0,1,21.2,0.0,52.0
2024-07-26,R16,2,1,2,0,1,11.2,0.0,41.2
2024-07-29,R16,5,2,5,0,3,21.2,0.0,31.2
2024-07-30,R16,3,3,3,0,0,27.6,0.0,67.6
2024-07-31,R16,2,2,2,0,0,18.9,0.0,69.5
2024-08-01,R16,2,3,2,1,0,34.1,0.0,83.6
2024-08-02,R16,2,1,2,0,1,12.0,0.0,44.1
2024-08-05,R16,4,2,4,0,2,12.9,0.0,23.7
2024-08-06,R16,3,3,3,0,0,29.8,0.0,73.0
2024-08-07,R16,2,2,2,0,0,20.0,0.0,73.5
2024-08-08,R16,2,2,2,0,0,24.3,0.0,89.3
2024-08-09,R16,1,1,1,0,0,11.7,0.0,86.0
2024-08-12,R16,3,2,3,0,1,22.5,0.0,55.1
2024-08-13,R16,3,2,3,0,1,23.8,0.0,58.3
2024-08-14,R16,2,2,2,0,0,18.3,0.0,67.3
2024-08-15,R16,3,2,3,0,1,21.9,0.0,53.7
2024-08-16,R16,1,2,1,0,0,17.0,4.5,100.0
2024-08-19,R16,2,2,2,0,0,19.8,0.0,72.8
2024-08-20,R16,3,3,3,0,0,28.7,0.0,70.3
2024-08-21,R16,2,1,2,0,1,12.2,0.0,44.9
2024-08-22,R16,3,2,3,0,1,19.6,0.0,48.0
2024-08-23,R16,1,1,1,0,0,8.1,0.0,59.6
2024-08-26,R16,3,2,3,0,1,14.2,0.0,34.8
2024-08-27,R16,3,3,3,0,0,30.0,0.0,73.5
2024-08-28,R16,1,1,1,0,0,12.0,0.0,88.2
2024-08-29,R16,2,3,2,1,0,35.3,0.0,86.5
2024-08-30,R16,1,1,1,0,0,12.1,0.0,89.0
2024-09-02,R16,2,2,2,0,0,18.3,0.0,67.3
2024-09-03,R16,3,4,3,0,0,37.9,0.4,92.9
2024-09-04,R16,1,2,1,1,0,19.6,0.0,73.4
2024-09-05,R16,2,3,2,0,0,28.1,3.1,100.0
2024-09-06,R16,0,2,0,2,0,16.1,0.0,70.5
2024-09-09,R16,2,2,2,0,0,22.7,0.0,83.5
2024-09-10,R16,3,3,3,0,0,29.4,0.0,72.1
2024-09-11,R16,1,3,1,0,0,28.2,15.7,100.0
2024-09-12,R16,2,4,2,2,0,30.2,0.0,84.4
2024-09-13,R16,1,2,1,1,0,19.6,0.0,72.1
2024-09-16,R16,3,3,3,0,0,29.0,0.0,71.1
2024-09-17,R16,4,3,4,0,1,32.9,0.0,60.5
2024-09-18,R16,3,2,3,0,1,21.4,0.0,52.5
2024-09-19,R16,4,3,4,0,1,30.2,0.0,55.5
2024-09-20,R16,2,1,2,0,1,10.7,0.0,39.3
2024-09-23,R16,3,2,3,0,1,24.8,0.0,60.8
2024-09-24,R16,3,3,3,0,0,33.8,0.0,82.8
2024-09-25,R16,2,2,2,0,0,15.1,0.0,55.5
2024-09-26,R16,3,3,3,0,0,31.1,0.0,76.2
2024-09-27,R16,1,1,1,0,0,11.4,0.0,83.8
2024-09-30,R16,3,3,3,0,0,29.2,0.0,71.6
2024-10-01,R16,3,3,3,0,0,31.2,0.0,76.5
2024-10-02,R16,2,2,2,0,0,24.0,0.0,88.2
2024-10-04,R16,1,1,1,0,0,10.1,0.0,74.3
2024-10-07,R16,3,2,3,0,1,18.9,0.0,46.3
2024-10-08,R16,3,3,3,0,0,33.1,0.0,81.1
2024-10-09,R16,3,2,3,0,1,18.6,0.0,45.6
2024-10-10,R16,3,2,3,0,1,20.5,0.0,50.2
2024-10-11,R16,1,2,1,0,0,16.0,3.5,100.0
2024-10-14,R16,3,3,3,0,0,22.4,0.0,54.9
2024-10-15,R16,3,3,3,0,0,30.4,0.0,74.5
2024-10-16,R16,2,2,2,0,0,17.0,0.0,62.5
2024-10-17,R16,2,3,2,1,0,34.7,0.0,85.0
2024-10-18,R16,1,2,1,1,0,18.5,0.0,68.0
2024-10-21,R16,3,3,3,0,0,29.3,0.0,71.8
2024-10-22,R16,2,3,2,0,0,26.9,1.9,98.9
2024-10-23,R16,2,2,2,0,0,20.4,0.0,81.9
2024-10-24,R16,3,3,3,0,0,26.2,0.0,64.2
2024-10-25,R16,2,1,2,0,1,10.5,0.0,38.6
2024-10-28,R16,4,3,4,0,1,26.1,0.0,48.0
2024-10-29,R16,3,3,3,0,0,35.6,0.0,87.3
2024-10-30,R16,2,2,2,0,0,24.0,0.0,88.2
2024-10-31,R16,3,3,3,0,0,32.8,0.0,80.4
2024-11-04,R16,4,3,4,0,1,26.7,0.0,49.1
2024-11-05,R16,3,3,3,0,0,28.1,0.0,68.9
2024-11-06,R16,2,2,2,0,0,15.8,0.0,58.1
2024-11-07,R16,4,3,4,0,1,36.0,0.0,66.2
2024-11-08,R16,1,1,1,0,0,9.8,0.0,72.1
2024-11-11,R16,4,2,4,0,2,16.7,0.0,30.7
2024-11-12,R16,3,2,3,0,1,19.0,0.0,46.6
2024-11-13,R16,2,3,2,0,0,27.0,2.0,99.3
2024-11-14,R16,2,2,2,0,0,14.7,0.0,61.3
2024-11-15,R16,1,3,1,0,0,30.4,17.9,100.0
2024-11-18,R16,3,4,3,0,0,23.8,4.2,58.3
2024-11-19,R16,2,4,2,0,0,42.6,21.7,100.0
2024-11-20,R16,2,4,2,2,0,26.4,0.0,88.5
2024-11-21,R16,2,3,2,1,0,31.4,0.0,77.0
2024-11-22,R16,2,2,2,0,0,15.1,0.0,55.5
2024-11-25,R16,4,2,4,0,2,22.9,0.0,42.1
2024-11-26,R16,3,3,3,0,0,36.2,0.0,88.7
2024-11-27,R16,3,2,3,0,1,21.8,0.0,53.4
2024-11-28,R16,3,3,3,0,0,34.1,0.0,83.6
2024-11-29,R16,1,2,1,1,0,20.7,0.0,76.1
2024-12-02,R16,3,2,3,0,1,16.8,0.0,41.2
2024-12-03,R16,3,3,3,0,0,33.5,0.0,82.1
2024-12-04,R16,2,2,2,0,0,24.1,0.0,88.6
2024-12-05,R16,3,3,3,0,0,30.4,0.0,74.5
2024-12-06,R16,2,2,2,0,0,15.5,0.0,57.0
2024-12-09,R16,2,2,2,0,0,21.6,0.0,79.4
2024-12-10,R16,3,3,3,0,0,31.8,0.0,77.9
2024-12-11,R16,2,2,2,0,0,17.3,0.0,63.6
2024-12-12,R16,3,3,3,0,0,30.7,0.0,75.2
2024-12-13,R16,2,2,2,0,0,14.2,0.0,52.2
2024-12-16,R16,2,2,2,0,0,21.4,0.0,78.7
2024-12-17,R16,3,3,3,0,0,35.5,0.0,87.0
2024-12-18,R16,2,2,2,0,0,21.4,0.0,78.7
2024-12-19,R16,2,3,2,0,0,29.8,4.8,100.0
2024-12-20,R16,1,2,1,1,0,14.6,0.0,71.2
2024-12-23,R16,2,1,2,0,1,8.4,0.0,30.9
2024-12-24,R16,3,2,3,0,1,15.1,0.0,37.0
2024-12-27,R16,2,1,2,0,1,5.7,0.0,21.0
2024-12-30,R16,1,2,1,0,0,14.8,2.3,100.0
2024-12-31,R16,1,3,1,1,0,25.6,2.9,100.0
2025-01-02,R16,3,3,3,0,0,29.5,0.0,72.3
2025-01-03,R16,1,2,1,0,0,15.8,3.3,100.0
2025-01-07,R16,3,2,3,0,1,21.7,0.0,53.2
2025-01-08,R16,2,2,2,0,0,17.9,0.0,65.8
2025-01-09,R16,3,2,3,0,1,22.8,0.0,55.9
2025-01-10,R16,1,2,1,0,0,14.0,1.5,100.0
2025-01-13,R16,3,3,3,0,0,26.3,0.0,64.5
2025-01-14,R16,3,3,3,0,0,28.2,0.0,69.1
2025-01-15,R16,2,1,2,0,1,11.7,0.0,43.0
2025-01-16,R16,3,2,3,0,1,20.7,0.0,50.7
2025-01-17,R16,2,2,2,0,0,12.7,0.0,46.7
2025-01-20,R16,3,2,3,0,1,17.2,0.0,42.2
2025-01-21,R16,2,3,2,0,0,28.4,3.4,100.0
2025-01-22,R16,2,3,2,1,0,31.7,0.0,86.0
2025-01-23,R16,2,3,2,0,0,27.5,2.5,100.0
2025-01-24,R16,2,2,2,0,0,18.2,0.0,76.0
2025-01-27,R16,3,2,3,0,1,23.4,0.0,57.4
2025-01-28,R16,3,2,3,0,1,24.2,0.0,59.3
2025-01-29,R16,2,2,2,0,0,24.2,0.0,89.0
2025-01-30,R16,3,3,3,0,0,31.1,0.0,76.2
2025-01-31,R16,1,2,1,0,0,14.1,1.6,100.0
2025-02-03,R16,2,3,2,1,0,31.3,0.0,76.7
2025-02-04,R16,3,3,3,0,0,25.9,0.0,63.5
2025-02-05,R16,3,2,3,0,1,20.5,0.0,50.2
2025-02-06,R16,3,3,3,0,0,32.6,0.0,79.9
2025-02-07,R16,2,2,2,0,0,17.5,0.0,64.3
2025-02-10,R16,2,3,2,0,0,25.9,0.9,95.2
2025-02-11,R16,3,2,3,0,1,20.6,0.0,52.6
2025-02-12,R16,2,2,2,0,0,13.6,0.0,50.0
2025-02-13,R16,3,4,3,0,0,41.0,3.5,100.0
2025-02-14,R16,1,3,1,0,0,21.9,12.9,100.0
2025-02-17,R16,4,3,4,0,1,21.6,0.0,39.7
2025-02-18,R16,3,3,3,0,0,33.7,0.0,82.6
2025-02-19,R16,2,2,2,0,0,15.0,0.0,55.1
2025-02-20,R16,3,4,3,0,0,44.8,7.3,100.0
2025-02-21,R16,2,2,2,0,0,12.9,0.0,74.1
2025-02-24,R16,3,2,3,0,1,22.9,0.0,56.1
2025-02-25,R16,3,3,3,0,0,30.2,0.0,74.0
2025-02-26,R16,3,2,3,0,1,24.5,0.0,60.0
2025-02-27,R16,4,3,4,0,1,28.5,0.0,52.4
2025-02-28,R16,2,2,2,0,0,20.6,0.0,75.7
2025-03-03,R16,3,2,3,0,1,19.9,0.0,48.8
2025-03-04,R16,3,3,3,0,0,31.5,0.0,77.2
2025-03-05,R16,2,2,2,0,0,13.6,0.0,50.0
2025-03-06,R16,3,3,3,0,0,26.2,0.0,64.2
2025-03-07,R16,1,2,1,0,0,17.2,4.7,100.0
2025-03-10,R16,2,3,2,1,0,30.7,0.0,75.2
2025-03-11,R16,3,4,3,0,0,39.2,1.7,96.1
2025-03-12,R16,2,2,2,0,0,13.4,0.0,55.4
2025-03-13,R16,3,4,3,0,0,41.4,3.9,100.0
2025-03-14,R16,1,2,1,1,0,18.1,0.0,80.8
2025-03-17,R16,3,2,3,0,1,25.0,0.0,61.3
2025-03-18,R16,3,3,3,0,0,35.7,0.0,87.5
2025-03-19,R16,2,2,2,0,0,15.0,0.0,55.1
2025-03-20,R16,4,3,4,0,1,31.5,0.0,57.9
2025-03-21,R16,1,2,1,0,0,17.4,4.9,100.0
2025-03-24,R16,3,3,3,0,0,20.4,0.0,50.0
2025-03-25,R16,3,3,3,0,0,33.7,0.0,82.6
2025-03-26,R16,2,2,2,0,0,23.6,0.0,86.8
2025-03-27,R16,3,3,3,0,0,33.6,0.0,82.4
2025-03-28,R16,2,2,2,0,0,20.5,0.0,75.4
2025-03-31,R16,3,2,3,0,1,19.9,0.0,48.8
2025-04-01,R16,3,4,3,0,0,43.3,5.8,100.0
2025-04-02,R16,2,3,2,1,0,26.7,0.0,79.6
2025-04-03,R16,2,2,2,0,0,24.1,0.0,88.6
2025-04-04,R16,1,3,1,0,0,30.2,17.7,100.0
2025-04-07,R16,3,4,3,0,0,21.7,1.9,53.2
2025-04-08,R16,4,3,4,0,1,26.0,0.0,51.2
2025-04-09,R16,2,2,2,0,0,20.8,0.0,76.5
2025-04-10,R16,2,4,2,1,0,39.1,1.6,95.8
2025-04-11,R16,2,3,2,1,0,30.7,0.0,79.1
2025-04-14,R16,3,3,3,0,0,29.8,0.0,73.0
2025-04-15,R16,3,3,3,0,0,36.1,0.0,88.5
2025-04-16,R16,2,2,2,0,0,21.1,0.0,77.6
2025-04-17,R16,3,3,3,0,0,31.2,0.0,76.5
2025-04-22,R16,3,4,3,0,0,38.4,0.9,94.1
2025-04-23,R16,2,2,2,0,0,21.0,0.0,80.4
2025-04-24,R16,3,3,3,0,0,27.0,0.0,66.2
2025-04-25,R16,3,2,3,0,1,22.6,0.0,55.4
2025-04-28,R16,3,2,3,0,1,20.6,0.0,50.5
2025-04-29,R16,4,4,4,0,0,37.6,0.0,69.1
2025-04-30,R16,1,2,1,0,0,21.1,8.6,100.0
2025-05-02,R16,1,2,1,0,0,11.1,7.2,81.6
2025-05-05,R16,3,3,3,0,0,24.0,0.0,58.8
2025-05-06,R16,4,2,4,0,2,21.6,0.0,39.7
2025-05-07,R16,2,2,2,0,0,18.6,0.0,68.4
2025-05-08,R16,3,4,3,1,0,43.1,0.0,79.2
2025-05-09,R16,2,2,2,0,0,18.0,0.0,66.2
2025-05-12,R16,3,3,3,0,0,31.5,0.0,77.2
2025-05-13,R16,3,3,3,0,0,30.0,0.0,73.5
2025-05-14,R16,2,2,2,0,0,18.8,0.0,69.1
2025-05-15,R16,3,3,3,0,0,37.5,0.0,91.9
2025-05-16,R16,2,2,2,0,0,16.1,0.0,59.2
2025-05-19,R16,4,3,4,0,1,25.8,0.0,47.4
2025-05-20,R16,3,4,3,1,0,46.3,0.0,85.1
2025-05-21,R16,1,3,1,0,0,29.2,16.7,100.0
2025-05-22,R16,3,3,3,0,0,20.5,0.0,91.1
2025-05-23,R16,2,2,2,0,0,16.4,0.0,60.3
2025-05-26,R16,3,3,3,0,0,28.8,0.0,70.6
2025-05-27,R16,3,4,3,0,0,38.0,0.5,93.1
2025-05-28,R16,3,3,3,0,0,25.1,0.0,62.7
2025-05-30,R16,2,2,2,0,0,14.2,0.0,52.2
2025-06-02,R16,3,2,3,0,1,22.2,0.0,54.4
2025-06-03,R16,3,3,3,0,0,33.1,0.0,81.1
2025-06-04,R16,3,2,3,0,1,20.6,0.0,50.5
2025-06-05,R16,3,3,3,0,0,33.5,0.0,82.1
2025-06-06,R16,1,2,1,1,0,22.9,0.0,84.2
2025-06-10,R16,3,3,3,0,0,27.6,0.0,67.6
2025-06-11,R16,2,2,2,0,0,15.6,0.0,57.4
2025-06-12,R16,3,4,3,0,0,40.1,2.6,98.3
2025-06-13,R16,2,2,2,0,0,17.9,0.0,75.2
2025-06-16,R16,2,2,2,0,0,21.4,0.0,78.7
2025-06-17,R16,3,4,3,0,0,37.7,0.2,92.4
2025-06-18,R16,2,4,2,0,0,41.4,16.5,100.0
2025-06-20,R16,2,4,2,1,0,22.2,1.2,54.4
2025-06-23,R16,3,3,3,0,0,25.5,0.0,62.5
2025-06-24,R16,4,3,4,0,1,34.1,0.0,62.7
2025-06-25,R16,3,2,3,0,1,21.5,0.0,52.7
2025-06-26,R16,4,3,4,0,1,25.6,0.0,47.1
2025-06-27,R16,3,2,3,0,1,13.7,0.0,33.6
2025-06-30,R16,3,3,3,0,0,34.1,0.0,83.6
2025-07-01,R16,4,4,4,0,0,42.8,0.0,78.7
2025-07-02,R16,2,2,2,0,0,22.8,0.0,83.8
2025-07-03,R16,3,4,3,0,0,37.9,0.4,92.9
2025-07-04,R16,2,2,2,0,0,18.5,0.0,69.4
2025-07-07,R16,3,3,3,0,0,36.4,0.0,89.2
2025-07-08,R16,3,3,3,0,0,27.3,0.0,66.9
2025-07-09,R16,2,3,2,0,0,28.2,3.2,100.0
2025-07-10,R16,4,3,4,0,1,29.8,0.0,60.6
2025-07-11,R16,2,2,2,0,0,22.2,0.0,81.6
2025-07-14,R16,3,2,3,0,1,23.5,0.0,57.6
2025-07-15,R16,4,2,4,0,2,23.0,0.0,42.3
2025-07-16,R16,2,3,2,1,0,32.5,0.0,79.7
2025-07-17,R16,3,3,3,0,0,32.4,0.0,79.4
2025-07-18,R16,1,2,1,1,0,21.7,0.0,79.8
2025-07-21,R16,3,3,3,0,0,26.2,0.0,64.2
2025-07-22,R16,2,3,2,1,0,35.9,0.0,88.0
2025-07-23,R16,3,3,3,0,0,26.3,0.0,64.5
2025-07-24,R16,3,3,3,0,0,29.9,0.0,73.3
2025-07-25,R16,1,2,1,0,0,16.1,3.6,100.0
2025-07-28,R16,3,3,3,0,0,23.6,0.0,57.8
2025-07-29,R16,3,4,3,0,0,37.9,0.4,92.9
2025-07-30,R16,2,2,2,0,0,17.7,0.0,66.4
2025-07-31,R16,3,3,3,0,0,30.8,0.0,75.5
2025-08-01,R16,1,2,1,0,0,15.4,2.9,100.0
2025-08-04,R16,3,2,3,0,1,18.4,0.0,45.1
2025-08-05,R16,4,3,4,0,1,32.7,0.0,60.1
2025-08-06,R16,2,2,2,0,0,19.7,0.0,72.4
2025-08-07,R16,2,2,2,0,0,24.5,0.0,90.1
2025-08-08,R16,2,2,2,0,0,17.5,0.0,64.3
2025-08-11,R16,3,2,3,0,1,23.1,0.0,56.6
2025-08-12,R16,3,2,3,0,1,23.6,0.0,57.8
2025-08-13,R16,2,2,2,0,0,14.6,0.0,53.7
2025-08-14,R16,2,3,2,0,0,25.5,0.5,93.8
2025-08-15,R16,1,2,1,1,0,19.0,0.0,71.6
2025-08-18,R16,2,2,2,0,0,22.4,0.0,82.4
2025-08-19,R16,2,3,2,0,0,27.2,2.2,100.0
2025-08-20,R16,2,2,2,0,0,13.7,0.0,58.4
2025-08-21,R16,3,2,3,0,1,18.1,0.0,44.4
2025-08-22,R16,1,2,1,0,0,17.3,4.8,100.0
2025-08-25,R16,3,3,3,0,0,21.3,0.0,52.2
2025-08-26,R16,3,3,3,0,0,34.0,0.0,83.3
2025-08-27,R16,1,2,1,0,0,14.0,1.5,100.0
2025-08-28,R16,3,3,3,0,0,30.2,0.0,77.7
2025-08-29,R16,2,1,2,0,1,11.0,0.0,40.4
2025-09-01,R16,2,2,2,0,0,16.8,0.0,61.8
2025-09-02,R16,3,3,3,0,0,26.0,0.0,63.7
2025-09-03,R16,2,2,2,0,0,16.6,0.0,61.0
2025-09-04,R16,2,3,2,0,0,25.4,0.4,93.4
2025-09-05,R16,1,2,1,0,0,16.8,4.7,100.0
2025-09-08,R16,2,3,2,0,0,21.2,0.8,77.9
2025-09-09,R16,3,3,3,0,0,27.9,0.0,70.4
2025-09-10,R16,2,2,2,0,0,22.9,0.0,84.2
2025-09-11,R16,3,3,3,0,0,26.9,0.0,65.9
2025-09-12,R16,1,2,1,0,0,16.0,3.5,100.0
2025-09-15,R16,3,2,3,0,1,20.9,0.0,51.2
2025-09-16,R16,3,3,3,0,0,37.2,0.0,91.2
2025-09-17,R16,2,2,2,0,0,17.2,0.0,63.2
2025-09-18,R16,3,3,3,0,0,27.3,0.0,66.9
2025-09-19,R16,2,2,2,0,0,15.9,0.0,58.5
2025-09-22,R16,2,2,2,0,0,24.0,0.0,88.2
2025-09-23,R16,3,2,3,0,1,22.4,0.0,54.9
2025-09-24,R16,2,2,2,0,0,20.8,0.0,76.5
2025-09-25,R16,3,3,3,0,0,29.5,0.0,72.3
2025-09-26,R16,2,2,2,0,0,17.8,0.0,65.4
2025-09-29,R16,2,3,2,0,0,28.7,3.7,100.0
2025-09-30,R16,3,4,3,0,0,36.4,2.5,98.2
2025-10-01,R16,2,2,2,0,0,19.9,0.0,82.5
2025-10-02,R16,3,3,3,0,0,29.3,0.0,71.8
2025-10-06,R16,3,2,3,0,1,22.0,0.0,53.9
2025-10-07,R16,3,4,3,0,0,41.1,3.6,100.0
2025-10-08,R16,2,3,2,0,0,22.0,0.5,94.0
2025-10-09,R16,3,3,3,0,0,34.3,0.0,85.4
2025-10-10,R16,2,3,2,0,0,29.8,4.8,100.0
2025-10-13,R16,3,2,3,0,1,20.1,0.0,49.3
2025-10-14,R16,4,3,4,0,1,31.7,0.0,58.3
2025-10-15,R16,2,2,2,0,0,19.3,0.0,71.0
2025-10-16,R16,3,3,3,0,0,34.7,0.0,85.0
2025-10-17,R16,2,2,2,0,0,20.3,0.0,74.6
2025-10-20,R16,2,2,2,0,0,21.3,0.0,78.3
2025-10-21,R16,4,4,4,0,0,38.7,0.0,71.1
2025-10-22,R16,2,3,2,0,0,25.6,0.6,94.1
2025-10-23,R16,3,4,3,0,0,39.9,2.9,99.2
2025-10-24,R16,2,2,2,0,0,14.4,0.0,63.7
2025-10-27,R16,3,2,3,0,1,20.9,0.0,51.2
2025-10-28,R16,4,3,4,0,1,31.3,0.0,57.5
2025-10-29,R16,3,2,3,0,1,22.6,0.0,55.4
2025-10-30,R16,3,3,3,0,0,27.6,0.0,67.6
2025-10-31,R16,1,2,1,1,0,19.7,0.0,72.4
2025-11-03,R16,2,2,2,0,0,23.6,0.0,86.8
2025-11-04,R16,3,4,3,0,0,37.6,0.1,92.2
2025-11-05,R16,3,2,3,0,1,20.6,0.0,50.6
2025-11-06,R16,4,4,4,0,0,49.3,0.0,90.6
2025-11-07,R16,2,2,2,0,0,19.6,0.0,72.1
2025-11-10,R16,2,2,2,0,0,14.0,0.0,51.5
2025-11-11,R16,3,2,3,0,1,24.9,0.0,61.0
2025-11-12,R16,2,2,2,0,0,12.7,0.0,46.7
2025-11-13,R16,3,3,3,0,0,30.2,0.0,74.0
2025-11-14,R16,1,2,1,0,0,16.2,3.7,100.0
2025-11-17,R16,3,2,3,0,1,17.7,0.0,43.4
2025-11-18,R16,3,4,3,0,0,38.4,0.9,94.1
2025-11-19,R16,3,2,3,0,1,23.9,0.0,60.7
2025-11-20,R16,3,2,3,0,1,23.0,0.0,56.4
2025-11-21,R16,1,2,1,0,0,15.0,2.5,100.0
2025-11-24,R16,2,2,2,0,0,18.3,0.0,67.3
2025-11-25,R16,3,3,3,0,0,34.0,0.0,83.3
2025-11-26,R16,2,2,2,0,0,22.1,0.0,81.2
2025-11-27,R16,2,4,2,0,0,38.6,13.6,100.0
2025-11-28,R16,2,2,2,0,0,7.8,0.0,78.6
2025-12-01,R16,3,2,3,0,1,24.5,0.0,60.0
2025-12-02,R16,4,3,4,0,1,35.1,0.0,64.5
2025-12-03,R16,2,2,2,0,0,15.7,0.0,57.7
2025-12-04,R16,3,3,3,0,0,35.2,0.0,86.3
2025-12-05,R16,2,2,2,0,0,18.8,0.0,69.1
2025-12-08,R16,3,2,3,0,1,23.3,0.0,57.1
2025-12-09,R16,3,2,3,0,1,23.6,0.0,57.8
2025-12-10,R16,2,2,2,0,0,17.8,0.0,65.4
2025-12-11,R16,4,3,4,0,1,32.0,0.0,58.8
2025-12-12,R16,2,2,2,0,0,17.6,0.0,64.7
2025-12-15,R16,2,2,2,0,0,16.9,0.0,62.1
2025-12-16,R16,3,3,3,0,0,34.2,0.0,83.8
2025-12-17,R16,2,2,2,0,0,23.3,0.0,85.7
2025-12-18,R16,3,4,3,0,0,40.4,2.9,99.0
2025-12-19,R16,1,1,1,0,0,8.0,0.0,79.9
2025-12-22,R16,2,2,2,0,0,14.5,0.0,53.3
2025-12-23,R16,3,1,3,0,2,9.9,0.0,24.3
2025-12-24,R16,1,2,1,1,0,18.4,0.0,67.6
2025-12-29,R16,2,2,2,0,0,12.9,0.0,47.4
2025-12-30,R16,2,2,2,0,0,19.0,0.0,69.9
2025-12-31,R16,1,2,1,0,0,12.6,0.1,92.6
2026-01-02,R16,1,1,1,0,0,9.2,0.0,67.6
2026-01-05,R16,2,2,2,0,0,17.7,0.0,65.1
2026-01-07,R16,2,1,2,0,1,12.5,0.0,46.0
2026-01-08,R16,1,4,1,2,0,39.3,1.8,96.3
2026-01-09,R16,1,2,1,0,0,15.2,4.5,100.0
2026-01-12,R16,2,2,2,0,0,15.4,0.0,56.6
2026-01-13,R16,3,2,3,0,1,18.1,0.0,44.4
2026-01-14,R16,2,2,2,0,0,22.3,0.0,82.0
2026-01-15,R16,3,3,3,0,0,31.0,0.0,76.0
2026-01-16,R16,1,2,1,0,0,13.1,0.6,96.3
2026-01-19,R16,2,2,2,0,0,20.3,0.0,74.6
2026-01-20,R16,1,3,1,1,0,28.3,3.3,100.0
2026-01-21,R16,2,2,2,0,0,20.6,0.0,87.8
2026-01-22,R16,3,3,3,0,0,33.5,0.0,82.1
2026-01-23,R16,2,2,2,0,0,17.4,0.0,64.0
2026-01-26,R16,2,3,2,0,0,28.4,3.4,100.0
2026-01-27,R16,3,3,3,0,0,28.1,0.0,77.1
2026-01-28,R16,2,3,2,0,0,28.6,3.6,100.0
2026-01-29,R16,3,3,3,0,0,29.9,0.0,82.0
2026-01-30,R16,2,2,2,0,0,12.9,0.0,47.4
2026-02-02,R16,3,2,3,0,1,21.1,0.0,51.7
2026-02-03,R16,3,3,3,0,0,30.1,0.0,73.8
2026-02-04,R16,3,3,3,0,0,27.0,0.0,66.2
2026-02-05,R16,3,4,3,0,0,40.1,2.6,98.3
2026-02-06,R16,2,2,2,0,0,20.5,0.0,84.8
2026-02-09,R16,3,3,3,0,0,26.0,0.0,63.7
2026-02-10,R16,3,4,3,1,0,44.0,0.0,80.9
2026-02-11,R16,2,2,2,0,0,20.0,0.0,73.5
2026-02-12,R16,4,3,4,0,1,28.2,0.0,51.8
2026-02-13,R16,2,1,2,0,1,9.7,0.0,35.7
2026-02-16,R16,3,2,3,0,1,18.7,0.0,45.8
2026-02-17,R16,3,2,3,0,1,23.0,0.0,56.4
2026-02-18,R16,3,2,3,0,1,14.8,0.0,36.3
2026-02-19,R16,4,3,4,0,1,26.4,0.0,48.5
2026-02-20,R16,1,2,1,0,0,16.2,3.7,100.0
2026-02-23,R16,2,3,2,0,0,23.8,2.5,87.5
2026-02-24,R16,3,3,3,0,0,30.5,0.0,80.8
2026-02-25,R16,2,2,2,0,0,16.1,0.0,59.2
2026-02-26,R16,3,3,3,0,0,35.1,0.0,86.0
2026-02-27,R16,2,2,2,0,0,16.2,0.0,59.6
2026-03-02,R16,3,2,3,0,1,22.5,0.0,55.1
2026-03-03,R16,3,3,3,0,0,33.6,0.0,82.4
2026-03-04,R16,2,2,2,0,0,14.0,0.0,51.5
2026-03-05,R16,3,4,3,0,0,41.5,4.0,100.0
2026-03-06,R16,2,3,2,0,0,21.6,0.5,94.0
2026-03-09,R16,2,3,2,0,0,33.3,8.8,100.0
2026-03-10,R16,3,4,3,0,0,29.6,0.9,94.2
2026-03-11,R16,3,3,3,0,0,31.2,0.0,78.6
2026-03-12,R16,4,2,4,0,2,24.8,0.0,45.6
2026-03-13,R16,2,2,2,0,0,21.3,0.0,78.3
2026-03-16,R16,3,2,3,0,1,18.7,0.0,45.8
2026-03-17,R16,3,3,3,0,0,35.6,0.0,87.3
2026-03-18,R16,3,2,3,0,1,18.4,0.0,45.1
2026-03-19,R16,3,3,3,0,0,27.4,0.0,67.2
2026-03-20,R16,2,2,2,0,0,20.3,0.0,74.6
2026-03-23,R16,3,2,3,0,1,19.2,0.0,47.1
2026-03-24,R16,3,3,3,0,0,30.5,0.0,74.8
2026-03-25,R16,2,2,2,0,0,21.9,0.0,80.5
2026-03-26,R16,2,3,2,1,0,34.0,0.0,83.3
2026-03-27,R16,2,2,2,0,0,15.1,0.0,55.5
2026-03-30,R16,2,3,2,1,0,32.2,0.0,78.9
2026-03-31,R16,4,4,4,0,0,40.9,0.0,75.2
2026-04-01,R16,2,2,2,0,0,17.9,0.0,65.8
2026-04-02,R16,3,4,3,1,0,48.2,0.0,88.6
2026-04-07,R16,4,3,4,0,1,25.9,0.0,47.6
2026-04-08,R16,2,2,2,0,0,14.2,0.0,52.2
2026-04-09,R16,5,3,5,0,2,32.5,0.0,47.8
2026-04-10,R16,1,2,1,0,0,16.1,3.6,100.0
2026-04-13,R16,3,3,3,0,0,26.3,0.0,64.5
2026-04-14,R16,3,3,3,0,0,33.9,0.0,83.1
2026-04-15,R16,2,2,2,0,0,15.9,0.0,58.5
2026-04-16,R16,3,3,3,0,0,34.8,0.0,85.3
2026-04-17,R16,1,1,1,0,0,11.9,0.0,87.5
2026-04-20,R16,3,2,3,0,1,25.0,0.0,61.3
2026-04-21,R16,3,3,3,0,0,32.1,0.0,78.7
2026-04-22,R16,2,2,2,0,0,18.5,0.0,68.0
2026-04-23,R16,2,2,2,0,0,19.6,0.0,72.1
2026-04-24,R16,1,2,1,0,0,22.6,10.1,100.0
2026-04-27,R16,3,3,3,0,0,20.9,0.0,51.2
2026-04-28,R16,4,3,4,0,1,30.5,0.0,56.1
2026-04-29,R16,3,2,3,0,1,24.5,0.0,60.0
2026-04-30,R16,2,4,2,2,0,48.0,0.0,88.2
2026-05-04,R16,3,2,3,0,1,24.6,0.0,60.3
2026-05-05,R16,2,3,2,0,0,27.4,2.4,100.0
2026-05-06,R16,2,2,2,0,0,19.3,0.0,79.7
2026-05-07,R16,3,3,3,0,0,34.9,0.0,85.5
2026-05-08,R16,1,1,1,0,0,10.3,0.0,75.7
2026-05-11,R16,3,3,3,0,0,32.9,0.0,80.6
2026-05-12,R16,3,3,3,0,0,34.9,0.0,85.5
2026-05-13,R16,2,3,2,0,0,30.6,5.6,100.0
2026-05-15,R16,2,2,2,0,0,7.5,0.0,27.6
2026-05-18,R16,3,2,3,0,1,21.4,0.0,52.5
2026-05-19,R16,4,3,4,0,1,26.5,0.0,48.7
2026-05-20,R16,3,2,3,0,1,14.0,0.0,34.3
2026-05-21,R16,4,4,4,0,0,41.6,0.0,76.5
2026-05-22,R16,1,2,1,1,0,19.5,0.0,71.7
2026-05-26,R16,4,3,4,0,1,36.1,0.0,66.4
2026-05-27,R16,2,3,2,1,0,30.5,0.0,74.8
2026-05-28,R16,4,2,4,0,2,24.3,0.0,44.7
2026-05-29,R16,2,2,2,0,0,16.4,0.0,60.3
2026-06-01,R16,2,2,2,0,0,20.8,0.0,76.5
2026-06-02,R16,3,3,3,0,0,31.7,0.0,77.7
2026-06-03,R16,2,3,2,1,0,30.6,0.0,75.0
2026-06-05,R16,1,2,1,0,0,13.0,0.5,95.6
2026-06-08,R16,2,2,2,0,0,22.4,0.0,82.4
2026-06-09,R16,3,3,3,0,0,29.4,0.0,72.1
2026-06-10,R16,3,2,3,0,1,22.3,0.0,54.7
2026-06-11,R16,3,4,3,0,0,38.1,0.6,93.4
2026-06-12,R16,2,2,2,0,0,16.6,0.0,63.1
2026-06-15,R16,2,3,2,0,0,29.2,4.2,100.0
2026-06-16,R16,4,3,4,0,1,26.5,0.0,56.4
2026-06-17,R16,3,2,3,0,1,23.0,0.0,56.4
2026-06-18,R16,4,4,4,0,0,42.6,0.0,78.3
2026-06-19,R16,2,2,2,0,0,22.1,0.0,81.3
2026-06-22,R16,3,2,3,0,1,22.6,0.0,55.4
2026-06-23,R16,3,3,3,0,0,32.2,0.0,78.9
2026-06-24,R16,3,3,3,0,0,26.4,0.0,64.7
2026-06-25,R16,4,4,4,0,0,41.5,0.0,76.3
2026-06-26,R16,2,2,2,0,0,18.4,0.0,67.6
2026-06-29,R16,3,2,3,0,1,21.1,0.0,51.7
2026-06-30,R16,3,4,3,0,0,41.0,3.5,100.0
2026-07-01,R16,3,3,3,0,0,27.3,0.0,75.4
2026-07-02,R16,4,3,4,0,1,29.5,0.0,54.2
2026-07-03,R16,2,2,2,0,0,19.8,0.0,72.8
2026-07-06,R16,3,2,3,0,1,24.2,0.0,59.3
2026-07-07,R16,4,3,4,0,1,34.3,0.0,63.1
2026-07-08,R16,3,2,3,0,1,17.8,0.0,43.6
2026-07-09,R16,3,4,3,0,0,38.1,0.6,93.4
2026-07-10,R16,2,2,2,0,0,19.3,0.0,73.0
2026-07-13,R16,3,3,3,0,0,27.7,0.0,67.9
2026-07-14,R16,3,3,3,0,0,26.2,0.0,64.2
2026-07-15,R16,2,3,2,0,0,27.0,2.0,99.3
2026-07-16,R16,3,5,3,1,0,51.3,3.2,97.9
2026-07-17,R16,2,3,2,0,0,23.1,1.3,96.8
2026-07-20,R16,3,3,3,0,0,32.4,0.0,79.4
2026-07-21,R16,3,3,3,0,0,31.9,0.0,78.2
2026-07-22,R16,3,2,3,0,1,23.8,0.0,58.3
2026-07-23,R16,4,4,4,0,0,39.6,0.0,72.8
2026-07-24,R16,2,1,2,0,1,11.2,0.0,41.2
2026-07-27,R16,3,3,3,0,0,28.7,0.0,70.3
2026-07-28,R16,4,3,4,0,1,28.0,0.0,51.5
2026-07-29,R16,3,2,3,0,1,14.7,0.0,36.0
2026-07-30,R16,4,3,4,0,1,31.5,0.0,57.9
2026-07-31,R16,2,2,2,0,0,16.3,0.0,59.9
2026-08-03,R16,3,2,3,0,1,19.9,0.0,48.8
2026-08-04,R16,3,2,3,0,1,19.0,0.0,46.6
2026-08-05,R16,2,2,2,0,0,18.0,0.0,66.2
2026-08-06,R16,3,2,3,0,1,21.1,0.0,51.7
2026-08-07,R16,2,2,2,0,0,19.6,0.0,72.1
2026-08-10,R16,2,2,2,0,0,17.9,0.0,65.8
2026-08-11,R16,1,3,1,2,0,30.4,0.0,74.5
2026-08-12,R16,2,1,2,0,1,9.8,0.0,36.0
2026-08-13,R16,3,3,3,0,0,29.1,0.0,71.3
2026-08-14,R16,1,2,1,0,0,16.8,4.3,100.0
2026-08-17,R16,2,3,2,1,0,30.1,0.0,73.8
2026-08-18,R16,2,3,2,1,0,30.8,0.0,75.5
2026-08-19,R16,2,2,2,0,0,17.7,0.0,65.1
2026-08-20,R16,2,2,2,0,0,22.9,0.0,84.2
2026-08-21,R16,2,2,2,0,0,15.7,0.0,57.7
2026-08-24,R16,3,3,3,0,0,26.2,0.0,64.2
2026-08-25,R16,3,3,3,0,0,31.0,0.0,76.0
2026-08-26,R16,2,1,2,0,1,12.2,0.0,44.9
2026-08-27,R16,2,3,2,0,0,25.7,0.7,94.5
2026-08-28,R16,1,2,1,0,0,15.2,3.4,100.0
2026-08-31,R16,3,4,3,0,0,34.3,0.1,84.1
2024-01-02,R17,2,2,2,0,0,18.6,0.0,68.4
2024-01-03,R17,1,1,1,0,0,7.9,0.0,58.1
2024-01-04,R17,0,1,0,1,0,9.7,0.0,71.3
2024-01-05,R17,1,2,1,1,0,19.2,0.0,70.6
2024-01-08,R17,4,3,4,0,1,26.4,0.0,48.5
2024-01-09,R17,2,2,2,0,0,19.5,0.0,71.7
2024-01-10,R17,1,2,1,1,0,17.7,0.0,65.1
2024-01-11,R17,1,2,1,1,0,17.9,0.0,65.8
2024-01-12,R17,1,1,1,0,0,11.6,0.0,85.3
2024-01-15,R17,3,2,3,0,1,19.7,0.0,48.3
2024-01-16,R17,2,2,2,0,0,23.0,0.0,84.6
2024-01-17,R17,2,1,2,0,1,10.4,0.0,38.2
2024-01-18,R17,1,2,1,0,0,13.1,0.6,96.3
2024-01-19,R17,1,2,1,0,0,12.7,0.8,97.7
2024-01-22,R17,3,2,3,0,1,17.3,0.0,42.4
2024-01-23,R17,2,2,2,0,0,23.1,0.0,84.9
2024-01-24,R17,2,2,2,0,0,17.8,0.0,65.4
2024-01-25,R17,2,2,2,0,0,16.7,0.0,61.4
2024-01-26,R17,2,2,2,0,0,13.2,0.0,48.5
2024-01-29,R17,2,2,2,0,0,21.2,0.0,77.9
2024-01-30,R17,2,2,2,0,0,20.3,0.0,74.6
2024-01-31,R17,2,3,2,0,0,25.1,0.1,92.3
2024-02-01,R17,2,2,2,0,0,22.1,0.0,81.5
2024-02-02,R17,2,1,2,0,1,9.7,0.0,35.7
2024-02-05,R17,2,2,2,0,0,21.5,0.0,79.0
2024-02-06,R17,2,3,2,0,0,29.8,4.8,100.0
2024-02-07,R17,3,2,3,0,1,19.7,0.0,60.0
2024-02-08,R17,2,2,2,0,0,23.2,0.0,85.3
2024-02-09,R17,1,2,1,1,0,20.4,0.0,75.0
2024-02-12,R17,3,1,3,0,2,12.3,0.0,30.1
2024-02-13,R17,3,3,3,0,0,25.7,0.0,63.0
2024-02-14,R17,2,2,2,0,0,17.8,0.0,65.4
2024-02-15,R17,2,2,2,0,0,21.7,0.0,79.8
2024-02-16,R17,1,2,1,0,0,13.2,0.7,97.1
2024-02-19,R17,1,2,1,1,0,24.0,0.0,88.2
2024-02-20,R17,2,3,2,0,0,25.3,0.3,93.0
2024-02-21,R17,3,2,3,0,1,17.5,0.0,43.6
2024-02-22,R17,2,2,2,0,0,18.7,0.0,68.8
2024-02-23,R17,2,1,2,0,1,10.9,0.0,40.1
2024-02-26,R17,2,2,2,0,0,21.8,0.0,80.1
2024-02-27,R17,3,2,3,0,1,16.0,0.0,39.2
2024-02-28,R17,2,2,2,0,0,12.8,0.0,47.1
2024-02-29,R17,2,3,2,0,0,25.7,0.7,94.5
2024-03-01,R17,1,1,1,0,0,9.0,0.0,71.1
2024-03-04,R17,2,2,2,0,0,23.6,0.0,86.8
2024-03-05,R17,2,3,2,0,0,26.7,1.7,98.2
2024-03-06,R17,2,2,2,0,0,19.4,0.0,77.5
2024-03-07,R17,3,3,3,0,0,27.8,0.0,68.1
2024-03-08,R17,1,2,1,0,0,13.1,0.6,96.3
2024-03-11,R17,2,2,2,0,0,19.6,0.0,72.1
2024-03-12,R17,2,2,2,0,0,24.9,0.0,91.5
2024-03-13,R17,2,2,2,0,0,13.2,0.0,48.5
2024-03-14,R17,2,2,2,0,0,19.0,0.0,69.9
2024-03-15,R17,1,1,1,0,0,11.7,0.0,86.0
2024-03-18,R17,3,1,3,0,2,9.7,0.0,23.8
2024-03-19,R17,2,2,2,0,0,21.5,0.0,79.0
2024-03-20,R17,2,2,2,0,0,16.3,0.0,59.9
2024-03-21,R17,3,3,3,0,0,32.3,0.0,79.2
2024-03-22,R17,1,2,1,0,0,16.1,3.6,100.0
2024-03-25,R17,1,2,1,0,0,15.2,6.3,100.0
2024-03-26,R17,2,4,2,0,0,32.5,13.8,100.0
2024-03-27,R17,2,3,2,0,0,11.8,0.5,93.9
2024-03-28,R17,2,2,2,0,0,21.7,0.0,81.7
2024-04-02,R17,4,2,4,0,2,17.2,0.0,31.6
2024-04-03,R17,3,1,3,0,2,12.0,0.0,29.4
2024-04-04,R17,3,2,3,0,1,20.5,0.0,50.2
2024-04-05,R17,2,2,2,0,0,13.2,0.0,48.5
2024-04-08,R17,3,2,3,0,1,19.2,0.0,47.1
2024-04-09,R17,3,2,3,0,1,13.5,0.0,33.1
2024-04-10,R17,1,2,1,1,0,23.5,0.0,86.4
2024-04-11,R17,2,2,2,0,0,20.0,0.0,73.5
2024-04-12,R17,2,1,2,0,1,10.0,0.0,36.8
2024-04-15,R17,3,2,3,0,1,21.3,0.0,52.2
2024-04-16,R17,2,3,2,0,0,29.3,4.3,100.0
2024-04-17,R17,2,2,2,0,0,13.8,0.0,66.5
2024-04-18,R17,2,2,2,0,0,13.8,0.0,50.7
2024-04-19,R17,1,1,1,0,0,10.8,0.0,79.4
2024-04-22,R17,2,2,2,0,0,17.7,0.0,65.1
2024-04-23,R17,3,2,3,0,1,17.1,0.0,41.9
2024-04-24,R17,2,2,2,0,0,17.4,0.0,64.0
2024-04-25,R17,2,2,2,0,0,17.1,0.0,62.9
2024-04-26,R17,0,1,0,1,0,10.2,0.0,75.0
2024-04-29,R17,2,2,2,0,0,14.2,0.0,52.2
2024-04-30,R17,2,2,2,0,0,24.4,0.0,89.7
2024-05-02,R17,2,2,2,0,0,21.0,0.0,77.2
2024-05-03,R17,1,2,1,1,0,18.6,0.0,68.4
2024-05-06,R17,2,2,2,0,0,21.1,0.0,77.6
2024-05-07,R17,3,2,3,0,1,21.0,0.0,51.5
2024-05-08,R17,2,2,2,0,0,13.4,0.0,49.3
2024-05-10,R17,2,1,2,0,1,5.7,0.0,21.0
2024-05-13,R17,2,2,2,0,0,19.9,0.0,73.2
2024-05-14,R17,2,2,2,0,0,24.1,0.0,88.6
2024-05-15,R17,2,2,2,0,0,17.8,0.0,65.4
2024-05-16,R17,2,2,2,0,0,20.5,0.0,75.4
2024-05-17,R17,1,2,1,0,0,14.2,1.7,100.0
2024-05-21,R17,3,3,3,0,0,27.9,0.0,68.4
2024-05-22,R17,2,2,2,0,0,12.6,0.0,46.3
2024-05-23,R17,2,3,2,0,0,29.0,4.0,100.0
2024-05-24,R17,2,2,2,0,0,18.7,0.0,83.4
2024-05-27,R17,3,2,3,0,1,14.3,0.0,35.0
2024-05-28,R17,3,2,3,0,1,17.4,0.0,42.6
2024-05-29,R17,2,2,2,0,0,15.6,0.0,57.4
2024-05-31,R17,2,2,2,0,0,13.8,0.0,50.7
2024-06-03,R17,3,2,3,0,1,21.5,0.0,52.7
2024-06-04,R17,2,2,2,0,0,13.7,0.0,50.4
2024-06-05,R17,2,2,2,0,0,15.4,0.0,56.6
2024-06-06,R17,3,2,3,0,1,17.2,0.0,42.2
2024-06-07,R17,2,1,2,0,1,8.0,0.0,29.4
2024-06-10,R17,2,2,2,0,0,18.8,0.0,69.1
2024-06-11,R17,2,2,2,0,0,23.5,0.0,86.4
2024-06-12,R17,2,2,2,0,0,15.9,0.0,58.5
2024-06-13,R17,2,2,2,0,0,22.5,0.0,82.7
2024-06-14,R17,1,2,1,1,0,22.4,0.0,82.4
2024-06-17,R17,4,2,4,0,2,13.9,0.0,25.6
2024-06-18,R17,2,2,2,0,0,23.1,0.0,84.9
2024-06-19,R17,2,2,2,0,0,14.6,0.0,53.7
2024-06-20,R17,2,2,2,0,0,19.6,0.0,72.1
2024-06-21,R17,2,2,2,0,0,12.6,0.0,46.3
2024-06-24,R17,2,2,2,0,0,18.7,0.0,68.7
2024-06-25,R17,2,2,2,0,0,22.9,0.0,84.2
2024-06-26,R17,2,2,2,0,0,17.4,0.0,64.0
2024-06-27,R17,2,2,2,0,0,18.5,0.0,68.0
2024-06-28,R17,2,2,2,0,0,22.2,0.0,81.6
2024-07-01,R17,2,2,2,0,0,17.9,0.0,65.8
2024-07-02,R17,2,2,2,0,0,17.0,0.0,62.5
2024-07-03,R17,2,2,2,0,0,17.4,0.0,64.0
2024-07-04,R17,2,2,2,0,0,18.0,0.0,66.2
2024-07-05,R17,2,2,2,0,0,15.9,0.0,58.5
2024-07-08,R17,3,2,3,0,1,16.8,0.0,41.2
2024-07-09,R17,2,2,2,0,0,22.7,0.0,83.5
2024-07-10,R17,2,2,2,0,0,19.8,0.0,72.8
2024-07-11,R17,2,2,2,0,0,20.8,0.0,76.5
2024-07-12,R17,2,2,2,0,0,15.3,0.0,56.2
2024-07-15,R17,3,2,3,0,1,17.5,0.0,42.9
2024-07-16,R17,2,2,2,0,0,13.7,0.0,50.4
2024-07-17,R17,3,2,3,0,1,15.6,0.0,38.2
2024-07-18,R17,1,2,1,0,0,16.7,4.2,100.0
2024-07-19,R17,2,2,2,0,0,11.1,0.0,56.2
2024-07-22,R17,3,3,3,0,0,27.3,0.0,66.9
2024-07-23,R17,1,3,1,1,0,25.8,0.8,94.9
2024-07-24,R17,2,2,2,0,0,12.9,0.0,50.3
2024-07-25,R17,2,2,2,0,0,14.7,0.0,54.0
2024-07-26,R17,2,1,2,0,1,11.9,0.0,43.8
2024-07-29,R17,4,2,4,0,2,14.7,0.0,27.0
2024-07-30,R17,2,2,2,0,0,22.5,0.0,82.7
2024-07-31,R17,2,1,2,0,1,11.2,0.0,41.2
2024-08-01,R17,2,2,2,0,0,15.4,0.0,56.6
2024-08-02,R17,1,1,1,0,0,5.6,0.0,41.2
2024-08-05,R17,3,1,3,0,2,8.2,0.0,20.1
2024-08-06,R17,2,1,2,0,1,8.3,0.0,30.5
2024-08-07,R17,1,2,1,1,0,19.0,0.0,69.9
2024-08-08,R17,2,2,2,0,0,14.1,0.0,51.8
2024-08-09,R17,1,1,1,0,0,7.5,0.0,55.1
2024-08-12,R17,2,2,2,0,0,17.8,0.0,65.4
2024-08-13,R17,2,2,2,0,0,23.0,0.0,84.6
2024-08-14,R17,2,2,2,0,0,13.8,0.0,50.7
2024-08-15,R17,3,2,3,0,1,18.3,0.0,44.9
2024-08-16,R17,1,1,1,0,0,12.0,0.0,88.2
2024-08-19,R17,2,2,2,0,0,19.1,0.0,70.2
2024-08-20,R17,1,2,1,0,0,15.2,2.7,100.0
2024-08-21,R17,2,2,2,0,0,17.7,0.0,75.0
2024-08-22,R17,2,2,2,0,0,14.6,0.0,53.7
2024-08-23,R17,1,1,1,0,0,8.9,0.0,65.4
2024-08-26,R17,2,2,2,0,0,18.1,0.0,66.5
2024-08-27,R17,2,2,2,0,0,16.7,0.0,61.4
2024-08-28,R17,2,2,2,0,0,14.0,0.0,51.5
2024-08-29,R17,2,2,2,0,0,22.2,0.0,81.6
2024-08-30,R17,0,2,0,1,0,13.4,0.9,98.5
2024-09-02,R17,2,2,2,0,0,16.5,0.0,60.7
2024-09-03,R17,2,2,2,0,0,21.6,0.0,79.4
2024-09-04,R17,1,1,1,0,0,11.9,0.0,87.5
2024-09-05,R17,2,3,2,0,0,26.6,1.6,97.8
2024-09-06,R17,1,2,1,0,0,11.3,0.4,94.7
2024-09-09,R17,2,2,2,0,0,12.9,0.0,47.4
2024-09-10,R17,2,2,2,0,0,15.0,0.0,55.1
2024-09-11,R17,1,2,1,0,0,16.5,4.0,100.0
2024-09-12,R17,2,3,2,0,0,24.8,3.8,100.0
2024-09-13,R17,1,2,1,0,0,11.1,2.4,100.0
2024-09-16,R17,2,2,2,0,0,19.0,0.0,69.9
2024-09-17,R17,3,2,3,0,1,18.8,0.0,46.1
2024-09-18,R17,2,2,2,0,0,21.2,0.0,77.9
2024-09-19,R17,3,3,3,0,0,26.3,0.0,64.5
2024-09-20,R17,2,2,2,0,0,18.1,0.0,66.5
2024-09-23,R17,2,2,2,0,0,20.7,0.0,76.1
2024-09-24,R17,1,3,1,1,0,27.2,2.2,100.0
2024-09-25,R17,2,2,2,0,0,15.6,0.0,65.4
2024-09-26,R17,3,3,3,0,0,25.3,0.0,62.0
2024-09-27,R17,2,2,2,0,0,16.5,0.0,60.7
2024-09-30,R17,2,2,2,0,0,22.1,0.0,81.2
2024-10-01,R17,2,2,2,0,0,19.2,0.0,70.6
2024-10-02,R17,1,2,1,0,0,16.5,4.0,100.0
2024-10-04,R17,2,2,2,0,0,8.8,0.0,32.4
2024-10-07,R17,3,2,3,0,1,21.8,0.0,53.4
2024-10-08,R17,3,3,3,0,0,25.3,0.0,62.0
2024-10-09,R17,2,1,2,0,1,12.3,0.0,45.2
2024-10-10,R17,3,3,3,0,0,25.2,0.0,61.8
2024-10-11,R17,2,2,2,0,0,13.0,0.0,47.8
2024-10-14,R17,2,2,2,0,0,13.6,0.0,50.0
2024-10-15,R17,2,2,2,0,0,21.3,0.0,78.3
2024-10-16,R17,2,1,2,0,1,11.6,0.0,42.6
2024-10-17,R17,3,2,3,0,1,23.2,0.0,56.9
2024-10-18,R17,2,2,2,0,0,16.9,0.0,62.1
2024-10-21,R17,3,2,3,0,1,18.8,0.0,46.1
2024-10-22,R17,2,3,2,0,0,26.9,1.9,98.9
2024-10-23,R17,1,2,1,0,0,15.6,5.0,100.0
2024-10-24,R17,2,2,2,0,0,17.8,0.0,83.7
2024-10-25,R17,2,2,2,0,0,18.8,0.0,69.1
2024-10-28,R17,2,2,2,0,0,22.1,0.0,81.2
2024-10-29,R17,3,2,3,0,1,18.5,0.0,45.3
2024-10-30,R17,2,2,2,0,0,14.9,0.0,54.8
2024-10-31,R17,1,2,1,0,0,14.0,1.5,100.0
2024-11-04,R17,2,2,2,0,0,12.7,0.0,46.7
2024-11-05,R17,2,2,2,0,0,19.4,0.0,71.3
2024-11-06,R17,2,3,2,0,0,26.1,1.1,96.0
2024-11-07,R17,2,3,2,0,0,26.3,2.4,100.0
2024-11-08,R17,2,2,2,0,0,17.7,0.0,73.7
2024-11-11,R17,3,2,3,0,1,20.5,0.0,50.2
2024-11-12,R17,2,2,2,0,0,24.5,0.0,90.1
2024-11-13,R17,3,2,3,0,1,19.8,0.0,48.5
2024-11-14,R17,2,1,2,0,1,6.6,0.0,24.3
2024-11-15,R17,1,2,1,1,0,24.1,0.0,88.6
2024-11-18,R17,2,1,2,0,1,12.3,0.0,45.2
2024-11-19,R17,2,2,2,0,0,23.9,0.0,87.9
2024-11-20,R17,3,2,3,0,1,15.6,0.0,38.2
2024-11-21,R17,2,2,2,0,0,16.7,0.0,61.4
2024-11-22,R17,2,2,2,0,0,17.4,0.0,64.0
2024-11-25,R17,1,2,1,0,0,15.5,3.0,100.0
2024-11-26,R17,2,2,2,0,0,16.5,0.0,71.6
2024-11-27,R17,2,2,2,0,0,15.7,0.0,57.7
2024-11-28,R17,2,2,2,0,0,21.8,0.0,80.1
2024-11-29,R17,2,2,2,0,0,14.5,0.0,53.3
2024-12-02,R17,2,2,2,0,0,12.8,0.0,47.1
2024-12-03,R17,2,3,2,1,0,30.8,0.0,75.5
2024-12-04,R17,2,2,2,0,0,15.8,0.0,58.1
2024-12-05,R17,2,2,2,0,0,21.4,0.0,78.7
2024-12-06,R17,2,2,2,0,0,13.5,0.0,49.6
2024-12-09,R17,3,2,3,0,1,17.1,0.0,41.9
2024-12-10,R17,3,2,3,0,1,22.6,0.0,55.4
2024-12-11,R17,2,2,2,0,0,23.7,0.0,87.1
2024-12-12,R17,2,3,2,0,0,30.8,5.8,100.0
2024-12-13,R17,1,2,1,0,0,13.4,6.7,100.0
2024-12-16,R17,2,3,2,1,0,23.9,0.0,58.6
2024-12-17,R17,2,2,2,0,0,20.7,0.0,76.1
2024-12-18,R17,2,2,2,0,0,16.4,0.0,60.3
2024-12-19,R17,3,2,3,0,1,20.8,0.0,51.0
2024-12-20,R17,2,1,2,0,1,10.9,0.0,40.1
2024-12-23,R17,3,1,3,0,2,12.5,0.0,30.6
2024-12-24,R17,1,1,1,0,0,11.2,0.0,82.4
2024-12-27,R17,1,1,1,0,0,2.4,0.0,17.6
2024-12-30,R17,2,1,2,0,1,6.1,0.0,22.4
2024-12-31,R17,2,1,2,0,1,10.1,0.0,37.1
2025-01-02,R17,1,1,1,0,0,6.8,0.0,50.0
2025-01-03,R17,1,1,1,0,0,11.4,0.0,83.8
2025-01-07,R17,1,2,1,1,0,20.2,0.0,74.3
2025-01-08,R17,2,2,2,0,0,19.3,0.0,71.0
2025-01-09,R17,1,2,1,0,0,16.9,4.4,100.0
2025-01-10,R17,0,2,0,1,0,9.3,1.2,100.0
2025-01-13,R17,2,2,2,0,0,17.5,0.0,64.3
2025-01-14,R17,2,2,2,0,0,13.9,0.0,51.1
2025-01-15,R17,1,2,1,0,0,19.1,6.6,100.0
2025-01-16,R17,2,3,2,0,0,22.6,4.2,100.0
2025-01-17,R17,2,2,2,0,0,15.6,0.0,72.7
2025-01-20,R17,2,2,2,0,0,15.0,0.0,55.1
2025-01-21,R17,2,2,2,0,0,19.8,0.0,72.8
2025-01-22,R17,2,2,2,0,0,14.5,0.0,53.3
2025-01-23,R17,3,2,3,0,1,22.0,0.0,53.9
2025-01-24,R17,2,1,2,0,1,10.8,0.0,39.7
2025-01-27,R17,2,2,2,0,0,17.5,0.0,64.3
2025-01-28,R17,2,2,2,0,0,16.7,0.0,61.4
2025-01-29,R17,2,2,2,0,0,15.4,0.0,56.6
2025-01-30,R17,2,2,2,0,0,13.2,0.0,48.5
2025-01-31,R17,1,1,1,0,0,11.7,0.0,86.0
2025-02-03,R17,2,2,2,0,0,13.5,0.0,49.6
2025-02-04,R17,3,2,3,0,1,22.1,0.0,54.2
2025-02-05,R17,2,2,2,0,0,17.1,0.0,62.9
2025-02-06,R17,2,2,2,0,0,21.8,0.0,80.1
2025-02-07,R17,1,2,1,0,0,15.6,3.1,100.0
2025-02-10,R17,2,3,2,0,0,22.0,0.1,80.9
2025-02-11,R17,2,2,2,0,0,21.0,0.0,77.4
2025-02-12,R17,2,2,2,0,0,18.2,0.0,66.9
2025-02-13,R17,2,2,2,0,0,19.1,0.0,70.2
2025-02-14,R17,1,2,1,0,0,17.4,4.9,100.0
2025-02-17,R17,2,3,2,0,0,22.9,2.8,84.2
2025-02-18,R17,3,2,3,0,1,18.7,0.0,52.6
2025-02-19,R17,2,2,2,0,0,14.2,0.0,52.2
2025-02-20,R17,2,1,2,0,1,11.5,0.0,42.3
2025-02-21,R17,2,2,2,0,0,16.6,0.0,61.0
2025-02-24,R17,4,3,4,0,1,27.8,0.0,51.1
2025-02-25,R17,2,2,2,0,0,21.7,0.0,79.8
2025-02-26,R17,2,2,2,0,0,15.8,0.0,58.1
2025-02-27,R17,2,2,2,0,0,20.4,0.0,75.0
2025-02-28,R17,2,2,2,0,0,19.3,0.0,71.0
2025-03-03,R17,4,3,4,0,1,27.6,0.0,50.7
2025-03-04,R17,2,2,2,0,0,20.6,0.0,75.7
2025-03-05,R17,2,1,2,0,1,12.2,0.0,44.9
2025-03-06,R17,2,2,2,0,0,18.1,0.0,66.5
2025-03-07,R17,2,2,2,0,0,13.5,0.0,49.6
2025-03-10,R17,3,2,3,0,1,18.9,0.0,46.3
2025-03-11,R17,2,2,2,0,0,14.0,0.0,51.5
2025-03-12,R17,1,2,1,0,0,15.8,3.3,100.0
2025-03-13,R17,2,2,2,0,0,20.6,0.0,87.8
2025-03-14,R17,2,1,2,0,1,8.4,0.0,30.9
2025-03-17,R17,2,2,2,0,0,13.3,0.0,48.9
2025-03-18,R17,1,2,1,0,0,19.0,6.5,100.0
2025-03-19,R17,1,2,1,0,0,14.0,8.0,100.0
2025-03-20,R17,3,3,3,0,0,19.8,0.0,68.1
2025-03-21,R17,1,2,1,0,0,16.0,3.5,100.0
2025-03-24,R17,2,2,2,0,0,20.5,0.0,75.4
2025-03-25,R17,3,2,3,0,1,14.2,0.0,34.8
2025-03-26,R17,3,2,3,0,1,23.8,0.0,58.3
2025-03-27,R17,3,1,3,0,2,9.2,0.0,22.5
2025-03-28,R17,1,2,1,1,0,18.9,0.0,69.5
2025-03-31,R17,2,2,2,0,0,23.7,0.0,87.1
2025-04-01,R17,2,3,2,0,0,27.1,2.1,99.6
2025-04-02,R17,2,1,2,0,1,8.5,0.0,38.9
2025-04-03,R17,1,2,1,0,0,14.6,2.1,100.0
2025-04-04,R17,1,2,1,0,0,15.1,4.7,100.0
2025-04-07,R17,2,4,2,1,0,34.1,1.2,83.6
2025-04-08,R17,2,3,2,0,0,27.2,3.4,100.0
2025-04-09,R17,1,2,1,0,0,16.5,7.4,100.0
2025-04-10,R17,2,3,2,0,0,19.3,1.7,98.2
2025-04-11,R17,2,1,2,0,1,10.2,0.0,43.7
2025-04-14,R17,3,2,3,0,1,16.3,0.0,40.0
2025-04-15,R17,3,2,3,0,1,19.9,0.0,48.8
2025-04-16,R17,2,2,2,0,0,15.0,0.0,55.1
2025-04-17,R17,2,3,2,0,0,25.6,0.6,94.1
2025-04-22,R17,2,2,2,0,0,14.2,0.0,52.2
2025-04-23,R17,2,2,2,0,0,18.7,0.0,68.8
2025-04-24,R17,3,2,3,0,1,16.4,0.0,40.2
2025-04-25,R17,1,1,1,0,0,10.8,0.0,79.4
2025-04-28,R17,3,2,3,0,1,24.1,0.0,59.1
2025-04-29,R17,2,2,2,0,0,16.7,0.0,61.4
2025-04-30,R17,2,2,2,0,0,18.6,0.0,68.4
2025-05-02,R17,1,1,1,0,0,7.1,0.0,52.2
2025-05-05,R17,2,2,2,0,0,20.9,0.0,76.8
2025-05-06,R17,2,2,2,0,0,16.7,0.0,61.4
2025-05-07,R17,2,1,2,0,1,9.8,0.0,36.0
2025-05-08,R17,3,2,3,0,1,21.0,0.0,51.5
2025-05-09,R17,1,1,1,0,0,11.4,0.0,83.8
2025-05-12,R17,2,2,2,0,0,18.3,0.0,67.3
2025-05-13,R17,3,2,3,0,1,23.8,0.0,58.3
2025-05-14,R17,2,2,2,0,0,16.9,0.0,62.1
2025-05-15,R17,2,2,2,0,0,19.5,0.0,71.7
2025-05-16,R17,1,1,1,0,0,10.4,0.0,76.5
2025-05-19,R17,2,2,2,0,0,12.7,0.0,46.7
2025-05-20,R17,2,2,2,0,0,23.7,0.0,87.1
2025-05-21,R17,1,2,1,0,0,16.3,3.8,100.0
2025-05-22,R17,2,2,2,0,0,19.6,0.0,86.0
2025-05-23,R17,1,2,1,0,0,21.5,9.0,100.0
2025-05-26,R17,2,3,2,0,0,27.1,11.1,99.6
2025-05-27,R17,2,4,2,0,0,30.7,16.7,100.0
2025-05-28,R17,1,3,1,2,0,18.4,0.0,86.1
2025-05-30,R17,2,2,2,0,0,12.8,0.0,47.1
2025-06-02,R17,3,2,3,0,1,17.2,0.0,42.2
2025-06-03,R17,3,2,3,0,1,22.9,0.0,56.1
2025-06-04,R17,3,2,3,0,1,20.0,0.0,49.0
2025-06-05,R17,2,2,2,0,0,21.3,0.0,78.3
2025-06-06,R17,1,2,1,0,0,15.8,3.3,100.0
2025-06-10,R17,2,3,2,0,0,27.2,5.5,100.0
2025-06-11,R17,2,3,2,0,0,21.5,1.9,99.1
2025-06-12,R17,2,2,2,0,0,20.3,0.0,81.8
2025-06-13,R17,1,2,1,0,0,14.9,2.4,100.0
2025-06-16,R17,3,2,3,0,1,20.9,0.0,51.2
2025-06-17,R17,2,2,2,0,0,21.9,0.0,80.5
2025-06-18,R17,2,2,2,0,0,21.6,0.0,79.4
2025-06-20,R17,1,1,1,0,0,7.7,0.0,56.6
2025-06-23,R17,3,2,3,0,1,22.2,0.0,54.4
2025-06-24,R17,2,2,2,0,0,18.6,0.0,68.4
2025-06-25,R17,2,3,2,0,0,28.1,3.1,100.0
2025-06-26,R17,2,2,2,0,0,19.4,0.0,82.6
2025-06-27,R17,1,1,1,0,0,11.7,0.0,86.0
2025-06-30,R17,2,2,2,0,0,21.5,0.0,79.0
2025-07-01,R17,1,2,1,0,0,15.5,3.0,100.0
2025-07-02,R17,2,2,2,0,0,14.5,0.0,64.3
2025-07-03,R17,2,3,2,0,0,28.5,3.5,100.0
2025-07-04,R17,1,2,1,0,0,12.6,3.6,100.0
2025-07-07,R17,2,3,2,0,0,22.0,0.5,80.9
2025-07-08,R17,2,3,2,1,0,33.1,0.0,82.5
2025-07-09,R17,2,2,2,0,0,19.1,0.0,70.2
2025-07-10,R17,2,2,2,0,0,19.9,0.0,73.2
2025-07-11,R17,1,2,1,1,0,17.9,0.0,65.8
2025-07-14,R17,3,2,3,0,1,22.0,0.0,53.9
2025-07-15,R17,2,2,2,0,0,21.3,0.0,78.3
2025-07-16,R17,2,2,2,0,0,16.3,0.0,59.9
2025-07-17,R17,2,2,2,0,0,24.2,0.0,89.0
2025-07-18,R17,2,2,2,0,0,15.1,0.0,55.5
2025-07-21,R17,3,2,3,0,1,14.2,0.0,34.8
2025-07-22,R17,3,2,3,0,1,24.3,0.0,59.6
2025-07-23,R17,1,2,1,0,0,13.7,1.2,100.0
2025-07-24,R17,2,2,2,0,0,23.0,0.0,88.9
2025-07-25,R17,1,1,1,0,0,12.2,0.0,89.7
2025-07-28,R17,3,2,3,0,1,19.3,0.0,47.3
2025-07-29,R17,2,2,2,0,0,21.3,0.0,78.3
2025-07-30,R17,1,2,1,1,0,21.4,0.0,78.7
2025-07-31,R17,2,2,2,0,0,18.2,0.0,66.9
2025-08-01,R17,1,2,1,0,0,12.8,0.3,94.1
2025-08-04,R17,3,2,3,0,1,20.0,0.0,49.0
2025-08-05,R17,2,2,2,0,0,23.0,0.0,84.6
2025-08-06,R17,2,2,2,0,0,14.4,0.0,52.9
2025-08-07,R17,2,2,2,0,0,13.2,0.0,48.5
2025-08-08,R17,1,1,1,0,0,6.9,0.0,50.7
2025-08-11,R17,2,2,2,0,0,21.7,0.0,79.8
2025-08-12,R17,2,3,2,0,0,25.5,0.5,93.8
2025-08-13,R17,2,2,2,0,0,14.9,0.0,56.5
2025-08-14,R17,2,2,2,0,0,15.6,0.0,57.4
2025-08-15,R17,1,1,1,0,0,11.8,0.0,86.8
2025-08-18,R17,2,1,2,0,1,10.5,0.0,38.6
2025-08-19,R17,2,2,2,0,0,21.8,0.0,80.1
2025-08-20,R17,2,1,2,0,1,9.1,0.0,33.5
2025-08-21,R17,2,2,2,0,0,19.0,0.0,69.9
2025-08-22,R17,1,1,1,0,0,8.4,0.0,61.8
2025-08-25,R17,2,1,2,0,1,12.0,0.0,44.1
2025-08-26,R17,2,2,2,0,0,21.2,0.0,77.9
2025-08-27,R17,1,2,1,0,0,17.2,4.7,100.0
2025-08-28,R17,2,3,2,1,0,27.6,0.0,79.1
2025-08-29,R17,1,2,1,1,0,21.4,0.0,78.7
2025-09-01,R17,1,2,1,1,0,22.0,0.0,80.9
2025-09-02,R17,2,1,2,0,1,9.6,0.0,35.3
2025-09-03,R17,1,2,1,0,0,16.8,4.3,100.0
2025-09-04,R17,2,3,2,0,0,24.7,4.0,100.0
2025-09-05,R17,1,1,1,0,0,5.0,0.0,65.9
2025-09-08,R17,2,2,2,0,0,15.5,0.0,57.0
2025-09-09,R17,2,3,2,0,0,28.7,3.7,100.0
2025-09-10,R17,2,2,2,0,0,12.2,0.0,58.4
2025-09-11,R17,3,2,3,0,1,19.5,0.0,47.8
2025-09-12,R17,1,2,1,0,0,14.4,1.9,100.0
2025-09-15,R17,2,2,2,0,0,11.9,0.0,43.8
2025-09-16,R17,2,2,2,0,0,18.7,0.0,68.8
2025-09-17,R17,2,3,2,0,0,29.6,4.6,100.0
2025-09-18,R17,2,2,2,0,0,16.5,0.0,77.5
2025-09-19,R17,2,2,2,0,0,13.9,0.0,51.1
2025-09-22,R17,2,2,2,0,0,20.9,0.0,76.8
2025-09-23,R17,2,2,2,0,0,24.6,0.0,90.4
2025-09-24,R17,2,2,2,0,0,15.3,0.0,56.2
2025-09-25,R17,2,2,2,0,0,17.5,0.0,64.3
2025-09-26,R17,1,2,1,0,0,16.2,3.7,100.0
2025-09-29,R17,3,2,3,0,1,15.8,0.0,38.7
2025-09-30,R17,2,1,2,0,1,11.9,0.0,43.7
2025-10-01,R17,2,2,2,0,0,22.0,0.0,80.9
2025-10-02,R17,2,3,2,0,0,26.3,1.3,96.7
2025-10-06,R17,2,2,2,0,0,19.2,0.0,70.6
2025-10-07,R17,2,2,2,0,0,22.2,0.0,81.6
2025-10-08,R17,2,2,2,0,0,21.2,0.0,77.9
2025-10-09,R17,3,2,3,0,1,23.5,0.0,57.6
2025-10-10,R17,2,1,2,0,1,11.8,0.0,43.4
2025-10-13,R17,3,2,3,0,1,20.7,0.0,50.7
2025-10-14,R17,1,2,1,1,0,21.8,0.0,80.1
2025-10-15,R17,1,2,1,0,0,14.7,2.2,100.0
2025-10-16,R17,2,3,2,0,0,24.4,1.6,97.7
2025-10-17,R17,1,2,1,0,0,12.0,1.1,99.7
2025-10-20,R17,3,2,3,0,1,18.4,0.0,45.1
2025-10-21,R17,2,2,2,0,0,19.8,0.0,72.8
2025-10-22,R17,2,2,2,0,0,13.3,0.0,48.9
2025-10-23,R17,2,2,2,0,0,21.8,0.0,80.1
2025-10-24,R17,1,2,1,0,0,18.5,6.0,100.0
2025-10-27,R17,2,3,2,1,0,27.4,0.0,67.2
2025-10-28,R17,2,2,2,0,0,20.9,0.0,76.8
2025-10-29,R17,2,2,2,0,0,19.1,0.0,70.2
2025-10-30,R17,2,3,2,0,0,32.9,7.9,100.0
2025-10-31,R17,1,2,1,1,0,12.5,0.0,74.9
2025-11-03,R17,2,2,2,0,0,20.4,0.0,75.0
2025-11-04,R17,2,2,2,0,0,21.6,0.0,79.4
2025-11-05,R17,3,2,3,0,1,13.3,0.0,32.6
2025-11-06,R17,2,2,2,0,0,20.4,0.0,75.0
2025-11-07,R17,2,2,2,0,0,16.1,0.0,59.2
2025-11-10,R17,2,2,2,0,0,20.7,0.0,76.1
2025-11-11,R17,3,3,3,0,0,27.7,0.0,67.9
2025-11-12,R17,2,2,2,0,0,20.1,0.0,73.9
2025-11-13,R17,2,3,2,0,0,26.5,1.5,97.4
2025-11-14,R17,2,3,2,0,0,25.7,2.2,99.9
2025-11-17,R17,3,2,3,0,1,14.5,0.0,35.5
2025-11-18,R17,2,3,2,0,0,27.4,2.4,100.0
2025-11-19,R17,2,2,2,0,0,13.9,0.0,59.8
2025-11-20,R17,3,2,3,0,1,17.7,0.0,43.4
2025-11-21,R17,2,2,2,0,0,12.7,0.0,46.7
2025-11-24,R17,2,3,2,0,0,27.2,2.2,100.0
2025-11-25,R17,3,3,3,0,0,25.3,0.0,67.3
2025-11-26,R17,2,2,2,0,0,15.0,0.0,55.1
2025-11-27,R17,3,2,3,0,1,21.0,0.0,51.5
2025-11-28,R17,2,1,2,0,1,11.9,0.0,43.7
2025-12-01,R17,3,2,3,0,1,23.9,0.0,58.6
2025-12-02,R17,3,3,3,0,0,27.8,0.0,68.1
2025-12-03,R17,2,2,2,0,0,17.4,0.0,64.0
2025-12-04,R17,1,3,1,1,0,25.3,0.3,93.0
2025-12-05,R17,1,1,1,0,0,12.2,0.0,91.7
2025-12-08,R17,3,2,3,0,1,22.7,0.0,55.6
2025-12-09,R17,3,2,3,0,1,19.9,0.0,48.8
2025-12-10,R17,2,2,2,0,0,17.9,0.0,65.8
2025-12-11,R17,2,2,2,0,0,19.8,0.0,72.8
2025-12-12,R17,1,2,1,0,0,14.2,1.7,100.0
2025-12-15,R17,3,3,3,0,0,24.6,0.0,60.3
2025-12-16,R17,2,3,2,0,0,28.1,3.1,100.0
2025-12-17,R17,2,2,2,0,0,13.5,0.0,60.9
2025-12-18,R17,2,2,2,0,0,21.4,0.0,78.7
2025-12-19,R17,1,1,1,0,0,7.5,0.0,55.1
2025-12-22,R17,2,2,2,0,0,12.7,0.0,46.7
2025-12-23,R17,2,2,2,0,0,13.3,0.0,48.9
2025-12-24,R17,2,1,2,0,1,9.7,0.0,35.7
2025-12-29,R17,2,1,2,0,1,10.6,0.0,39.0
2025-12-30,R17,2,1,2,0,1,6.4,0.0,23.5
2025-12-31,R17,1,2,1,0,0,13.4,0.9,98.5
2026-01-02,R17,1,1,1,0,0,3.7,0.0,27.2
2026-01-05,R17,1,1,1,0,0,11.9,0.0,87.5
2026-01-07,R17,2,1,2,0,1,12.5,0.0,46.0
2026-01-08,R17,2,2,2,0,0,22.0,0.0,80.9
2026-01-09,R17,1,1,1,0,0,9.5,0.0,69.9
2026-01-12,R17,2,1,2,0,1,10.0,0.0,36.8
2026-01-13,R17,0,2,0,0,0,17.1,17.1,0.0
2026-01-14,R17,2,4,2,0,0,28.4,20.5,100.0
2026-01-15,R17,2,4,2,1,0,23.0,5.9,100.0
2026-01-16,R17,1,2,1,0,0,9.5,2.9,100.0
2026-01-19,R17,2,2,2,0,0,19.5,0.0,71.7
2026-01-20,R17,2,2,2,0,0,22.8,0.0,83.8
2026-01-21,R17,3,2,3,0,1,21.3,0.0,52.2
2026-01-22,R17,3,2,3,0,1,19.5,0.0,47.8
2026-01-23,R17,1,3,1,1,0,26.0,1.0,95.6
2026-01-26,R17,3,2,3,0,1,21.6,0.0,52.9
2026-01-27,R17,2,2,2,0,0,18.5,0.0,68.0
2026-01-28,R17,3,2,3,0,1,16.8,0.0,41.2
2026-01-29,R17,2,2,2,0,0,24.9,0.0,91.5
2026-01-30,R17,2,1,2,0,1,10.1,0.0,37.1
2026-02-02,R17,2,2,2,0,0,23.5,0.0,86.4
2026-02-03,R17,2,2,2,0,0,18.7,0.0,68.8
2026-02-04,R17,2,2,2,0,0,16.6,0.0,61.0
2026-02-05,R17,2,2,2,0,0,24.4,0.0,89.7
2026-02-06,R17,1,2,1,1,0,19.1,0.0,70.2
2026-02-09,R17,2,2,2,0,0,14.7,0.0,54.0
2026-02-10,R17,2,2,2,0,0,13.8,0.0,50.7
2026-02-11,R17,2,2,2,0,0,22.3,0.0,82.0
2026-02-12,R17,1,3,1,1,0,29.6,4.6,100.0
2026-02-13,R17,2,2,2,0,0,10.3,0.0,54.7
2026-02-16,R17,3,2,3,0,1,23.5,0.0,57.6
2026-02-17,R17,2,2,2,0,0,17.1,0.0,62.9
2026-02-18,R17,2,2,2,0,0,20.8,0.0,76.5
2026-02-19,R17,3,2,3,0,1,24.5,0.0,60.0
2026-02-20,R17,2,1,2,0,1,10.8,0.0,39.7
2026-02-23,R17,3,2,3,0,1,13.5,0.0,33.1
2026-02-24,R17,2,2,2,0,0,14.9,0.0,54.8
2026-02-25,R17,2,2,2,0,0,18.3,0.0,67.3
2026-02-26,R17,2,3,2,0,0,27.8,2.8,100.0
2026-02-27,R17,1,2,1,1,0,20.4,0.0,85.2
2026-03-02,R17,3,2,3,0,1,14.9,0.0,36.5
2026-03-03,R17,2,2,2,0,0,14.7,0.0,54.0
2026-03-04,R17,2,2,2,0,0,19.3,0.0,71.0
2026-03-05,R17,1,2,1,0,0,21.8,9.3,100.0
2026-03-06,R17,1,3,1,1,0,17.9,2.2,100.0
2026-03-09,R17,2,2,2,0,0,22.5,0.0,82.7
2026-03-10,R17,2,3,2,0,0,27.3,2.3,100.0
2026-03-11,R17,2,2,2,0,0,15.3,0.0,64.6
2026-03-12,R17,2,1,2,0,1,11.6,0.0,42.6
2026-03-13,R17,2,2,2,0,0,16.2,0.0,59.6
2026-03-16,R17,2,1,2,0,1,9.9,0.0,36.4
2026-03-17,R17,3,2,3,0,1,22.5,0.0,55.1
2026-03-18,R17,1,2,1,1,0,19.3,0.0,71.0
2026-03-19,R17,2,3,2,0,0,25.8,0.8,94.9
2026-03-20,R17,2,2,2,0,0,12.3,0.0,48.1
2026-03-23,R17,2,2,2,0,0,17.8,0.0,65.4
2026-03-24,R17,2,2,2,0,0,21.8,0.0,80.1
2026-03-25,R17,1,2,1,0,0,15.3,2.8,100.0
2026-03-26,R17,3,3,3,0,0,24.8,0.0,67.6
2026-03-27,R17,2,2,2,0,0,18.6,0.0,68.4
2026-03-30,R17,3,3,3,0,0,28.1,0.0,68.9
2026-03-31,R17,2,3,2,0,0,28.8,3.8,100.0
2026-04-01,R17,2,2,2,0,0,20.7,0.0,90.0
2026-04-02,R17,2,2,2,0,0,21.4,0.0,78.7
2026-04-07,R17,3,3,3,0,0,25.5,0.0,62.5
2026-04-08,R17,2,2,2,0,0,14.9,0.0,54.8
2026-04-09,R17,3,2,3,0,1,22.1,0.0,54.2
2026-04-10,R17,2,2,2,0,0,20.6,0.0,75.7
2026-04-13,R17,3,2,3,0,1,18.4,0.0,45.1
2026-04-14,R17,3,2,3,0,1,20.0,0.0,49.0
2026-04-15,R17,2,2,2,0,0,13.5,0.0,49.6
2026-04-16,R17,3,2,3,0,1,20.3,0.0,49.8
2026-04-17,R17,2,2,2,0,0,16.6,0.0,61.0
2026-04-20,R17,3,3,3,0,0,27.0,0.0,66.2
2026-04-21,R17,2,2,2,0,0,23.5,0.0,86.4
2026-04-22,R17,2,2,2,0,0,24.7,0.0,90.8
2026-04-23,R17,2,1,2,0,1,6.5,0.0,23.9
2026-04-24,R17,1,2,1,0,0,15.6,3.1,100.0
2026-04-27,R17,3,2,3,0,1,21.1,0.0,51.7
2026-04-28,R17,2,2,2,0,0,17.2,0.0,63.2
2026-04-29,R17,1,2,1,1,0,17.9,0.0,65.8
2026-04-30,R17,1,2,1,1,0,22.0,0.0,80.9
2026-05-04,R17,2,3,2,0,0,25.2,0.2,92.6
2026-05-05,R17,2,2,2,0,0,18.0,0.0,66.8
2026-05-06,R17,1,1,1,0,0,9.8,0.0,72.1
2026-05-07,R17,3,3,3,0,0,28.6,0.0,70.1
2026-05-08,R17,1,1,1,0,0,12.3,0.0,90.4
2026-05-11,R17,3,2,3,0,1,22.2,0.0,54.4
2026-05-12,R17,2,2,2,0,0,23.8,0.0,87.5
2026-05-13,R17,1,2,1,1,0,18.1,0.0,66.5
2026-05-15,R17,1,1,1,0,0,10.2,0.0,75.0
2026-05-18,R17,3,2,3,0,1,24.6,0.0,60.3
2026-05-19,R17,2,3,2,0,0,25.6,0.6,94.1
2026-05-20,R17,2,2,2,0,0,20.4,0.0,77.1
2026-05-21,R17,3,2,3,0,1,19.0,0.0,46.6
2026-05-22,R17,1,2,1,0,0,14.9,2.4,100.0
2026-05-26,R17,3,2,3,0,1,19.5,0.0,47.8
2026-05-27,R17,2,2,2,0,0,14.0,0.0,51.5
2026-05-28,R17,2,2,2,0,0,24.4,0.0,89.7
2026-05-29,R17,1,2,1,0,0,13.8,1.3,100.0
2026-06-01,R17,2,2,2,0,0,14.1,0.0,51.8
2026-06-02,R17,2,2,2,0,0,24.3,0.0,89.3
2026-06-03,R17,2,2,2,0,0,17.5,0.0,64.3
2026-06-05,R17,2,2,2,0,0,16.9,0.0,62.1
2026-06-08,R17,2,3,2,0,0,32.3,7.3,100.0
2026-06-09,R17,2,3,2,0,0,20.7,3.0,100.0
2026-06-10,R17,2,3,2,0,0,23.4,1.3,96.9
2026-06-11,R17,2,2,2,0,0,22.9,0.0,89.1
2026-06-12,R17,1,1,1,0,0,7.4,0.0,54.4
2026-06-15,R17,3,3,3,0,0,26.4,0.0,64.7
2026-06-16,R17,2,2,2,0,0,23.2,0.0,85.3
2026-06-17,R17,2,2,2,0,0,24.1,0.0,88.6
2026-06-18,R17,2,2,2,0,0,23.1,0.0,84.9
2026-06-19,R17,1,2,1,0,0,20.4,7.9,100.0
2026-06-22,R17,3,3,3,0,0,17.9,0.0,43.9
2026-06-23,R17,2,2,2,0,0,16.9,0.0,62.1
2026-06-24,R17,2,3,2,0,0,27.5,2.5,100.0
2026-06-25,R17,2,3,2,0,0,33.3,10.8,100.0
2026-06-26,R17,1,2,1,1,0,12.6,0.0,85.9
2026-06-29,R17,3,2,3,0,1,21.9,0.0,53.7
2026-06-30,R17,2,2,2,0,0,23.5,0.0,86.4
2026-07-01,R17,2,3,2,0,0,25.4,0.4,93.4
2026-07-02,R17,2,2,2,0,0,23.9,0.0,89.2
2026-07-03,R17,2,2,2,0,0,15.3,0.0,56.2
2026-07-06,R17,3,2,3,0,1,24.5,0.0,60.0
2026-07-07,R17,2,2,2,0,0,22.6,0.0,83.1
2026-07-08,R17,2,1,2,0,1,11.9,0.0,43.7
2026-07-09,R17,2,3,2,1,0,30.5,0.0,74.8
2026-07-10,R17,2,1,2,0,1,11.8,0.0,43.4
2026-07-13,R17,2,2,2,0,0,23.2,0.0,85.3
2026-07-14,R17,2,2,2,0,0,20.8,0.0,76.5
2026-07-15,R17,1,3,1,1,0,28.0,3.0,100.0
2026-07-16,R17,2,3,2,0,0,26.2,4.2,100.0
2026-07-17,R17,1,2,1,1,0,18.0,0.0,81.4
2026-07-20,R17,2,3,2,1,0,31.6,0.0,77.5
2026-07-21,R17,2,3,2,1,0,36.6,0.0,89.7
2026-07-22,R17,2,2,2,0,0,21.6,0.0,79.4
2026-07-23,R17,2,2,2,0,0,20.6,0.0,75.7
2026-07-24,R17,1,1,1,0,0,12.1,0.0,89.0
2026-07-27,R17,2,2,2,0,0,14.9,0.0,54.8
2026-07-28,R17,3,3,3,0,0,25.1,0.0,61.5
2026-07-29,R17,1,2,1,0,0,18.6,6.1,100.0
2026-07-30,R17,2,3,2,0,0,24.4,5.5,100.0
2026-07-31,R17,1,2,1,0,0,12.1,5.1,100.0
2026-08-03,R17,3,2,3,0,1,10.2,0.0,25.0
2026-08-04,R17,3,2,3,0,1,16.9,0.0,41.4
2026-08-05,R17,1,1,1,0,0,9.1,0.0,66.9
2026-08-06,R17,2,1,2,0,1,11.9,0.0,43.7
2026-08-07,R17,1,1,1,0,0,8.9,0.0,65.4
2026-08-10,R17,2,2,2,0,0,17.5,0.0,64.3
2026-08-11,R17,3,2,3,0,1,18.4,0.0,45.1
2026-08-12,R17,1,1,1,0,0,10.1,0.0,74.3
2026-08-13,R17,1,2,1,0,0,13.6,1.1,100.0
2026-08-14,R17,1,1,1,0,0,10.2,0.0,83.0
2026-08-17,R17,2,2,2,0,0,22.9,0.0,84.2
2026-08-18,R17,2,2,2,0,0,14.6,0.0,53.7
2026-08-19,R17,1,2,1,0,0,13.9,1.4,100.0
2026-08-20,R17,3,2,3,0,1,19.6,0.0,51.4
2026-08-21,R17,1,2,1,0,0,14.3,1.8,100.0
2026-08-24,R17,2,2,2,0,0,14.3,0.0,52.6
2026-08-25,R17,2,2,2,0,0,18.0,0.0,66.2
2026-08-26,R17,1,1,1,0,0,12.2,0.0,89.7
2026-08-27,R17,2,2,2,0,0,14.2,0.0,52.2
2026-08-28,R17,2,2,2,0,0,13.4,0.0,49.3
2026-08-31,R17,2,2,2,0,0,19.6,0.0,72.1
2024-01-02,R18,2,2,2,0,0,12.6,0.0,46.3
2024-01-03,R18,1,1,1,0,0,10.6,0.0,77.9
2024-01-04,R18,3,2,3,0,1,15.2,0.0,37.3
2024-01-05,R18,0,1,0,0,0,10.9,10.9,0.0
2024-01-08,R18,2,2,2,0,0,11.9,0.0,43.7
2024-01-09,R18,2,1,2,0,1,8.0,0.0,29.4
2024-01-10,R18,1,2,1,1,0,21.3,0.0,78.3
2024-01-11,R18,2,2,2,0,0,14.5,0.0,53.3
2024-01-12,R18,1,1,1,0,0,7.9,0.0,58.1
2024-01-15,R18,2,2,2,0,0,18.7,0.0,68.8
2024-01-16,R18,1,2,1,0,0,12.9,0.4,94.9
2024-01-17,R18,2,1,2,0,1,7.5,0.0,29.0
2024-01-18,R18,2,1,2,0,1,7.3,0.0,26.8
2024-01-19,R18,1,2,1,0,0,13.5,1.0,99.3
2024-01-22,R18,2,2,2,0,0,19.5,0.0,71.7
2024-01-23,R18,2,1,2,0,1,9.8,0.0,36.0
2024-01-24,R18,1,2,1,1,0,18.6,0.0,68.4
2024-01-25,R18,1,1,1,0,0,9.0,0.0,66.2
2024-01-26,R18,1,1,1,0,0,6.1,0.0,44.9
2024-01-29,R18,2,2,2,0,0,15.6,0.0,57.4
2024-01-30,R18,1,1,1,0,0,12.2,0.0,89.7
2024-01-31,R18,2,2,2,0,0,17.4,0.0,64.0
2024-02-01,R18,1,1,1,0,0,11.4,0.0,83.8
2024-02-02,R18,1,2,1,0,0,15.5,3.0,100.0
2024-02-05,R18,2,2,2,0,0,20.1,0.0,73.9
2024-02-06,R18,1,1,1,0,0,11.0,0.0,80.9
2024-02-07,R18,2,2,2,0,0,18.9,0.0,69.5
2024-02-08,R18,2,1,2,0,1,9.9,0.0,36.4
2024-02-09,R18,1,1,1,0,0,8.8,0.0,64.7
2024-02-12,R18,2,1,2,0,1,10.6,0.0,39.0
2024-02-13,R18,1,2,1,0,0,17.5,5.0,100.0
2024-02-14,R18,2,2,2,0,0,13.6,0.0,68.3
2024-02-15,R18,1,1,1,0,0,8.1,0.0,59.6
2024-02-16,R18,1,1,1,0,0,6.6,0.0,48.5
2024-02-19,R18,2,2,2,0,0,17.0,0.0,62.5
2024-02-20,R18,1,1,1,0,0,8.1,0.0,59.6
2024-02-21,R18,2,1,2,0,1,9.9,0.0,36.4
2024-02-22,R18,2,1,2,0,1,11.7,0.0,43.0
2024-02-23,R18,1,2,1,0,0,14.6,2.1,100.0
2024-02-26,R18,2,2,2,0,0,10.9,0.0,40.1
2024-02-27,R18,1,1,1,0,0,12.1,0.0,89.0
2024-02-28,R18,1,2,1,0,0,14.3,1.8,100.0
2024-02-29,R18,1,2,1,0,0,14.2,3.5,100.0
2024-03-01,R18,1,2,1,0,0,11.5,2.5,100.0
2024-03-04,R18,2,2,2,0,0,14.9,0.0,54.8
2024-03-05,R18,1,1,1,0,0,11.3,0.0,83.1
2024-03-06,R18,2,1,2,0,1,10.8,0.0,39.7
2024-03-07,R18,2,2,2,0,0,15.0,0.0,55.1
2024-03-08,R18,2,1,2,0,1,10.4,0.0,38.2
2024-03-11,R18,3,2,3,0,1,15.1,0.0,37.0
2024-03-12,R18,1,1,1,0,0,6.6,0.0,48.5
2024-03-13,R18,2,2,2,0,0,12.7,0.0,46.7
2024-03-14,R18,2,1,2,0,1,9.6,0.0,35.3
2024-03-15,R18,1,1,1,0,0,11.7,0.0,86.0
2024-03-18,R18,2,1,2,0,1,10.4,0.0,38.2
2024-03-19,R18,1,1,1,0,0,5.2,0.0,38.2
2024-03-20,R18,2,1,2,0,1,12.3,0.0,45.2
2024-03-21,R18,1,1,1,0,0,8.1,0.0,59.6
2024-03-22,R18,1,1,1,0,0,9.5,0.0,69.9
2024-03-25,R18,2,2,2,0,0,16.8,0.0,61.8
2024-03-26,R18,1,2,1,0,0,17.3,4.8,100.0
2024-03-27,R18,1,2,1,0,0,12.3,4.6,100.0
2024-03-28,R18,1,2,1,0,0,9.3,1.4,100.0
2024-04-02,R18,2,2,2,0,0,12.3,0.0,45.2
2024-04-03,R18,2,1,2,0,1,10.6,0.0,39.0
2024-04-04,R18,2,2,2,0,0,16.8,0.0,61.8
2024-04-05,R18,1,1,1,0,0,8.9,0.0,65.4
2024-04-08,R18,3,2,3,0,1,14.0,0.0,34.3
2024-04-09,R18,2,1,2,0,1,9.8,0.0,36.0
2024-04-10,R18,1,2,1,0,0,14.1,1.6,100.0
2024-04-11,R18,2,2,2,0,0,12.3,0.0,51.1
2024-04-12,R18,1,1,1,0,0,7.5,0.0,55.1
2024-04-15,R18,2,2,2,0,0,17.8,0.0,65.4
2024-04-16,R18,1,2,1,0,0,13.6,1.1,100.0
2024-04-17,R18,1,2,1,0,0,12.0,0.6,96.2
2024-04-18,R18,2,1,2,0,1,11.7,0.0,45.1
2024-04-19,R18,1,2,1,0,0,13.0,0.5,95.6
2024-04-22,R18,2,2,2,0,0,17.0,0.0,62.5
2024-04-23,R18,1,1,1,0,0,10.3,0.0,75.7
2024-04-24,R18,2,2,2,0,0,17.5,0.0,64.3
2024-04-25,R18,2,2,2,0,0,12.7,0.0,46.7
2024-04-26,R18,1,2,1,0,0,13.9,1.4,100.0
2024-04-29,R18,3,2,3,0,1,11.8,0.0,28.9
2024-04-30,R18,1,2,1,1,0,17.8,0.0,65.4
2024-05-02,R18,2,2,2,0,0,14.4,0.0,52.9
2024-05-03,R18,2,1,2,0,1,10.4,0.0,38.2
2024-05-06,R18,3,2,3,0,1,13.2,0.0,32.4
2024-05-07,R18,2,2,2,0,0,13.1,0.0,48.2
2024-05-08,R18,1,2,1,0,0,14.2,1.7,100.0
2024-05-10,R18,1,1,1,0,0,6.4,0.0,47.1
2024-05-13,R18,2,1,2,0,1,12.0,0.0,44.1
2024-05-14,R18,2,2,2,0,0,18.8,0.0,69.1
2024-05-15,R18,2,2,2,0,0,17.2,0.0,63.2
2024-05-16,R18,2,1,2,0,1,5.2,0.0,19.1
2024-05-17,R18,1,1,1,0,0,9.2,0.0,67.6
2024-05-21,R18,2,1,2,0,1,9.5,0.0,34.9
2024-05-22,R18,2,2,2,0,0,15.2,0.0,55.9
2024-05-23,R18,1,1,1,0,0,11.2,0.0,82.4
2024-05-24,R18,1,1,1,0,0,10.7,0.0,78.7
2024-05-27,R18,1,2,1,0,0,13.9,1.4,100.0
2024-05-28,R18,2,2,2,0,0,11.3,0.0,46.6
2024-05-29,R18,2,2,2,0,0,17.9,0.0,65.8
2024-05-31,R18,1,1,1,0,0,5.6,0.0,41.2
2024-06-03,R18,3,2,3,0,1,12.8,0.0,31.4
2024-06-04,R18,3,1,3,0,2,8.0,0.0,19.6
2024-06-05,R18,2,2,2,0,0,13.3,0.0,48.9
2024-06-06,R18,1,2,1,1,0,18.1,0.0,66.5
2024-06-07,R18,1,1,1,0,0,2.5,0.0,18.4
2024-06-10,R18,3,2,3,0,1,13.8,0.0,33.8
2024-06-11,R18,1,1,1,0,0,9.5,0.0,69.9
2024-06-12,R18,1,2,1,1,0,18.9,0.0,69.5
2024-06-13,R18,2,2,2,0,0,14.7,0.0,54.0
2024-06-14,R18,1,2,1,0,0,12.6,0.1,92.6
2024-06-17,R18,3,2,3,0,1,13.4,0.0,32.8
2024-06-18,R18,1,1,1,0,0,10.0,0.0,73.5
2024-06-19,R18,3,2,3,0,1,15.1,0.0,37.0
2024-06-20,R18,2,2,2,0,0,15.0,0.0,55.1
2024-06-21,R18,1,1,1,0,0,7.8,0.0,57.4
2024-06-24,R18,3,1,3,0,2,10.4,0.0,25.5
2024-06-25,R18,1,1,1,0,0,10.8,0.0,79.4
2024-06-26,R18,2,1,2,0,1,10.4,0.0,38.2
2024-06-27,R18,2,1,2,0,1,12.5,0.0,46.0
2024-06-28,R18,1,1,1,0,0,10.1,0.0,74.3
2024-07-01,R18,2,2,2,0,0,21.7,0.0,79.8
2024-07-02,R18,1,1,1,0,0,8.8,0.0,64.7
2024-07-03,R18,2,1,2,0,1,10.3,0.0,37.9
2024-07-04,R18,1,2,1,0,0,14.7,2.2,100.0
2024-07-05,R18,1,2,1,0,0,11.1,0.8,97.7
2024-07-08,R18,2,1,2,0,1,11.5,0.0,42.3
2024-07-09,R18,1,1,1,0,0,8.8,0.0,64.7
2024-07-10,R18,1,2,1,0,0,16.6,4.1,100.0
2024-07-11,R18,2,2,2,0,0,16.8,0.0,76.8
2024-07-12,R18,2,2,2,0,0,12.8,0.0,47.1
2024-07-15,R18,1,1,1,0,0,12.3,0.0,90.4
2024-07-16,R18,1,2,1,0,0,14.2,1.7,100.0
2024-07-17,R18,2,1,2,0,1,9.2,0.0,40.0
2024-07-18,R18,1,1,1,0,0,12.1,0.0,89.0
2024-07-19,R18,1,1,1,0,0,8.8,0.0,64.7
2024-07-22,R18,2,2,2,0,0,13.9,0.0,51.1
2024-07-23,R18,2,1,2,0,1,9.4,0.0,34.6
2024-07-24,R18,1,1,1,0,0,10.5,0.0,77.2
2024-07-25,R18,2,1,2,0,1,6.1,0.0,22.4
2024-07-26,R18,1,2,1,0,0,12.8,0.3,94.1
2024-07-29,R18,2,2,2,0,0,15.5,0.0,57.0
2024-07-30,R18,1,1,1,0,0,4.3,0.0,31.6
2024-07-31,R18,1,1,1,0,0,11.0,0.0,80.9
2024-08-01,R18,2,1,2,0,1,6.1,0.0,22.4
2024-08-02,R18,1,1,1,0,0,5.8,0.0,42.6
2024-08-05,R18,3,1,3,0,2,11.2,0.0,27.5
2024-08-06,R18,1,1,1,0,0,7.7,0.0,56.6
2024-08-07,R18,1,2,1,0,0,14.5,2.0,100.0
2024-08-08,R18,1,1,1,0,0,5.2,0.0,52.9
2024-08-09,R18,1,1,1,0,0,7.5,0.0,55.1
2024-08-12,R18,3,1,3,0,2,10.1,0.0,24.8
2024-08-13,R18,1,1,1,0,0,6.6,0.0,48.5
2024-08-14,R18,2,2,2,0,0,14.3,0.0,52.6
2024-08-15,R18,1,1,1,0,0,10.1,0.0,74.3
2024-08-16,R18,1,1,1,0,0,9.2,0.0,67.6
2024-08-19,R18,2,1,2,0,1,12.3,0.0,45.2
2024-08-20,R18,1,1,1,0,0,9.7,0.0,71.3
2024-08-21,R18,2,1,2,0,1,8.1,0.0,29.8
2024-08-22,R18,1,2,1,0,0,15.2,2.7,100.0
2024-08-23,R18,1,1,1,0,0,6.9,0.0,70.5
2024-08-26,R18,1,2,1,0,0,13.2,0.7,97.1
2024-08-27,R18,1,1,1,0,0,10.1,0.0,79.3
2024-08-28,R18,1,1,1,0,0,11.9,0.0,87.5
2024-08-29,R18,2,1,2,0,1,12.3,0.0,45.2
2024-08-30,R18,1,1,1,0,0,5.6,0.0,41.2
2024-09-02,R18,2,2,2,0,0,13.8,0.0,50.7
2024-09-03,R18,1,1,1,0,0,10.9,0.0,80.1
2024-09-04,R18,1,1,1,0,0,10.3,0.0,75.7
2024-09-05,R18,1,1,1,0,0,6.9,0.0,50.7
2024-09-06,R18,0,1,0,1,0,5.3,0.0,39.0
2024-09-09,R18,1,2,1,1,0,21.1,0.0,77.6
2024-09-10,R18,1,1,1,0,0,8.9,0.0,65.4
2024-09-11,R18,1,2,1,0,0,16.4,3.9,100.0
2024-09-12,R18,1,2,1,0,0,11.7,3.1,100.0
2024-09-13,R18,1,1,1,0,0,7.8,0.0,80.0
2024-09-16,R18,3,2,3,0,1,13.9,0.0,34.1
2024-09-17,R18,1,2,1,1,0,19.8,0.0,72.8
2024-09-18,R18,2,2,2,0,0,18.1,0.0,66.5
2024-09-19,R18,2,1,2,0,1,10.4,0.0,38.2
2024-09-20,R18,1,1,1,0,0,10.3,0.0,75.7
2024-09-23,R18,3,2,3,0,1,18.2,0.0,44.6
2024-09-24,R18,2,1,2,0,1,8.4,0.0,30.9
2024-09-25,R18,2,2,2,0,0,19.2,0.0,70.6
2024-09-26,R18,1,1,1,0,0,10.1,0.0,74.3
2024-09-27,R18,1,2,1,0,0,12.8,0.3,94.1
2024-09-30,R18,2,2,2,0,0,17.7,0.0,65.1
2024-10-01,R18,1,2,1,0,0,15.2,2.7,100.0
2024-10-02,R18,1,2,1,0,0,16.2,6.4,100.0
2024-10-04,R18,2,1,2,0,1,5.4,0.0,19.9
2024-10-07,R18,3,2,3,0,1,15.4,0.0,37.7
2024-10-08,R18,1,2,1,0,0,12.8,0.3,94.1
2024-10-09,R18,2,1,2,0,1,9.1,0.0,34.5
2024-10-10,R18,1,2,1,0,0,14.1,1.6,100.0
2024-10-11,R18,1,2,1,1,0,20.9,0.0,82.7
2024-10-14,R18,2,2,2,0,0,15.5,0.0,57.0
2024-10-15,R18,3,2,3,0,1,12.6,0.0,30.9
2024-10-16,R18,1,1,1,0,0,11.1,0.0,81.6
2024-10-17,R18,2,1,2,0,1,10.0,0.0,36.8
2024-10-18,R18,1,2,1,0,0,13.7,1.2,100.0
2024-10-21,R18,2,2,2,0,0,19.0,0.0,69.9
2024-10-22,R18,2,2,2,0,0,14.4,0.0,52.9
2024-10-23,R18,1,1,1,0,0,7.2,0.0,52.9
2024-10-24,R18,1,2,1,0,0,15.3,2.8,100.0
2024-10-25,R18,2,2,2,0,0,12.2,0.0,55.1
2024-10-28,R18,2,2,2,0,0,14.1,0.0,51.8
2024-10-29,R18,2,1,2,0,1,8.2,0.0,30.1
2024-10-30,R18,1,2,1,0,0,13.1,0.6,96.3
2024-10-31,R18,1,1,1,0,0,10.3,0.0,80.1
2024-11-04,R18,3,2,3,0,1,13.8,0.0,33.8
2024-11-05,R18,1,2,1,0,0,15.1,2.6,100.0
2024-11-06,R18,1,2,1,1,0,16.4,0.0,69.8
2024-11-07,R18,2,1,2,0,1,11.7,0.0,43.0
2024-11-08,R18,2,1,2,0,1,7.6,0.0,27.9
2024-11-11,R18,3,2,3,0,1,14.1,0.0,34.6
2024-11-12,R18,2,1,2,0,1,12.1,0.0,44.5
2024-11-13,R18,3,2,3,0,1,19.1,0.0,46.8
2024-11-14,R18,1,1,1,0,0,4.8,0.0,35.3
2024-11-15,R18,1,2,1,0,0,14.2,1.7,100.0
2024-11-18,R18,2,2,2,0,0,14.0,0.0,51.5
2024-11-19,R18,1,2,1,0,0,17.2,4.7,100.0
2024-11-20,R18,2,2,2,0,0,11.0,0.0,57.7
2024-11-21,R18,1,1,1,0,0,9.9,0.0,72.8
2024-11-22,R18,1,2,1,0,0,12.8,0.3,94.1
2024-11-25,R18,2,2,2,0,0,18.2,0.0,66.9
2024-11-26,R18,2,1,2,0,1,4.0,0.0,14.7
2024-11-27,R18,2,1,2,0,1,11.3,0.0,41.5
2024-11-28,R18,0,2,0,1,0,13.0,0.5,95.6
2024-11-29,R18,2,1,2,0,1,10.1,0.0,38.9
2024-12-02,R18,2,2,2,0,0,14.4,0.0,52.9
2024-12-03,R18,2,1,2,0,1,11.1,0.0,40.8
2024-12-04,R18,1,1,1,0,0,10.9,0.0,80.1
2024-12-05,R18,1,1,1,0,0,7.6,0.0,55.9
2024-12-06,R18,1,1,1,0,0,9.3,0.0,68.4
2024-12-09,R18,2,2,2,0,0,15.8,0.0,58.1
2024-12-10,R18,1,1,1,0,0,6.1,0.0,44.9
2024-12-11,R18,1,2,1,0,0,17.2,4.7,100.0
2024-12-12,R18,1,2,1,0,0,12.1,4.3,100.0
2024-12-13,R18,1,2,1,0,0,8.7,0.5,95.4
2024-12-16,R18,3,1,3,0,2,11.4,0.0,27.9
2024-12-17,R18,2,1,2,0,1,8.9,0.0,32.7
2024-12-18,R18,2,2,2,0,0,12.6,0.0,46.3
2024-12-19,R18,2,1,2,0,1,9.3,0.0,34.2
2024-12-20,R18,1,1,1,0,0,8.6,0.0,63.2
2024-12-23,R18,2,1,2,0,1,8.6,0.0,31.6
2024-12-24,R18,1,1,1,0,0,5.6,0.0,41.2
2024-12-27,R18,1,1,1,0,0,4.0,0.0,29.4
2024-12-30,R18,1,1,1,0,0,8.3,0.0,61.0
2024-12-31,R18,1,1,1,0,0,9.3,0.0,68.4
2025-01-02,R18,1,1,1,0,0,5.2,0.0,38.2
2025-01-03,R18,0,1,0,1,0,7.6,0.0,55.9
2025-01-07,R18,2,1,2,0,1,7.2,0.0,26.5
2025-01-08,R18,2,1,2,0,1,12.1,0.0,44.5
2025-01-09,R18,1,1,1,0,0,11.9,0.0,87.5
2025-01-10,R18,1,1,1,0,0,11.2,0.0,82.4
2025-01-13,R18,2,2,2,0,0,14.1,0.0,51.8
2025-01-14,R18,1,1,1,0,0,6.5,0.0,47.8
2025-01-15,R18,1,2,1,0,0,12.8,0.3,94.1
2025-01-16,R18,1,1,1,0,0,7.9,0.0,60.2
2025-01-17,R18,1,1,1,0,0,12.1,0.0,89.0
2025-01-20,R18,2,1,2,0,1,12.5,0.0,46.0
2025-01-21,R18,1,2,1,0,0,15.9,3.4,100.0
2025-01-22,R18,2,2,2,0,0,17.9,0.0,78.3
2025-01-23,R18,2,1,2,0,1,8.9,0.0,32.7
2025-01-24,R18,1,2,1,0,0,15.2,2.7,100.0
2025-01-27,R18,2,2,2,0,0,11.5,0.0,42.3
2025-01-28,R18,1,1,1,0,0,10.0,0.0,73.5
2025-01-29,R18,2,2,2,0,0,18.5,0.0,68.0
2025-01-30,R18,1,1,1,0,0,10.6,0.0,77.9
2025-01-31,R18,1,1,1,0,0,10.4,0.0,76.5
2025-02-03,R18,2,2,2,0,0,13.7,0.0,50.4
2025-02-04,R18,1,1,1,0,0,11.3,0.0,83.1
2025-02-05,R18,2,1,2,0,1,11.5,0.0,42.3
2025-02-06,R18,1,1,1,0,0,12.4,0.0,91.2
2025-02-07,R18,1,1,1,0,0,9.2,0.0,67.6
2025-02-10,R18,2,2,2,0,0,12.8,0.0,47.1
2025-02-11,R18,1,1,1,0,0,10.5,0.0,77.2
2025-02-12,R18,1,2,1,0,0,13.0,0.5,95.6
2025-02-13,R18,1,2,1,0,0,12.4,0.4,94.8
2025-02-14,R18,1,1,1,0,0,11.8,0.0,89.5
2025-02-17,R18,3,2,3,0,1,16.0,0.0,39.2
2025-02-18,R18,1,2,1,0,0,12.8,0.3,94.1
2025-02-19,R18,1,1,1,0,0,10.7,0.0,80.8
2025-02-20,R18,1,1,1,0,0,10.6,0.0,77.9
2025-02-21,R18,1,1,1,0,0,7.2,0.0,52.9
2025-02-24,R18,2,2,2,0,0,14.6,0.0,53.7
2025-02-25,R18,1,1,1,0,0,7.5,0.0,55.1
2025-02-26,R18,2,2,2,0,0,14.5,0.0,53.3
2025-02-27,R18,2,1,2,0,1,4.1,0.0,15.1
2025-02-28,R18,1,2,1,0,0,15.4,2.9,100.0
2025-03-03,R18,3,2,3,0,1,16.3,0.0,40.0
2025-03-04,R18,2,1,2,0,1,9.4,0.0,34.6
2025-03-05,R18,2,1,2,0,1,11.3,0.0,41.5
2025-03-06,R18,1,2,1,0,0,22.1,9.6,100.0
2025-03-07,R18,1,2,1,1,0,8.1,0.0,65.0
2025-03-10,R18,2,2,2,0,0,16.9,0.0,62.1
2025-03-11,R18,0,1,0,1,0,7.4,0.0,54.4
2025-03-12,R18,1,2,1,0,0,15.0,2.5,100.0
2025-03-13,R18,1,2,1,0,0,11.5,1.5,100.0
2025-03-14,R18,1,1,1,0,0,9.5,0.0,80.7
2025-03-17,R18,2,2,2,0,0,18.3,0.0,67.3
2025-03-18,R18,1,1,1,0,0,6.5,0.0,47.8
2025-03-19,R18,1,2,1,0,0,15.8,3.3,100.0
2025-03-20,R18,1,1,1,0,0,8.0,0.0,83.0
2025-03-21,R18,1,2,1,1,0,20.1,0.0,73.9
2025-03-24,R18,2,2,2,0,0,15.1,0.0,55.5
2025-03-25,R18,2,1,2,0,1,7.8,0.0,28.7
2025-03-26,R18,2,2,2,0,0,19.2,0.0,70.6
2025-03-27,R18,2,1,2,0,1,9.8,0.0,36.0
2025-03-28,R18,1,1,1,0,0,12.5,0.0,91.9
2025-03-31,R18,2,1,2,0,1,12.4,0.0,45.6
2025-04-01,R18,1,1,1,0,0,10.3,0.0,75.7
2025-04-02,R18,2,2,2,0,0,15.6,0.0,57.4
2025-04-03,R18,1,1,1,0,0,11.7,0.0,86.0
2025-04-04,R18,1,1,1,0,0,10.4,0.0,76.5
2025-04-07,R18,2,1,2,0,1,11.9,0.0,43.7
2025-04-08,R18,1,2,1,0,0,16.0,3.5,100.0
2025-04-09,R18,2,2,2,0,0,15.7,0.0,70.5
2025-04-10,R18,1,2,1,0,0,13.8,1.3,100.0
2025-04-11,R18,1,1,1,0,0,8.8,0.0,74.2
2025-04-14,R18,1,2,1,0,0,15.8,3.3,100.0
2025-04-15,R18,2,1,2,0,1,8.9,0.0,44.8
2025-04-16,R18,2,2,2,0,0,20.3,0.0,74.6
2025-04-17,R18,1,2,1,0,0,15.4,2.9,100.0
2025-04-22,R18,2,2,2,0,0,11.6,0.0,42.6
2025-04-23,R18,2,1,2,0,1,9.1,0.0,33.5
2025-04-24,R18,2,1,2,0,1,11.0,0.0,40.4
2025-04-25,R18,2,1,2,0,1,10.0,0.0,36.8
2025-04-28,R18,2,2,2,0,0,12.9,0.0,47.4
2025-04-29,R18,2,1,2,0,1,9.4,0.0,34.6
2025-04-30,R18,1,2,1,1,0,23.1,0.0,84.9
2025-05-02,R18,1,1,1,0,0,8.2,0.0,60.3
2025-05-05,R18,2,2,2,0,0,15.6,0.0,57.4
2025-05-06,R18,2,1,2,0,1,9.9,0.0,36.4
2025-05-07,R18,2,2,2,0,0,13.9,0.0,51.1
2025-05-08,R18,1,2,1,0,0,13.8,1.3,100.0
2025-05-09,R18,1,1,1,0,0,9.2,0.0,77.1
2025-05-12,R18,2,2,2,0,0,15.9,0.0,58.5
2025-05-13,R18,1,1,1,0,0,10.1,0.0,74.3
2025-05-14,R18,2,1,2,0,1,12.5,0.0,46.0
2025-05-15,R18,2,1,2,0,1,8.6,0.0,31.6
2025-05-16,R18,1,2,1,0,0,14.4,1.9,100.0
2025-05-19,R18,2,3,2,0,0,26.9,3.8,98.9
2025-05-20,R18,1,2,1,0,0,13.0,4.3,100.0
2025-05-21,R18,2,2,2,0,0,15.6,0.0,73.0
2025-05-22,R18,1,2,1,0,0,13.1,0.6,96.3
2025-05-23,R18,1,1,1,0,0,9.9,0.0,77.1
2025-05-26,R18,3,2,3,0,1,14.8,0.0,36.3
2025-05-27,R18,2,1,2,0,1,7.3,0.0,26.8
2025-05-28,R18,1,1,1,0,0,9.5,0.0,69.9
2025-05-30,R18,1,1,1,0,0,6.5,0.0,47.8
2025-06-02,R18,2,2,2,0,0,14.9,0.0,54.8
2025-06-03,R18,1,2,1,0,0,13.2,0.7,97.1
2025-06-04,R18,1,2,1,1,0,20.0,0.0,76.1
2025-06-05,R18,2,2,2,0,0,13.8,0.0,50.7
2025-06-06,R18,0,2,0,1,0,18.9,6.4,100.0
2025-06-10,R18,2,2,2,0,0,12.2,0.0,44.9
2025-06-11,R18,2,2,2,0,0,17.3,0.0,63.6
2025-06-12,R18,2,2,2,0,0,14.4,0.0,52.9
2025-06-13,R18,1,1,1,0,0,11.9,0.0,87.5
2025-06-16,R18,3,2,3,0,1,17.8,0.0,43.6
2025-06-17,R18,2,2,2,0,0,14.1,0.0,51.8
2025-06-18,R18,2,2,2,0,0,19.5,0.0,71.7
2025-06-20,R18,1,1,1,0,0,4.4,0.0,32.4
2025-06-23,R18,2,3,2,0,0,26.7,1.7,98.2
2025-06-24,R18,2,1,2,0,1,10.1,0.0,43.3
2025-06-25,R18,2,1,2,0,1,7.6,0.0,27.9
2025-06-26,R18,1,1,1,0,0,12.2,0.0,89.7
2025-06-27,R18,1,1,1,0,0,10.5,0.0,77.2
2025-06-30,R18,3,2,3,0,1,18.8,0.0,46.1
2025-07-01,R18,1,1,1,0,0,11.4,0.0,83.8
2025-07-02,R18,2,2,2,0,0,15.9,0.0,58.5
2025-07-03,R18,2,1,2,0,1,11.7,0.0,43.0
2025-07-04,R18,1,2,1,0,0,13.9,1.4,100.0
2025-07-07,R18,3,2,3,0,1,18.6,0.0,45.6
2025-07-08,R18,1,2,1,0,0,13.9,1.4,100.0
2025-07-09,R18,2,2,2,0,0,14.9,0.0,59.9
2025-07-10,R18,2,1,2,0,1,8.2,0.0,30.1
2025-07-11,R18,1,2,1,1,0,18.2,0.0,66.9
2025-07-14,R18,2,1,2,0,1,9.3,0.0,34.2
2025-07-15,R18,2,1,2,0,1,12.4,0.0,45.6
2025-07-16,R18,1,2,1,0,0,13.7,1.2,100.0
2025-07-17,R18,1,2,1,0,0,12.5,1.2,100.0
2025-07-18,R18,1,1,1,0,0,8.6,0.0,71.9
2025-07-21,R18,2,2,2,0,0,16.4,0.0,60.3
2025-07-22,R18,1,2,1,0,0,13.3,0.8,97.8
2025-07-23,R18,2,2,2,0,0,12.1,0.0,47.4
2025-07-24,R18,2,1,2,0,1,10.3,0.0,37.9
2025-07-25,R18,1,1,1,0,0,9.7,0.0,71.3
2025-07-28,R18,2,2,2,0,0,18.5,0.0,68.0
2025-07-29,R18,1,2,1,0,0,16.1,3.6,100.0
2025-07-30,R18,2,2,2,0,0,13.5,0.0,62.8
2025-07-31,R18,1,2,1,0,0,13.8,1.3,100.0
2025-08-01,R18,0,1,0,0,0,7.3,8.6,0.0
2025-08-04,R18,2,2,2,0,0,8.6,0.0,31.6
2025-08-05,R18,2,1,2,0,1,8.1,0.0,29.8
2025-08-06,R18,1,1,1,0,0,12.4,0.0,91.2
2025-08-07,R18,2,1,2,0,1,9.4,0.0,34.6
2025-08-08,R18,1,1,1,0,0,4.2,0.0,30.9
2025-08-11,R18,2,2,2,0,0,13.7,0.0,50.4
2025-08-12,R18,1,1,1,0,0,8.9,0.0,65.4
2025-08-13,R18,2,1,2,0,1,9.1,0.0,33.5
2025-08-14,R18,1,1,1,0,0,6.5,0.0,47.8
2025-08-15,R18,1,1,1,0,0,9.9,0.0,72.8
2025-08-18,R18,2,1,2,0,1,8.4,0.0,30.9
2025-08-19,R18,1,1,1,0,0,3.9,0.0,28.7
2025-08-20,R18,1,2,1,0,0,13.4,0.9,98.5
2025-08-21,R18,1,1,1,0,0,8.0,0.0,65.4
2025-08-22,R18,1,2,1,0,0,13.3,0.8,97.8
2025-08-25,R18,2,2,2,0,0,12.5,0.0,46.0
2025-08-26,R18,1,1,1,0,0,4.4,0.0,32.4
2025-08-27,R18,1,1,1,0,0,11.9,0.0,87.5
2025-08-28,R18,1,1,1,0,0,7.5,0.0,55.1
2025-08-29,R18,1,1,1,0,0,9.9,0.0,72.8
2025-09-01,R18,2,2,2,0,0,16.2,0.0,59.6
2025-09-02,R18,1,1,1,0,0,9.7,0.0,71.3
2025-09-03,R18,1,1,1,0,0,11.3,0.0,83.1
2025-09-04,R18,1,1,1,0,0,8.3,0.0,61.0
2025-09-05,R18,1,1,1,0,0,6.2,0.0,45.6
2025-09-08,R18,2,1,2,0,1,10.7,0.0,39.3
2025-09-09,R18,1,1,1,0,0,9.7,0.0,71.3
2025-09-10,R18,1,1,1,0,0,10.8,0.0,79.4
2025-09-11,R18,1,1,1,0,0,11.5,0.0,84.6
2025-09-12,R18,0,1,0,0,0,8.7,8.7,0.0
2025-09-15,R18,2,3,2,0,0,16.4,0.1,60.3
2025-09-16,R18,1,2,1,0,0,13.0,0.6,96.1
2025-09-17,R18,1,1,1,0,0,10.7,0.0,82.8
2025-09-18,R18,1,1,1,0,0,12.3,0.0,90.4
2025-09-19,R18,1,1,1,0,0,8.1,0.0,59.6
2025-09-22,R18,2,2,2,0,0,15.1,0.0,55.5
2025-09-23,R18,2,1,2,0,1,9.4,0.0,34.6
2025-09-24,R18,1,2,1,0,0,14.4,1.9,100.0
2025-09-25,R18,1,1,1,0,0,4.5,0.0,47.0
2025-09-26,R18,1,1,1,0,0,11.8,0.0,86.8
2025-09-29,R18,3,1,3,0,2,11.3,0.0,27.7
2025-09-30,R18,1,2,1,0,0,13.4,0.9,98.5
2025-10-01,R18,2,1,2,0,1,9.9,0.0,39.7
2025-10-02,R18,1,2,1,0,0,14.9,2.4,100.0
2025-10-06,R18,2,2,2,0,0,17.9,0.0,65.8
2025-10-07,R18,2,2,2,0,0,16.9,0.0,62.1
2025-10-08,R18,1,2,1,0,0,12.9,0.4,94.9
2025-10-09,R18,1,1,1,0,0,10.3,0.0,78.6
2025-10-10,R18,2,1,2,0,1,8.9,0.0,32.7
2025-10-13,R18,2,2,2,0,0,16.3,0.0,59.9
2025-10-14,R18,1,1,1,0,0,12.2,0.0,89.7
2025-10-15,R18,1,2,1,0,0,19.3,6.8,100.0
2025-10-16,R18,1,2,1,0,0,14.1,8.4,100.0
2025-10-17,R18,1,2,1,0,0,8.4,4.3,100.0
2025-10-20,R18,3,2,3,0,1,16.7,0.0,40.9
2025-10-21,R18,2,2,2,0,0,13.1,0.0,48.2
2025-10-22,R18,2,1,2,0,1,8.1,0.0,29.8
2025-10-23,R18,2,2,2,0,0,14.0,0.0,51.5
2025-10-24,R18,1,2,1,0,0,16.0,3.5,100.0
2025-10-27,R18,2,2,2,0,0,15.5,0.0,57.0
2025-10-28,R18,2,1,2,0,1,11.2,0.0,41.2
2025-10-29,R18,2,1,2,0,1,10.7,0.0,39.3
2025-10-30,R18,1,2,1,0,0,17.0,4.5,100.0
2025-10-31,R18,1,2,1,0,0,8.2,0.2,93.3
2025-11-03,R18,2,2,2,0,0,15.0,0.0,55.1
2025-11-04,R18,1,1,1,0,0,8.7,0.0,64.0
2025-11-05,R18,1,2,1,0,0,14.8,2.3,100.0
2025-11-06,R18,2,1,2,0,1,6.9,0.0,33.8
2025-11-07,R18,1,2,1,0,0,12.7,0.2,93.4
2025-11-10,R18,3,2,3,0,1,17.4,0.0,42.6
2025-11-11,R18,1,2,1,0,0,16.9,4.4,100.0
2025-11-12,R18,2,2,2,0,0,13.2,0.0,64.7
2025-11-13,R18,1,2,1,0,0,15.7,3.2,100.0
2025-11-14,R18,3,2,3,0,1,12.9,0.0,39.4
2025-11-17,R18,3,2,3,0,1,12.9,0.0,31.6
2025-11-18,R18,2,1,2,0,1,9.2,0.0,33.8
2025-11-19,R18,3,2,3,0,1,13.0,0.0,31.9
2025-11-20,R18,1,2,1,0,0,15.1,2.6,100.0
2025-11-21,R18,2,2,2,0,0,17.9,0.0,75.3
2025-11-24,R18,3,2,3,0,1,16.4,0.0,40.2
2025-11-25,R18,0,1,0,1,0,8.0,0.0,58.8
2025-11-26,R18,2,2,2,0,0,13.0,0.0,47.8
2025-11-27,R18,3,1,3,0,2,11.3,0.0,27.7
2025-11-28,R18,2,1,2,0,1,10.9,0.0,40.1
2025-12-01,R18,3,1,3,0,2,10.5,0.0,25.7
2025-12-02,R18,1,2,1,0,0,13.3,0.8,97.8
2025-12-03,R18,2,2,2,0,0,17.2,0.0,66.1
2025-12-04,R18,2,1,2,0,1,5.7,0.0,21.0
2025-12-05,R18,1,1,1,0,0,12.2,0.0,89.7
2025-12-08,R18,2,2,2,0,0,17.8,0.0,65.4
2025-12-09,R18,1,1,1,0,0,10.6,0.0,77.9
2025-12-10,R18,2,2,2,0,0,13.4,0.0,49.3
2025-12-11,R18,1,2,1,0,0,14.5,2.0,100.0
2025-12-12,R18,1,2,1,0,0,13.7,3.2,100.0
2025-12-15,R18,3,2,3,0,1,15.0,0.0,36.8
2025-12-16,R18,1,1,1,0,0,11.1,0.0,81.6
2025-12-17,R18,2,1,2,0,1,9.0,0.0,33.1
2025-12-18,R18,2,2,2,0,0,14.2,0.0,52.2
2025-12-19,R18,1,1,1,0,0,7.4,0.0,54.4
2025-12-22,R18,2,1,2,0,1,5.9,0.0,21.7
2025-12-23,R18,0,1,0,0,0,3.5,3.5,0.0
2025-12-24,R18,1,2,1,0,0,11.2,2.2,100.0
2025-12-29,R18,1,1,1,0,0,7.6,0.0,55.9
2025-12-30,R18,1,1,1,0,0,4.6,0.0,33.8
2025-12-31,R18,1,2,1,0,0,12.8,0.3,94.1
2026-01-02,R18,2,1,2,0,1,1.5,0.0,5.5
2026-01-05,R18,1,1,1,0,0,10.8,0.0,79.4
2026-01-07,R18,2,2,2,0,0,16.4,0.0,60.3
2026-01-08,R18,1,1,1,0,0,9.0,0.0,66.2
2026-01-09,R18,1,1,1,0,0,6.8,0.0,50.0
2026-01-12,R18,1,1,1,0,0,6.5,0.0,47.8
2026-01-13,R18,1,1,1,0,0,4.5,0.0,33.1
2026-01-14,R18,2,2,2,0,0,16.0,0.0,58.8
2026-01-15,R18,1,2,1,0,0,13.7,1.2,100.0
2026-01-16,R18,1,1,1,0,0,6.2,0.0,54.3
2026-01-19,R18,1,1,1,0,0,12.4,0.0,91.2
2026-01-20,R18,1,2,1,0,0,15.4,2.9,100.0
2026-01-21,R18,1,2,1,1,0,21.3,0.0,88.9
2026-01-22,R18,2,1,2,0,1,11.1,0.0,40.8
2026-01-23,R18,1,1,1,0,0,7.3,0.0,53.7
2026-01-26,R18,1,2,1,1,0,21.1,0.0,77.6
2026-01-27,R18,1,1,1,0,0,7.3,0.0,53.7
2026-01-28,R18,2,2,2,0,0,15.5,0.0,57.0
2026-01-29,R18,1,2,1,0,0,13.2,0.7,97.1
2026-01-30,R18,0,1,0,1,0,8.2,0.0,65.4
2026-02-02,R18,2,2,2,0,0,19.8,0.0,72.8
2026-02-03,R18,1,1,1,0,0,6.3,0.0,46.3
2026-02-04,R18,1,1,1,0,0,10.2,0.0,75.0
2026-02-05,R18,2,1,2,0,1,9.2,0.0,33.8
2026-02-06,R18,1,1,1,0,0,11.6,0.0,85.3
2026-02-09,R18,2,2,2,0,0,15.8,0.0,58.1
2026-02-10,R18,2,1,2,0,1,11.6,0.0,42.6
2026-02-11,R18,1,1,1,0,0,11.6,0.0,85.3
2026-02-12,R18,2,1,2,0,1,11.9,0.0,43.8
2026-02-13,R18,1,2,1,0,0,15.7,3.2,100.0
2026-02-16,R18,3,2,3,0,1,18.9,0.0,46.3
2026-02-17,R18,1,1,1,0,0,7.0,0.0,51.5
2026-02-18,R18,1,1,1,0,0,10.7,0.0,78.7
2026-02-19,R18,2,1,2,0,1,7.2,0.0,26.5
2026-02-20,R18,1,1,1,0,0,6.0,0.0,44.1
2026-02-23,R18,2,2,2,0,0,14.5,0.0,53.3
2026-02-24,R18,1,1,1,0,0,7.1,0.0,52.2
2026-02-25,R18,2,2,2,0,0,17.4,0.0,64.0
2026-02-26,R18,1,2,1,0,0,15.8,3.3,100.0
2026-02-27,R18,1,2,1,0,0,13.3,4.1,100.0
2026-03-02,R18,3,2,3,0,1,18.5,0.0,45.3
2026-03-03,R18,1,1,1,0,0,9.0,0.0,66.2
2026-03-04,R18,2,2,2,0,0,13.1,0.0,48.2
2026-03-05,R18,2,1,2,0,1,8.5,0.0,31.2
2026-03-06,R18,1,1,1,0,0,10.8,0.0,79.4
2026-03-09,R18,2,2,2,0,0,13.9,0.0,51.1
2026-03-10,R18,1,1,1,0,0,9.9,0.0,72.8
2026-03-11,R18,2,2,2,0,0,15.2,0.0,55.9
2026-03-12,R18,2,1,2,0,1,10.4,0.0,38.2
2026-03-13,R18,1,1,1,0,0,11.4,0.0,83.8
2026-03-16,R18,2,2,2,0,0,16.5,0.0,60.7
2026-03-17,R18,1,1,1,0,0,8.9,0.0,65.4
2026-03-18,R18,2,3,2,0,0,27.6,2.6,100.0
2026-03-19,R18,1,1,1,0,0,7.7,0.0,75.6
2026-03-20,R18,1,1,1,0,0,8.8,0.0,64.7
2026-03-23,R18,2,1,2,0,1,12.4,0.0,45.6
2026-03-24,R18,1,1,1,0,0,11.7,0.0,86.0
2026-03-25,R18,2,1,2,0,1,12.2,0.0,44.9
2026-03-26,R18,1,2,1,0,0,13.7,1.2,100.0
2026-03-27,R18,1,1,1,0,0,8.7,0.0,72.7
2026-03-30,R18,2,2,2,0,0,16.7,0.0,61.4
2026-03-31,R18,1,1,1,0,0,9.9,0.0,72.8
2026-04-01,R18,1,1,1,0,0,6.8,0.0,50.0
2026-04-02,R18,2,1,2,0,1,10.3,0.0,37.9
2026-04-07,R18,1,2,1,0,0,14.0,1.5,100.0
2026-04-08,R18,1,2,1,0,0,13.1,2.1,100.0
2026-04-09,R18,2,2,2,0,0,14.6,0.0,61.3
2026-04-10,R18,1,2,1,0,0,14.1,1.6,100.0
2026-04-13,R18,2,2,2,0,0,20.5,0.0,75.4
2026-04-14,R18,1,1,1,0,0,9.2,0.0,67.6
2026-04-15,R18,1,2,1,1,0,20.6,0.0,75.7
2026-04-16,R18,2,2,2,0,0,13.4,0.0,49.3
2026-04-17,R18,2,1,2,0,1,11.5,0.0,42.3
2026-04-20,R18,4,3,4,0,1,27.9,0.0,51.3
2026-04-21,R18,1,1,1,0,0,12.1,0.0,89.0
2026-04-22,R18,2,2,2,0,0,14.5,0.0,53.3
2026-04-23,R18,2,1,2,0,1,3.3,0.0,12.1
2026-04-24,R18,1,1,1,0,0,10.0,0.0,73.5
2026-04-27,R18,3,2,3,0,1,21.8,0.0,53.4
2026-04-28,R18,1,1,1,0,0,7.4,0.0,54.4
2026-04-29,R18,2,2,2,0,0,12.8,0.0,47.1
2026-04-30,R18,1,1,1,0,0,11.7,0.0,86.0
2026-05-04,R18,2,1,2,0,1,11.6,0.0,42.6
2026-05-05,R18,1,2,1,1,0,20.4,0.0,75.0
2026-05-06,R18,2,1,2,0,1,7.7,0.0,28.3
2026-05-07,R18,2,1,2,0,1,12.4,0.0,45.6
2026-05-08,R18,1,1,1,0,0,10.7,0.0,78.7
2026-05-11,R18,2,2,2,0,0,21.8,0.0,80.1
2026-05-12,R18,1,2,1,0,0,13.6,1.1,100.0
2026-05-13,R18,1,2,1,1,0,21.6,0.0,83.4
2026-05-15,R18,1,1,1,0,0,8.6,0.0,63.2
2026-05-18,R18,2,1,2,0,1,12.0,0.0,44.1
2026-05-19,R18,1,2,1,0,0,17.5,5.0,100.0
2026-05-20,R18,1,2,1,0,0,9.8,2.3,100.0
2026-05-21,R18,2,2,2,0,0,16.4,0.0,68.7
2026-05-22,R18,1,1,1,0,0,10.1,0.0,74.3
2026-05-26,R18,2,1,2,0,1,11.8,0.0,43.4
2026-05-27,R18,1,2,1,0,0,13.9,1.4,100.0
2026-05-28,R18,2,2,2,0,0,11.8,0.0,48.5
2026-05-29,R18,1,2,1,0,0,13.4,0.9,98.5
2026-06-01,R18,2,2,2,0,0,19.0,0.0,69.9
2026-06-02,R18,1,1,1,0,0,12.0,0.0,88.2
2026-06-03,R18,2,2,2,0,0,18.7,0.0,68.7
2026-06-05,R18,2,2,2,0,0,13.2,0.0,48.5
2026-06-08,R18,2,2,2,0,0,17.0,0.0,62.5
2026-06-09,R18,1,1,1,0,0,11.5,0.0,84.6
2026-06-10,R18,2,1,2,0,1,9.0,0.0,33.1
2026-06-11,R18,1,1,1,0,0,9.9,0.0,72.8
2026-06-12,R18,2,1,2,0,1,7.8,0.0,28.7
2026-06-15,R18,2,2,2,0,0,13.8,0.0,50.7
2026-06-16,R18,1,2,1,0,0,14.0,1.5,100.0
2026-06-17,R18,2,2,2,0,0,17.1,0.0,68.3
2026-06-18,R18,1,1,1,0,0,9.3,0.0,68.4
2026-06-19,R18,1,1,1,0,0,11.9,0.0,87.5
2026-06-22,R18,3,2,3,0,1,15.1,0.0,37.0
2026-06-23,R18,2,1,2,0,1,11.7,0.0,43.0
2026-06-24,R18,1,2,1,0,0,13.4,0.9,98.5
2026-06-25,R18,1,1,1,0,0,11.4,0.0,90.4
2026-06-26,R18,1,1,1,0,0,10.7,0.0,78.7
2026-06-29,R18,2,2,2,0,0,20.2,0.0,74.3
2026-06-30,R18,1,1,1,0,0,5.1,0.0,37.5
2026-07-01,R18,2,2,2,0,0,13.4,0.0,49.3
2026-07-02,R18,1,2,1,0,0,13.3,0.8,97.8
2026-07-03,R18,1,1,1,0,0,10.3,0.0,81.5
2026-07-06,R18,3,2,3,0,1,15.2,0.0,37.3
2026-07-07,R18,1,2,1,0,0,16.8,4.3,100.0
2026-07-08,R18,1,2,1,0,0,12.2,4.0,100.0
2026-07-09,R18,1,2,1,1,0,15.4,0.0,71.2
2026-07-10,R18,1,1,1,0,0,10.7,0.0,78.7
2026-07-13,R18,2,2,2,0,0,14.0,0.0,51.5
2026-07-14,R18,1,2,1,0,0,14.5,2.0,100.0
2026-07-15,R18,2,2,2,0,0,14.1,0.0,59.1
2026-07-16,R18,2,2,2,0,0,12.6,0.0,46.3
2026-07-17,R18,1,1,1,0,0,7.3,0.0,53.7
2026-07-20,R18,2,1,2,0,1,10.8,0.0,39.7
2026-07-21,R18,2,1,2,0,1,8.3,0.0,30.5
2026-07-22,R18,2,2,2,0,0,14.9,0.0,54.8
2026-07-23,R18,2,2,2,0,0,14.8,0.0,54.4
2026-07-24,R18,1,1,1,0,0,11.5,0.0,84.6
2026-07-27,R18,2,2,2,0,0,16.2,0.0,59.6
2026-07-28,R18,2,2,2,0,0,14.8,0.0,54.4
2026-07-29,R18,2,2,2,0,0,14.8,0.0,54.4
2026-07-30,R18,3,1,3,0,2,7.9,0.0,19.4
2026-07-31,R18,1,1,1,0,0,7.9,0.0,58.1
2026-08-03,R18,2,1,2,0,1,6.6,0.0,24.3
2026-08-04,R18,1,1,1,0,0,5.0,0.0,36.8
2026-08-05,R18,2,1,2,0,1,9.1,0.0,33.5
2026-08-06,R18,1,1,1,0,0,5.3,0.0,39.0
2026-08-07,R18,1,1,1,0,0,5.4,0.0,39.7
2026-08-10,R18,2,1,2,0,1,8.7,0.0,32.0
2026-08-11,R18,1,1,1,0,0,5.0,0.0,36.8
2026-08-12,R18,1,1,1,0,0,8.3,0.0,61.0
2026-08-13,R18,1,1,1,0,0,3.0,0.0,22.1
2026-08-14,R18,1,1,1,0,0,6.6,0.0,48.5
2026-08-17,R18,1,1,1,0,0,11.7,0.0,86.0
2026-08-18,R18,1,1,1,0,0,10.6,0.0,77.9
2026-08-19,R18,2,1,2,0,1,8.9,0.0,32.7
2026-08-20,R18,1,1,1,0,0,11.9,0.0,87.5
2026-08-21,R18,1,1,1,0,0,6.5,0.0,47.8
2026-08-24,R18,1,1,1,0,0,11.0,0.0,80.9
2026-08-25,R18,2,2,2,0,0,13.1,0.0,48.2
2026-08-26,R18,1,1,1,0,0,8.5,0.0,62.5
2026-08-27,R18,2,1,2,0,1,7.8,0.0,28.7
2026-08-28,R18,1,1,1,0,0,6.6,0.0,48.5
2026-08-31,R18,2,1,2,0,1,9.8,0.0,36.0
2024-01-02,R19,1,1,1,0,0,3.1,0.0,22.8
2024-01-03,R19,1,1,1,0,0,4.0,0.0,29.4
2024-01-04,R19,1,1,1,0,0,6.2,0.0,45.6
2024-01-05,R19,1,1,1,0,0,8.5,0.0,62.5
2024-01-08,R19,1,1,1,0,0,7.2,0.0,52.9
2024-01-09,R19,1,1,1,0,0,9.8,0.0,72.1
2024-01-10,R19,1,1,1,0,0,7.8,0.0,57.4
2024-01-11,R19,1,1,1,0,0,8.8,0.0,64.7
2024-01-12,R19,1,1,1,0,0,10.9,0.0,80.1
2024-01-15,R19,1,1,1,0,0,9.5,0.0,69.9
2024-01-16,R19,1,1,1,0,0,11.7,0.0,86.0
2024-01-17,R19,1,1,1,0,0,4.1,0.0,30.1
2024-01-18,R19,1,1,1,0,0,4.4,0.0,32.4
2024-01-19,R19,1,1,1,0,0,9.3,0.0,68.4
2024-01-22,R19,2,1,2,0,1,7.2,0.0,26.5
2024-01-23,R19,1,2,1,0,0,14.6,2.1,100.0
2024-01-24,R19,1,1,1,0,0,5.6,0.0,56.5
2024-01-25,R19,1,1,1,0,0,12.1,0.0,89.0
2024-01-26,R19,1,1,1,0,0,9.3,0.0,68.4
2024-01-29,R19,2,1,2,0,1,8.9,0.0,32.7
2024-01-30,R19,2,2,2,0,0,13.3,0.0,48.9
2024-01-31,R19,1,1,1,0,0,6.7,0.0,49.3
2024-02-01,R19,1,1,1,0,0,10.1,0.0,74.3
2024-02-02,R19,1,1,1,0,0,8.8,0.0,64.7
2024-02-05,R19,1,1,1,0,0,9.2,0.0,67.6
2024-02-06,R19,2,2,2,0,0,15.6,0.0,57.4
2024-02-07,R19,1,1,1,0,0,3.4,0.0,25.0
2024-02-08,R19,2,2,2,0,0,17.8,0.0,65.4
2024-02-09,R19,1,1,1,0,0,10.7,0.0,78.7
2024-02-12,R19,2,1,2,0,1,7.0,0.0,25.7
2024-02-13,R19,2,1,2,0,1,5.4,0.0,19.9
2024-02-14,R19,1,1,1,0,0,9.0,0.0,66.2
2024-02-15,R19,2,1,2,0,1,12.5,0.0,46.0
2024-02-16,R19,1,1,1,0,0,7.0,0.0,51.5
2024-02-19,R19,2,1,2,0,1,8.3,0.0,30.5
2024-02-20,R19,2,2,2,0,0,12.9,0.0,47.4
2024-02-21,R19,1,1,1,0,0,11.9,0.0,87.5
2024-02-22,R19,1,1,1,0,0,8.7,0.0,64.0
2024-02-23,R19,1,1,1,0,0,3.4,0.0,25.0
2024-02-26,R19,1,1,1,0,0,10.5,0.0,77.2
2024-02-27,R19,1,2,1,1,0,19.8,0.0,72.8
2024-02-28,R19,1,1,1,0,0,11.0,0.0,80.9
2024-02-29,R19,1,2,1,0,0,13.0,0.5,95.6
2024-03-01,R19,1,1,1,0,0,4.5,0.0,36.7
2024-03-04,R19,1,1,1,0,0,11.1,0.0,81.6
2024-03-05,R19,1,1,1,0,0,5.5,0.0,40.4
2024-03-06,R19,1,1,1,0,0,2.6,0.0,19.1
2024-03-07,R19,2,2,2,0,0,15.0,0.0,55.1
2024-03-08,R19,1,1,1,0,0,8.1,0.0,59.6
2024-03-11,R19,2,1,2,0,1,10.5,0.0,38.6
2024-03-12,R19,1,1,1,0,0,11.1,0.0,81.6
2024-03-13,R19,0,1,0,0,0,7.3,7.3,0.0
2024-03-14,R19,2,1,2,0,1,4.1,0.0,41.9
2024-03-15,R19,1,1,1,0,0,3.6,0.0,26.5
2024-03-18,R19,2,1,2,0,1,6.4,0.0,23.5
2024-03-19,R19,1,1,1,0,0,9.2,0.0,67.6
2024-03-20,R19,1,1,1,0,0,5.3,0.0,39.0
2024-03-21,R19,2,2,2,0,0,13.5,0.0,49.6
2024-03-22,R19,1,1,1,0,0,5.6,0.0,41.2
2024-03-25,R19,1,1,1,0,0,7.4,0.0,54.4
2024-03-26,R19,1,1,1,0,0,9.9,0.0,72.8
2024-03-27,R19,2,1,2,0,1,11.0,0.0,40.4
2024-03-28,R19,1,2,1,0,0,18.1,5.6,100.0
2024-04-02,R19,1,1,1,0,0,5.7,0.0,41.9
2024-04-03,R19,1,1,1,0,0,6.1,0.0,44.9
2024-04-04,R19,2,1,2,0,1,11.0,0.0,40.4
2024-04-05,R19,1,1,1,0,0,9.3,0.0,68.4
2024-04-08,R19,1,1,1,0,0,6.8,0.0,50.0
2024-04-09,R19,1,1,1,0,0,11.3,0.0,83.1
2024-04-10,R19,1,1,1,0,0,8.6,0.0,63.2
2024-04-11,R19,1,1,1,0,0,9.6,0.0,70.6
2024-04-12,R19,1,1,1,0,0,7.4,0.0,54.4
2024-04-15,R19,1,1,1,0,0,9.7,0.0,71.3
2024-04-16,R19,1,1,1,0,0,7.6,0.0,55.9
2024-04-17,R19,1,1,1,0,0,6.3,0.0,46.3
2024-04-18,R19,1,2,1,0,0,16.8,4.3,100.0
2024-04-19,R19,1,1,1,0,0,4.5,0.0,64.6
2024-04-22,R19,1,1,1,0,0,10.2,0.0,75.0
2024-04-23,R19,1,1,1,0,0,10.9,0.0,80.1
2024-04-24,R19,1,2,1,0,0,15.4,2.9,100.0
2024-04-25,R19,2,2,2,0,0,11.4,0.0,52.5
2024-04-26,R19,1,1,1,0,0,6.4,0.0,47.1
2024-04-29,R19,1,2,1,0,0,14.0,1.5,100.0
2024-04-30,R19,1,2,1,0,0,14.0,3.0,100.0
2024-05-02,R19,2,2,2,0,0,13.0,0.0,47.8
2024-05-03,R19,1,1,1,0,0,8.1,0.0,59.6
2024-05-06,R19,2,1,2,0,1,10.5,0.0,38.6
2024-05-07,R19,1,1,1,0,0,12.3,0.0,90.4
2024-05-08,R19,1,1,1,0,0,7.5,0.0,55.1
2024-05-10,R19,1,1,1,0,0,7.9,0.0,58.1
2024-05-13,R19,2,1,2,0,1,7.8,0.0,28.7
2024-05-14,R19,2,1,2,0,1,11.1,0.0,40.8
2024-05-15,R19,1,1,1,0,0,7.5,0.0,55.1
2024-05-16,R19,2,1,2,0,1,6.3,0.0,23.2
2024-05-17,R19,0,2,0,0,0,15.3,15.3,0.0
2024-05-21,R19,1,3,1,1,0,11.5,1.8,42.3
2024-05-22,R19,2,1,2,0,1,5.4,0.0,26.4
2024-05-23,R19,1,2,1,0,0,21.5,9.0,100.0
2024-05-24,R19,1,2,1,0,0,7.2,3.7,100.0
2024-05-27,R19,2,2,2,0,0,9.2,0.0,33.8
2024-05-28,R19,2,2,2,0,0,18.0,0.0,66.2
2024-05-29,R19,1,1,1,0,0,8.1,0.0,59.6
2024-05-31,R19,2,1,2,0,1,2.4,0.0,8.8
2024-06-03,R19,2,1,2,0,1,8.7,0.0,32.0
2024-06-04,R19,2,1,2,0,1,8.7,0.0,32.0
2024-06-05,R19,2,1,2,0,1,11.1,0.0,40.8
2024-06-06,R19,2,1,2,0,1,10.0,0.0,36.8
2024-06-07,R19,1,1,1,0,0,8.6,0.0,63.2
2024-06-10,R19,1,1,1,0,0,11.5,0.0,84.6
2024-06-11,R19,2,1,2,0,1,9.9,0.0,36.4
2024-06-12,R19,1,1,1,0,0,9.4,0.0,69.1
2024-06-13,R19,1,2,1,0,0,16.8,4.3,100.0
2024-06-14,R19,1,1,1,0,0,4.6,0.0,65.4
2024-06-17,R19,1,1,1,0,0,7.7,0.0,56.6
2024-06-18,R19,1,1,1,0,0,10.5,0.0,77.2
2024-06-19,R19,1,1,1,0,0,10.9,0.0,80.1
2024-06-20,R19,1,2,1,0,0,14.4,1.9,100.0
2024-06-21,R19,2,1,2,0,1,6.4,0.0,30.5
2024-06-24,R19,2,1,2,0,1,5.8,0.0,21.3
2024-06-25,R19,1,2,1,0,0,16.1,3.6,100.0
2024-06-26,R19,1,2,1,1,0,15.9,0.0,71.6
2024-06-27,R19,3,1,3,0,2,12.1,0.0,29.7
2024-06-28,R19,1,1,1,0,0,4.6,0.0,33.8
2024-07-01,R19,1,1,1,0,0,9.5,0.0,69.9
2024-07-02,R19,1,2,1,1,0,20.6,0.0,75.7
2024-07-03,R19,2,2,2,0,0,18.5,0.0,68.0
2024-07-04,R19,2,1,2,0,1,10.8,0.0,39.7
2024-07-05,R19,1,1,1,0,0,5.2,0.0,38.2
2024-07-08,R19,1,2,1,0,0,14.4,1.9,100.0
2024-07-09,R19,3,2,3,0,1,10.8,0.0,31.1
2024-07-10,R19,2,1,2,0,1,6.3,0.0,23.2
2024-07-11,R19,1,1,1,0,0,10.5,0.0,77.2
2024-07-12,R19,1,1,1,0,0,6.6,0.0,48.5
2024-07-15,R19,2,2,2,0,0,12.7,0.0,46.7
2024-07-16,R19,2,2,2,0,0,14.5,0.0,53.3
2024-07-17,R19,1,1,1,0,0,9.4,0.0,69.1
2024-07-18,R19,2,1,2,0,1,11.5,0.0,42.3
2024-07-19,R19,1,1,1,0,0,6.3,0.0,46.3
2024-07-22,R19,3,2,3,0,1,17.7,0.0,43.4
2024-07-23,R19,1,1,1,0,0,6.8,0.0,50.0
2024-07-24,R19,1,1,1,0,0,10.6,0.0,77.9
2024-07-25,R19,2,1,2,0,1,9.1,0.0,33.5
2024-07-26,R19,1,1,1,0,0,4.6,0.0,33.8
2024-07-29,R19,3,2,3,0,1,18.3,0.0,44.9
2024-07-30,R19,2,1,2,0,1,9.8,0.0,36.0
2024-07-31,R19,1,2,1,0,0,13.4,0.9,98.5
2024-08-01,R19,1,2,1,0,0,15.6,4.0,100.0
2024-08-02,R19,1,2,1,0,0,11.5,3.0,100.0
2024-08-05,R19,2,2,2,0,0,13.4,0.0,49.3
2024-08-06,R19,1,1,1,0,0,5.5,0.0,40.4
2024-08-07,R19,1,1,1,0,0,9.6,0.0,70.6
2024-08-08,R19,2,1,2,0,1,11.8,0.0,43.4
2024-08-09,R19,1,1,1,0,0,3.9,0.0,28.7
2024-08-12,R19,2,1,2,0,1,10.4,0.0,38.2
2024-08-13,R19,1,1,1,0,0,9.4,0.0,69.1
2024-08-14,R19,1,1,1,0,0,9.2,0.0,67.6
2024-08-15,R19,1,2,1,0,0,13.7,1.2,100.0
2024-08-16,R19,1,1,1,0,0,2.4,0.0,26.4
2024-08-19,R19,2,1,2,0,1,5.5,0.0,20.2
2024-08-20,R19,1,2,1,0,0,13.4,0.9,98.5
2024-08-21,R19,2,1,2,0,1,9.6,0.0,38.6
2024-08-22,R19,2,1,2,0,1,11.6,0.0,42.6
2024-08-23,R19,1,1,1,0,0,4.9,0.0,36.0
2024-08-26,R19,1,1,1,0,0,8.3,0.0,61.0
2024-08-27,R19,2,1,2,0,1,10.4,0.0,38.2
2024-08-28,R19,1,1,1,0,0,8.8,0.0,64.7
2024-08-29,R19,2,1,2,0,1,6.9,0.0,25.4
2024-08-30,R19,1,1,1,0,0,9.9,0.0,72.8
2024-09-02,R19,1,1,1,0,0,9.3,0.0,68.4
2024-09-03,R19,1,1,1,0,0,8.1,0.0,59.6
2024-09-04,R19,1,1,1,0,0,4.9,0.0,36.0
2024-09-05,R19,1,1,1,0,0,6.9,0.0,50.7
2024-09-06,R19,1,1,1,0,0,6.8,0.0,50.0
2024-09-09,R19,1,2,1,0,0,16.9,4.4,100.0
2024-09-10,R19,1,2,1,1,0,15.6,0.0,73.5
2024-09-11,R19,1,2,1,0,0,15.0,2.5,100.0
2024-09-12,R19,1,2,1,0,0,11.1,1.1,99.9
2024-09-13,R19,1,1,1,0,0,5.4,0.0,47.6
2024-09-16,R19,2,1,2,0,1,3.6,0.0,13.2
2024-09-17,R19,2,1,2,0,1,12.4,0.0,45.6
2024-09-18,R19,1,1,1,0,0,12.4,0.0,91.2
2024-09-19,R19,1,1,1,0,0,11.4,0.0,83.8
2024-09-20,R19,1,1,1,0,0,8.4,0.0,61.8
2024-09-23,R19,2,1,2,0,1,8.0,0.0,29.4
2024-09-24,R19,2,1,2,0,1,9.9,0.0,36.4
2024-09-25,R19,1,1,1,0,0,11.4,0.0,83.8
2024-09-26,R19,2,1,2,0,1,6.7,0.0,24.6
2024-09-27,R19,0,1,0,0,0,11.3,11.3,0.0
2024-09-30,R19,1,2,1,1,0,7.3,0.0,26.8
2024-10-01,R19,1,2,1,0,0,14.6,2.1,100.0
2024-10-02,R19,1,2,1,0,0,11.8,1.4,100.0
2024-10-04,R19,1,1,1,0,0,1.9,0.0,14.0
2024-10-07,R19,2,2,2,0,0,15.4,0.0,56.6
2024-10-08,R19,2,1,2,0,1,8.2,0.0,30.1
2024-10-09,R19,1,1,1,0,0,11.2,0.0,82.4
2024-10-10,R19,1,1,1,0,0,4.8,0.0,35.3
2024-10-11,R19,1,1,1,0,0,6.9,0.0,50.7
2024-10-14,R19,2,1,2,0,1,6.6,0.0,24.3
2024-10-15,R19,1,1,1,0,0,9.3,0.0,68.4
2024-10-16,R19,1,2,1,0,0,12.8,0.3,94.1
2024-10-17,R19,1,1,1,0,0,10.6,0.0,80.1
2024-10-18,R19,1,1,1,0,0,5.2,0.0,38.2
2024-10-21,R19,2,1,2,0,1,8.9,0.0,32.7
2024-10-22,R19,1,1,1,0,0,6.9,0.0,50.7
2024-10-23,R19,2,1,2,0,1,5.6,0.0,20.6
2024-10-24,R19,1,1,1,0,0,11.6,0.0,85.3
2024-10-25,R19,1,1,1,0,0,7.9,0.0,58.1
2024-10-28,R19,1,1,1,0,0,9.7,0.0,71.3
2024-10-29,R19,1,1,1,0,0,9.3,0.0,68.4
2024-10-30,R19,1,1,1,0,0,10.1,0.0,74.3
2024-10-31,R19,1,2,1,0,0,16.8,4.3,100.0
2024-11-04,R19,1,1,1,0,0,6.6,0.0,48.5
2024-11-05,R19,1,1,1,0,0,11.0,0.0,80.9
2024-11-06,R19,1,1,1,0,0,7.0,0.0,51.5
2024-11-07,R19,2,1,2,0,1,5.7,0.0,21.0
2024-11-08,R19,1,1,1,0,0,8.7,0.0,64.0
2024-11-11,R19,1,1,1,0,0,10.8,0.0,79.4
2024-11-12,R19,2,2,2,0,0,13.7,0.0,50.4
2024-11-13,R19,1,1,1,0,0,3.4,0.0,25.0
2024-11-14,R19,1,1,1,0,0,3.0,0.0,22.1
2024-11-15,R19,1,1,1,0,0,8.0,0.0,58.8
2024-11-18,R19,1,1,1,0,0,6.5,0.0,47.8
2024-11-19,R19,2,1,2,0,1,10.2,0.0,37.5
2024-11-20,R19,1,1,1,0,0,6.7,0.0,49.3
2024-11-21,R19,1,1,1,0,0,7.3,0.0,53.7
2024-11-22,R19,1,1,1,0,0,6.4,0.0,47.1
2024-11-25,R19,1,1,1,0,0,8.7,0.0,64.0
2024-11-26,R19,2,2,2,0,0,13.6,0.0,50.0
2024-11-27,R19,1,1,1,0,0,10.8,0.0,79.4
2024-11-28,R19,1,1,1,0,0,4.3,0.0,31.6
2024-11-29,R19,1,1,1,0,0,8.2,0.0,60.3
2024-12-02,R19,1,2,1,0,0,14.7,2.2,100.0
2024-12-03,R19,2,2,2,0,0,13.3,0.0,56.9
2024-12-04,R19,1,1,1,0,0,5.5,0.0,40.4
2024-12-05,R19,1,1,1,0,0,9.5,0.0,69.9
2024-12-06,R19,1,1,1,0,0,7.7,0.0,56.6
2024-12-09,R19,2,1,2,0,1,11.1,0.0,40.8
2024-12-10,R19,3,1,3,0,2,8.5,0.0,20.8
2024-12-11,R19,1,1,1,0,0,11.8,0.0,86.8
2024-12-12,R19,1,1,1,0,0,8.0,0.0,58.8
2024-12-13,R19,1,1,1,0,0,5.7,0.0,41.9
2024-12-16,R19,2,1,2,0,1,4.1,0.0,15.1
2024-12-17,R19,1,1,1,0,0,7.7,0.0,56.6
2024-12-18,R19,1,1,1,0,0,4.2,0.0,30.9
2024-12-19,R19,1,1,1,0,0,10.0,0.0,73.5
2024-12-20,R19,1,1,1,0,0,9.0,0.0,66.2
2024-12-23,R19,1,1,1,0,0,4.4,0.0,32.4
2024-12-24,R19,1,1,1,0,0,5.9,0.0,43.4
2024-12-27,R19,1,1,1,0,0,0.4,0.0,2.9
2024-12-30,R19,1,1,1,0,0,6.7,0.0,49.3
2024-12-31,R19,1,1,1,0,0,5.8,0.0,42.6
2025-01-02,R19,2,1,2,0,1,11.3,0.0,41.5
2025-01-03,R19,1,1,1,0,0,4.0,0.0,29.4
2025-01-07,R19,1,1,1,0,0,9.3,0.0,68.4
2025-01-08,R19,1,2,1,0,0,14.5,2.0,100.0
2025-01-09,R19,1,2,1,0,0,11.3,0.8,97.7
2025-01-10,R19,1,1,1,0,0,5.4,0.0,45.4
2025-01-13,R19,1,2,1,0,0,13.6,1.1,100.0
2025-01-14,R19,1,2,1,0,0,12.5,1.1,99.9
2025-01-15,R19,2,1,2,0,1,6.4,0.0,27.5
2025-01-16,R19,1,1,1,0,0,5.7,0.0,41.9
2025-01-17,R19,1,1,1,0,0,6.2,0.0,45.6
2025-01-20,R19,2,1,2,0,1,10.1,0.0,37.1
2025-01-21,R19,2,1,2,0,1,11.0,0.0,40.4
2025-01-22,R19,1,1,1,0,0,11.1,0.0,81.6
2025-01-23,R19,1,1,1,0,0,5.2,0.0,38.2
2025-01-24,R19,1,1,1,0,0,8.1,0.0,59.6
2025-01-27,R19,1,1,1,0,0,8.2,0.0,60.3
2025-01-28,R19,2,1,2,0,1,7.7,0.0,28.3
2025-01-29,R19,1,1,1,0,0,5.4,0.0,39.7
2025-01-30,R19,1,1,1,0,0,8.5,0.0,62.5
2025-01-31,R19,1,1,1,0,0,1.9,0.0,14.0
2025-02-03,R19,1,1,1,0,0,12.5,0.0,91.9
2025-02-04,R19,2,1,2,0,1,8.3,0.0,30.5
2025-02-05,R19,1,1,1,0,0,5.1,0.0,37.5
2025-02-06,R19,1,1,1,0,0,11.6,0.0,85.3
2025-02-07,R19,1,1,1,0,0,6.0,0.0,44.1
2025-02-10,R19,1,1,1,0,0,5.7,0.0,41.9
2025-02-11,R19,1,1,1,0,0,11.8,0.0,86.8
2025-02-12,R19,1,1,1,0,0,5.3,0.0,39.0
2025-02-13,R19,1,1,1,0,0,10.5,0.0,77.2
2025-02-14,R19,1,1,1,0,0,2.7,0.0,19.9
2025-02-17,R19,2,1,2,0,1,9.3,0.0,34.2
2025-02-18,R19,2,1,2,0,1,12.1,0.0,44.5
2025-02-19,R19,1,1,1,0,0,7.2,0.0,52.9
2025-02-20,R19,1,1,1,0,0,6.7,0.0,49.3
2025-02-21,R19,1,1,1,0,0,8.4,0.0,61.8
2025-02-24,R19,1,2,1,0,0,13.8,1.3,100.0
2025-02-25,R19,1,1,1,0,0,10.6,0.0,87.4
2025-02-26,R19,1,2,1,0,0,12.7,0.2,93.4
2025-02-27,R19,1,1,1,0,0,7.4,0.0,55.8
2025-02-28,R19,1,1,1,0,0,8.2,0.0,60.3
2025-03-03,R19,2,1,2,0,1,11.4,0.0,41.9
2025-03-04,R19,2,1,2,0,1,6.7,0.0,24.6
2025-03-05,R19,1,1,1,0,0,12.5,0.0,91.9
2025-03-06,R19,1,2,1,0,0,13.8,1.3,100.0
2025-03-07,R19,1,1,1,0,0,9.7,0.0,80.8
2025-03-10,R19,2,1,2,0,1,5.5,0.0,20.2
2025-03-11,R19,2,2,2,0,0,13.2,0.0,48.5
2025-03-12,R19,1,1,1,0,0,7.1,0.0,52.2
2025-03-13,R19,2,1,2,0,1,10.8,0.0,39.7
2025-03-14,R19,1,1,1,0,0,5.7,0.0,41.9
2025-03-17,R19,2,1,2,0,1,8.1,0.0,29.8
2025-03-18,R19,2,2,2,0,0,15.4,0.0,56.6
2025-03-19,R19,1,1,1,0,0,11.2,0.0,82.4
2025-03-20,R19,2,1,2,0,1,7.7,0.0,28.3
2025-03-21,R19,1,1,1,0,0,9.2,0.0,67.6
2025-03-24,R19,2,1,2,0,1,3.7,0.0,13.6
2025-03-25,R19,1,1,1,0,0,11.2,0.0,82.4
2025-03-26,R19,1,1,1,0,0,4.2,0.0,30.9
2025-03-27,R19,1,1,1,0,0,10.3,0.0,75.7
2025-03-28,R19,1,1,1,0,0,6.3,0.0,46.3
2025-03-31,R19,1,1,1,0,0,10.7,0.0,78.7
2025-04-01,R19,1,1,1,0,0,11.7,0.0,86.0
2025-04-02,R19,1,1,1,0,0,9.0,0.0,66.2
2025-04-03,R19,1,1,1,0,0,10.6,0.0,77.9
2025-04-04,R19,0,1,0,1,0,8.0,0.0,58.8
2025-04-07,R19,2,1,2,0,1,6.0,0.0,22.1
2025-04-08,R19,1,1,1,0,0,9.0,0.0,66.2
2025-04-09,R19,2,1,2,0,1,8.6,0.0,31.6
2025-04-10,R19,1,2,1,0,0,12.9,0.4,94.9
2025-04-11,R19,1,1,1,0,0,4.9,0.0,38.9
2025-04-14,R19,1,1,1,0,0,7.2,0.0,52.9
2025-04-15,R19,1,2,1,0,0,15.8,3.3,100.0
2025-04-16,R19,1,1,1,0,0,8.2,0.0,84.5
2025-04-17,R19,1,2,1,0,0,16.0,3.5,100.0
2025-04-22,R19,1,3,1,1,0,23.5,2.0,86.4
2025-04-23,R19,1,1,1,0,0,9.1,0.0,81.4
2025-04-24,R19,3,2,3,0,1,23.8,0.0,58.3
2025-04-25,R19,1,1,1,0,0,4.7,0.0,34.6
2025-04-28,R19,1,1,1,0,0,8.0,0.0,58.8
2025-04-29,R19,2,1,2,0,1,9.5,0.0,34.9
2025-04-30,R19,1,1,1,0,0,8.8,0.0,64.7
2025-05-02,R19,1,1,1,0,0,3.0,0.0,22.1
2025-05-05,R19,1,2,1,0,0,14.6,2.1,100.0
2025-05-06,R19,1,2,1,0,0,18.0,7.6,100.0
2025-05-07,R19,1,2,1,1,0,10.4,0.0,66.1
2025-05-08,R19,2,1,2,0,1,9.3,0.0,34.2
2025-05-09,R19,1,1,1,0,0,6.9,0.0,50.7
2025-05-12,R19,2,2,2,0,0,14.6,0.0,53.7
2025-05-13,R19,2,1,2,0,1,7.8,0.0,28.7
2025-05-14,R19,1,2,1,0,0,14.5,2.0,100.0
2025-05-15,R19,1,2,1,0,0,17.8,7.3,100.0
2025-05-16,R19,1,1,1,0,0,4.7,0.0,88.1
2025-05-19,R19,3,2,3,0,1,13.2,0.0,32.4
2025-05-20,R19,2,2,2,0,0,19.2,0.0,70.6
2025-05-21,R19,2,1,2,0,1,3.7,0.0,13.6
2025-05-22,R19,2,1,2,0,1,8.8,0.0,32.4
2025-05-23,R19,1,1,1,0,0,6.2,0.0,45.6
2025-05-26,R19,2,2,2,0,0,15.2,0.0,55.9
2025-05-27,R19,1,2,1,0,0,16.4,3.9,100.0
2025-05-28,R19,1,2,1,0,0,9.0,0.4,94.8
2025-05-30,R19,1,1,1,0,0,4.1,0.0,30.1
2025-06-02,R19,2,1,2,0,1,10.6,0.0,39.0
2025-06-03,R19,2,1,2,0,1,12.3,0.0,45.2
2025-06-04,R19,1,1,1,0,0,6.7,0.0,49.3
2025-06-05,R19,1,2,1,1,0,20.5,0.0,75.4
2025-06-06,R19,1,2,1,1,0,18.6,0.0,68.4
2025-06-10,R19,2,1,2,0,1,12.4,0.0,45.6
2025-06-11,R19,1,1,1,0,0,7.8,0.0,57.4
2025-06-12,R19,2,1,2,0,1,9.3,0.0,34.2
2025-06-13,R19,2,1,2,0,1,5.7,0.0,21.0
2025-06-16,R19,2,2,2,0,0,13.2,0.0,48.5
2025-06-17,R19,1,2,1,0,0,12.7,0.2,93.4
2025-06-18,R19,1,1,1,0,0,11.2,0.0,83.7
2025-06-20,R19,1,1,1,0,0,6.4,0.0,47.1
2025-06-23,R19,2,1,2,0,1,5.2,0.0,19.1
2025-06-24,R19,2,2,2,0,0,22.4,0.0,82.4
2025-06-25,R19,2,1,2,0,1,11.9,0.0,43.7
2025-06-26,R19,1,2,1,0,0,16.0,3.5,100.0
2025-06-27,R19,1,1,1,0,0,4.6,0.0,59.5
2025-06-30,R19,2,1,2,0,1,11.6,0.0,42.6
2025-07-01,R19,2,2,2,0,0,13.2,0.0,48.5
2025-07-02,R19,1,1,1,0,0,10.1,0.0,74.3
2025-07-03,R19,1,2,1,0,0,16.2,3.7,100.0
2025-07-04,R19,1,2,1,0,0,12.5,3.7,100.0
2025-07-07,R19,2,2,2,0,0,12.2,0.0,44.9
2025-07-08,R19,2,2,2,0,0,16.6,0.0,61.0
2025-07-09,R19,1,2,1,0,0,12.8,0.3,94.1
2025-07-10,R19,1,2,1,0,0,12.8,0.6,96.2
2025-07-11,R19,1,1,1,0,0,11.0,0.0,85.1
2025-07-14,R19,2,1,2,0,1,9.1,0.0,33.5
2025-07-15,R19,2,2,2,0,0,17.9,0.0,65.8
2025-07-16,R19,2,1,2,0,1,10.5,0.0,38.6
2025-07-17,R19,1,2,1,0,0,14.5,2.0,100.0
2025-07-18,R19,1,1,1,0,0,9.6,0.0,85.2
2025-07-21,R19,2,2,2,0,0,13.1,0.0,48.2
2025-07-22,R19,1,1,1,0,0,11.6,0.0,85.3
2025-07-23,R19,2,1,2,0,1,10.0,0.0,36.8
2025-07-24,R19,2,1,2,0,1,11.6,0.0,42.6
2025-07-25,R19,2,1,2,0,1,9.9,0.0,36.4
2025-07-28,R19,2,1,2,0,1,8.4,0.0,30.9
2025-07-29,R19,1,2,1,0,0,16.2,3.7,100.0
2025-07-30,R19,1,1,1,0,0,7.0,0.0,78.6
2025-07-31,R19,2,1,2,0,1,11.2,0.0,41.2
2025-08-01,R19,0,1,0,1,0,9.2,0.0,67.6
2025-08-04,R19,2,1,2,0,1,6.7,0.0,24.6
2025-08-05,R19,1,2,1,0,0,12.8,0.3,94.1
2025-08-06,R19,1,1,1,0,0,9.0,0.0,68.3
2025-08-07,R19,1,2,1,1,0,17.7,0.0,65.1
2025-08-08,R19,1,1,1,0,0,6.1,0.0,44.9
2025-08-11,R19,1,2,1,0,0,15.5,3.0,100.0
2025-08-12,R19,2,2,2,0,0,17.3,0.0,74.6
2025-08-13,R19,1,2,1,0,0,17.8,5.3,100.0
2025-08-14,R19,2,2,2,0,0,7.3,0.0,46.3
2025-08-15,R19,1,1,1,0,0,7.7,0.0,56.6
2025-08-18,R19,2,1,2,0,1,8.3,0.0,30.5
2025-08-19,R19,2,2,2,0,0,17.2,0.0,63.2
2025-08-20,R19,1,1,1,0,0,7.5,0.0,55.1
2025-08-21,R19,2,2,2,0,0,18.3,0.0,67.3
2025-08-22,R19,1,1,1,0,0,8.4,0.0,61.8
2025-08-25,R19,2,2,2,0,0,13.2,0.0,48.5
2025-08-26,R19,2,2,2,0,0,20.2,0.0,74.3
2025-08-27,R19,1,1,1,0,0,6.2,0.0,45.6
2025-08-28,R19,2,2,2,0,0,14.7,0.0,54.0
2025-08-29,R19,1,1,1,0,0,4.6,0.0,33.8
2025-09-01,R19,1,1,1,0,0,7.3,0.0,53.7
2025-09-02,R19,1,1,1,0,0,5.7,0.0,41.9
2025-09-03,R19,1,1,1,0,0,7.0,0.0,51.5
2025-09-04,R19,2,1,2,0,1,11.5,0.0,42.3
2025-09-05,R19,1,1,1,0,0,9.6,0.0,70.6
2025-09-08,R19,2,1,2,0,1,7.7,0.0,28.3
2025-09-09,R19,1,1,1,0,0,9.2,0.0,67.6
2025-09-10,R19,1,1,1,0,0,7.2,0.0,52.9
2025-09-11,R19,1,2,1,1,0,19.2,0.0,70.6
2025-09-12,R19,1,1,1,0,0,6.7,0.0,49.3
2025-09-15,R19,2,1,2,0,1,11.7,0.0,43.0
2025-09-16,R19,1,2,1,0,0,12.6,0.1,92.6
2025-09-17,R19,1,2,1,0,0,13.7,1.3,100.0
2025-09-18,R19,2,2,2,0,0,15.3,0.0,60.9
2025-09-19,R19,0,1,0,1,0,6.3,0.0,46.3
2025-09-22,R19,1,1,1,0,0,11.9,0.0,87.5
2025-09-23,R19,1,1,1,0,0,11.7,0.0,86.0
2025-09-24,R19,1,1,1,0,0,5.4,0.0,39.7
2025-09-25,R19,2,2,2,0,0,15.4,0.0,56.6
2025-09-26,R19,1,1,1,0,0,9.0,0.0,66.2
2025-09-29,R19,2,1,2,0,1,9.3,0.0,34.2
2025-09-30,R19,1,2,1,0,0,15.2,2.7,100.0
2025-10-01,R19,1,2,1,0,0,12.9,3.1,100.0
2025-10-02,R19,2,2,2,0,0,11.7,0.0,54.3
2025-10-06,R19,1,1,1,0,0,9.7,0.0,71.3
2025-10-07,R19,1,1,1,0,0,5.4,0.0,39.7
2025-10-08,R19,1,1,1,0,0,4.9,0.0,36.0
2025-10-09,R19,2,2,2,0,0,15.3,0.0,56.3
2025-10-10,R19,1,1,1,0,0,8.5,0.0,62.5
2025-10-13,R19,1,1,1,0,0,9.7,0.0,71.3
2025-10-14,R19,1,1,1,0,0,9.2,0.0,67.6
2025-10-15,R19,2,2,2,0,0,16.4,0.0,60.3
2025-10-16,R19,2,1,2,0,1,10.5,0.0,38.6
2025-10-17,R19,1,1,1,0,0,8.7,0.0,64.0
2025-10-20,R19,1,1,1,0,0,9.1,0.0,66.9
2025-10-21,R19,1,1,1,0,0,8.6,0.0,63.2
2025-10-22,R19,1,1,1,0,0,8.0,0.0,58.8
2025-10-23,R19,2,2,2,0,0,18.7,0.0,68.7
2025-10-24,R19,0,1,0,0,0,10.2,10.2,0.0
2025-10-27,R19,1,3,1,2,0,20.4,0.0,50.0
2025-10-28,R19,1,1,1,0,0,6.7,0.0,49.3
2025-10-29,R19,1,1,1,0,0,9.9,0.0,72.8
2025-10-30,R19,1,2,1,0,0,16.3,3.8,100.0
2025-10-31,R19,1,1,1,0,0,8.1,0.0,87.4
2025-11-03,R19,2,1,2,0,1,10.1,0.0,37.1
2025-11-04,R19,1,1,1,0,0,10.3,0.0,75.7
2025-11-05,R19,1,1,1,0,0,7.0,0.0,51.5
2025-11-06,R19,2,1,2,0,1,9.6,0.0,35.3
2025-11-07,R19,1,1,1,0,0,5.8,0.0,42.6
2025-11-10,R19,2,1,2,0,1,9.7,0.0,35.7
2025-11-11,R19,1,1,1,0,0,11.1,0.0,81.6
2025-11-12,R19,1,1,1,0,0,9.0,0.0,66.2
2025-11-13,R19,1,1,1,0,0,9.2,0.0,67.6
2025-11-14,R19,1,1,1,0,0,5.4,0.0,39.7
2025-11-17,R19,2,2,2,0,0,17.8,0.0,65.4
2025-11-18,R19,1,1,1,0,0,12.2,0.0,89.7
2025-11-19,R19,1,1,1,0,0,8.9,0.0,65.4
2025-11-20,R19,1,2,1,0,0,14.0,1.5,100.0
2025-11-21,R19,1,1,1,0,0,3.9,0.0,39.6
2025-11-24,R19,2,1,2,0,1,6.3,0.0,23.2
2025-11-25,R19,2,1,2,0,1,10.1,0.0,37.1
2025-11-26,R19,1,1,1,0,0,5.1,0.0,37.5
2025-11-27,R19,2,3,2,0,0,25.1,0.1,92.3
2025-11-28,R19,1,1,1,0,0,4.2,0.0,31.4
2025-12-01,R19,2,1,2,0,1,10.0,0.0,36.8
2025-12-02,R19,1,1,1,0,0,9.4,0.0,69.1
2025-12-03,R19,1,1,1,0,0,7.1,0.0,52.2
2025-12-04,R19,3,1,3,0,2,11.3,0.0,27.7
2025-12-05,R19,1,1,1,0,0,9.2,0.0,67.6
2025-12-08,R19,1,2,1,0,0,17.5,5.0,100.0
2025-12-09,R19,1,2,1,0,0,7.9,0.4,94.8
2025-12-10,R19,1,1,1,0,0,7.1,0.0,55.0
2025-12-11,R19,1,1,1,0,0,12.0,0.0,88.2
2025-12-12,R19,1,2,1,0,0,14.5,2.0,100.0
2025-12-15,R19,1,1,1,0,0,9.2,0.0,67.6
2025-12-16,R19,1,1,1,0,0,8.9,0.0,65.4
2025-12-17,R19,1,1,1,0,0,7.3,0.0,53.7
2025-12-18,R19,1,2,1,0,0,13.1,0.6,96.3
2025-12-19,R19,1,1,1,0,0,3.4,0.0,29.3
2025-12-22,R19,1,1,1,0,0,9.1,0.0,66.9
2025-12-23,R19,1,1,1,0,0,6.6,0.0,48.5
2025-12-24,R19,1,1,1,0,0,2.9,0.0,21.3
2025-12-29,R19,2,1,2,0,1,3.9,0.0,14.3
2025-12-30,R19,1,1,1,0,0,6.5,0.0,47.8
2025-12-31,R19,1,1,1,0,0,5.1,0.0,37.5
2026-01-02,R19,1,1,1,0,0,3.5,0.0,25.7
2026-01-05,R19,1,1,1,0,0,5.7,0.0,41.9
2026-01-07,R19,2,1,2,0,1,6.5,0.0,23.9
2026-01-08,R19,2,1,2,0,1,9.7,0.0,35.7
2026-01-09,R19,1,1,1,0,0,6.3,0.0,46.3
2026-01-12,R19,2,1,2,0,1,8.0,0.0,29.4
2026-01-13,R19,2,1,2,0,1,4.5,0.0,16.5
2026-01-14,R19,1,1,1,0,0,5.8,0.0,42.6
2026-01-15,R19,1,2,1,0,0,13.3,0.8,97.8
2026-01-16,R19,1,1,1,0,0,9.2,0.0,73.4
2026-01-19,R19,1,1,1,0,0,5.8,0.0,42.6
2026-01-20,R19,1,1,1,0,0,9.3,0.0,68.4
2026-01-21,R19,2,1,2,0,1,6.7,0.0,24.6
2026-01-22,R19,2,1,2,0,1,4.0,0.0,14.7
2026-01-23,R19,1,1,1,0,0,8.2,0.0,60.3
2026-01-26,R19,1,1,1,0,0,11.4,0.0,83.8
2026-01-27,R19,1,1,1,0,0,9.8,0.0,72.1
2026-01-28,R19,1,1,1,0,0,4.9,0.0,36.0
2026-01-29,R19,1,2,1,0,0,13.6,1.1,100.0
2026-01-30,R19,1,1,1,0,0,6.4,0.0,55.1
2026-02-02,R19,1,1,1,0,0,12.2,0.0,89.7
2026-02-03,R19,1,1,1,0,0,9.6,0.0,70.6
2026-02-04,R19,1,1,1,0,0,12.3,0.0,90.4
2026-02-05,R19,1,1,1,0,0,7.4,0.0,54.4
2026-02-06,R19,1,1,1,0,0,8.1,0.0,59.6
2026-02-09,R19,1,2,1,0,0,13.7,1.2,100.0
2026-02-10,R19,1,2,1,0,0,14.6,3.3,100.0
2026-02-11,R19,1,2,1,0,0,12.0,2.8,100.0
2026-02-12,R19,2,2,2,0,0,13.8,0.0,60.9
2026-02-13,R19,1,1,1,0,0,11.7,0.0,86.0
2026-02-16,R19,2,1,2,0,1,9.4,0.0,34.6
2026-02-17,R19,1,2,1,0,0,18.2,5.7,100.0
2026-02-18,R19,1,1,1,0,0,5.9,0.0,85.2
2026-02-19,R19,1,1,1,0,0,12.2,0.0,89.7
2026-02-20,R19,1,1,1,0,0,5.3,0.0,39.0
2026-02-23,R19,1,1,1,0,0,8.8,0.0,64.7
2026-02-24,R19,2,1,2,0,1,11.7,0.0,43.0
2026-02-25,R19,2,1,2,0,1,9.8,0.0,36.0
2026-02-26,R19,1,2,1,0,0,16.6,4.1,100.0
2026-02-27,R19,1,1,1,0,0,8.2,0.0,90.4
2026-03-02,R19,1,2,1,0,0,16.0,3.5,100.0
2026-03-03,R19,1,1,1,0,0,7.6,0.0,81.5
2026-03-04,R19,1,1,1,0,0,6.2,0.0,45.6
2026-03-05,R19,2,2,2,0,0,13.8,0.0,50.7
2026-03-06,R19,1,1,1,0,0,8.8,0.0,64.7
2026-03-09,R19,2,1,2,0,1,7.3,0.0,26.8
2026-03-10,R19,2,1,2,0,1,12.1,0.0,44.5
2026-03-11,R19,2,1,2,0,1,6.3,0.0,23.2
2026-03-12,R19,1,1,1,0,0,9.3,0.0,68.4
2026-03-13,R19,1,1,1,0,0,11.2,0.0,82.4
2026-03-16,R19,2,2,2,0,0,15.7,0.0,57.7
2026-03-17,R19,2,2,2,0,0,18.6,0.0,68.4
2026-03-18,R19,1,1,1,0,0,10.3,0.0,75.7
2026-03-19,R19,1,1,1,0,0,11.1,0.0,81.6
2026-03-20,R19,1,1,1,0,0,4.3,0.0,31.6
2026-03-23,R19,2,2,2,0,0,12.6,0.0,46.3
2026-03-24,R19,1,1,1,0,0,11.5,0.0,84.6
2026-03-25,R19,1,1,1,0,0,9.1,0.0,66.9
2026-03-26,R19,1,2,1,0,0,12.9,0.4,94.9
2026-03-27,R19,1,1,1,0,0,6.3,0.0,49.2
2026-03-30,R19,2,1,2,0,1,10.8,0.0,39.7
2026-03-31,R19,1,1,1,0,0,9.9,0.0,72.8
2026-04-01,R19,1,1,1,0,0,5.2,0.0,38.2
2026-04-02,R19,1,1,1,0,0,12.4,0.0,91.2
2026-04-07,R19,1,2,1,0,0,13.2,0.7,97.1
2026-04-08,R19,1,1,1,0,0,7.4,0.0,59.5
2026-04-09,R19,2,1,2,0,1,11.1,0.0,40.8
2026-04-10,R19,1,1,1,0,0,4.0,0.0,29.4
2026-04-13,R19,1,2,1,0,0,14.9,2.4,100.0
2026-04-14,R19,2,1,2,0,1,6.9,0.0,34.1
2026-04-15,R19,1,1,1,0,0,9.7,0.0,71.3
2026-04-16,R19,1,2,1,0,0,14.1,1.6,100.0
2026-04-17,R19,1,1,1,0,0,6.4,0.0,58.7
2026-04-20,R19,2,1,2,0,1,10.0,0.0,36.8
2026-04-21,R19,2,1,2,0,1,10.6,0.0,39.0
2026-04-22,R19,1,2,1,0,0,15.3,2.8,100.0
2026-04-23,R19,2,1,2,0,1,1.6,0.0,16.1
2026-04-24,R19,1,1,1,0,0,11.6,0.0,85.3
2026-04-27,R19,1,2,1,0,0,16.4,3.9,100.0
2026-04-28,R19,1,1,1,0,0,6.5,0.0,76.4
2026-04-29,R19,2,1,2,0,1,10.2,0.0,37.5
2026-04-30,R19,1,2,1,0,0,18.9,6.4,100.0
2026-05-04,R19,2,2,2,0,0,11.7,0.0,43.0
2026-05-05,R19,2,1,2,0,1,12.3,0.0,45.2
2026-05-06,R19,2,2,2,0,0,13.9,0.0,51.1
2026-05-07,R19,2,2,2,0,0,14.1,0.0,51.8
2026-05-08,R19,1,1,1,0,0,5.1,0.0,37.5
2026-05-11,R19,2,1,2,0,1,10.9,0.0,40.1
2026-05-12,R19,1,1,1,0,0,11.5,0.0,84.6
2026-05-13,R19,1,2,1,1,0,18.2,0.0,66.9
2026-05-15,R19,1,1,1,0,0,4.2,0.0,30.9
2026-05-18,R19,2,1,2,0,1,9.9,0.0,36.4
2026-05-19,R19,1,1,1,0,0,7.5,0.0,55.1
2026-05-20,R19,2,1,2,0,1,8.7,0.0,32.0
2026-05-21,R19,1,2,1,0,0,15.1,2.6,100.0
2026-05-22,R19,1,1,1,0,0,5.8,0.0,61.7
2026-05-26,R19,1,2,1,0,0,12.6,0.1,92.6
2026-05-27,R19,2,1,2,0,1,7.3,0.0,27.2
2026-05-28,R19,2,2,2,0,0,17.2,0.0,63.2
2026-05-29,R19,1,1,1,0,0,3.8,0.0,27.9
2026-06-01,R19,2,1,2,0,1,8.3,0.0,30.5
2026-06-02,R19,1,2,1,1,0,17.8,0.0,65.4
2026-06-03,R19,1,1,1,0,0,10.0,0.0,73.5
2026-06-05,R19,1,1,1,0,0,4.9,0.0,36.0
2026-06-08,R19,1,2,1,0,0,12.9,0.4,94.9
2026-06-09,R19,2,1,2,0,1,9.6,0.0,36.7
2026-06-10,R19,1,2,1,1,0,20.5,0.0,75.4
2026-06-11,R19,2,2,2,0,0,17.3,0.0,63.6
2026-06-12,R19,1,1,1,0,0,10.9,0.0,80.1
2026-06-15,R19,2,1,2,0,1,12.2,0.0,44.9
2026-06-16,R19,2,2,2,0,0,18.6,0.0,68.4
2026-06-17,R19,2,1,2,0,1,8.5,0.0,31.2
2026-06-18,R19,2,2,2,0,0,15.7,0.0,57.7
2026-06-19,R19,1,1,1,0,0,11.8,0.0,86.8
2026-06-22,R19,1,2,1,0,0,12.6,0.1,92.6
2026-06-23,R19,2,1,2,0,1,9.8,0.0,36.4
2026-06-24,R19,1,2,1,0,0,13.7,1.2,100.0
2026-06-25,R19,2,2,2,0,0,12.6,0.0,50.7
2026-06-26,R19,1,1,1,0,0,3.3,0.0,24.3
2026-06-29,R19,2,1,2,0,1,7.0,0.0,25.7
2026-06-30,R19,2,1,2,0,1,8.8,0.0,32.4
2026-07-01,R19,2,1,2,0,1,6.5,0.0,23.9
2026-07-02,R19,2,2,2,0,0,20.4,0.0,75.0
2026-07-03,R19,2,1,2,0,1,9.1,0.0,33.5
2026-07-06,R19,2,1,2,0,1,12.0,0.0,44.1
2026-07-07,R19,1,2,1,0,0,15.1,2.6,100.0
2026-07-08,R19,2,1,2,0,1,8.9,0.0,42.2
2026-07-09,R19,2,1,2,0,1,10.0,0.0,36.8
2026-07-10,R19,1,1,1,0,0,8.7,0.0,64.0
2026-07-13,R19,2,2,2,0,0,12.6,0.0,46.3
2026-07-14,R19,2,1,2,0,1,10.8,0.0,39.7
2026-07-15,R19,1,1,1,0,0,11.6,0.0,85.3
2026-07-16,R19,2,2,2,0,0,12.8,0.0,47.1
2026-07-17,R19,1,1,1,0,0,4.8,0.0,35.3
2026-07-20,R19,2,2,2,0,0,17.3,0.0,63.6
2026-07-21,R19,1,2,1,1,0,18.2,0.0,66.9
2026-07-22,R19,1,1,1,0,0,7.1,0.0,52.2
2026-07-23,R19,2,1,2,0,1,11.8,0.0,43.4
2026-07-24,R19,1,1,1,0,0,3.2,0.0,23.5
2026-07-27,R19,2,1,2,0,1,6.7,0.0,24.6
2026-07-28,R19,2,2,2,0,0,12.8,0.0,47.1
2026-07-29,R19,2,1,2,0,1,5.1,0.0,18.8
2026-07-30,R19,1,1,1,0,0,12.0,0.0,88.2
2026-07-31,R19,1,1,1,0,0,8.1,0.0,59.6
2026-08-03,R19,2,1,2,0,1,7.8,0.0,28.7
2026-08-04,R19,2,2,2,0,0,21.6,0.0,79.4
2026-08-05,R19,1,1,1,0,0,6.9,0.0,50.7
2026-08-06,R19,2,1,2,0,1,12.5,0.0,46.0
2026-08-07,R19,1,1,1,0,0,6.5,0.0,47.8
2026-08-10,R19,1,1,1,0,0,7.4,0.0,54.4
2026-08-11,R19,1,2,1,0,0,16.4,3.9,100.0
2026-08-12,R19,1,1,1,0,0,8.2,0.0,88.9
2026-08-13,R19,1,2,1,0,0,13.4,0.9,98.5
2026-08-14,R19,1,1,1,0,0,7.3,0.0,60.2
2026-08-17,R19,1,1,1,0,0,9.1,0.0,66.9
2026-08-18,R19,2,1,2,0,1,8.9,0.0,32.7
2026-08-19,R19,1,1,1,0,0,9.8,0.0,72.1
2026-08-20,R19,2,2,2,0,0,14.9,0.0,54.8
2026-08-21,R19,1,1,1,0,0,3.6,0.0,26.5
2026-08-24,R19,2,1,2,0,1,5.1,0.0,18.8
2026-08-25,R19,2,1,2,0,1,7.4,0.0,27.2
2026-08-26,R19,1,1,1,0,0,6.2,0.0,45.6
2026-08-27,R19,2,1,2,0,1,9.8,0.0,36.0
2026-08-28,R19,1,1,1,0,0,3.9,0.0,28.7
2026-08-31,R19,2,2,2,0,0,16.6,0.0,61.0
2024-01-02,R20,2,2,2,0,0,15.0,0.0,55.1
2024-01-03,R20,1,1,1,0,0,5.1,0.0,37.5
2024-01-04,R20,1,1,1,0,0,10.5,0.0,77.2
2024-01-05,R20,1,2,1,0,0,13.4,0.9,98.5
2024-01-08,R20,2,2,2,0,0,19.4,0.0,71.3
2024-01-09,R20,2,2,2,0,0,22.8,0.0,83.8
2024-01-10,R20,1,2,1,1,0,23.4,0.0,86.0
2024-01-11,R20,2,2,2,0,0,12.8,0.0,47.1
2024-01-12,R20,2,2,2,0,0,15.1,0.0,55.5
2024-01-15,R20,2,2,2,0,0,15.4,0.0,56.6
2024-01-16,R20,2,2,2,0,0,21.2,0.0,77.9
2024-01-17,R20,2,1,2,0,1,4.2,0.0,15.4
2024-01-18,R20,1,1,1,0,0,12.0,0.0,88.2
2024-01-19,R20,1,2,1,0,0,16.4,3.9,100.0
2024-01-22,R20,2,2,2,0,0,15.0,0.0,55.1
2024-01-23,R20,2,2,2,0,0,24.3,0.0,89.3
2024-01-24,R20,2,2,2,0,0,19.8,0.0,72.8
2024-01-25,R20,1,2,1,0,0,16.4,3.9,100.0
2024-01-26,R20,2,2,2,0,0,12.5,0.0,60.2
2024-01-29,R20,2,1,2,0,1,9.9,0.0,36.4
2024-01-30,R20,2,2,2,0,0,19.0,0.0,69.9
2024-01-31,R20,1,2,1,0,0,16.1,3.6,100.0
2024-02-01,R20,1,3,1,1,0,22.3,0.9,95.2
2024-02-02,R20,2,2,2,0,0,11.7,0.0,46.2
2024-02-05,R20,2,2,2,0,0,17.7,0.0,65.1
2024-02-06,R20,2,2,2,0,0,19.1,0.0,70.2
2024-02-07,R20,2,2,2,0,0,12.9,0.0,47.4
2024-02-08,R20,3,2,3,0,1,15.4,0.0,37.7
2024-02-09,R20,1,1,1,0,0,8.7,0.0,64.0
2024-02-12,R20,3,2,3,0,1,20.7,0.0,50.7
2024-02-13,R20,2,2,2,0,0,20.5,0.0,75.4
2024-02-14,R20,2,1,2,0,1,9.7,0.0,35.7
2024-02-15,R20,3,2,3,0,1,15.5,0.0,38.0
2024-02-16,R20,1,1,1,0,0,11.3,0.0,83.1
2024-02-19,R20,3,2,3,0,1,18.7,0.0,45.8
2024-02-20,R20,2,2,2,0,0,16.7,0.0,61.4
2024-02-21,R20,2,2,2,0,0,19.6,0.0,72.1
2024-02-22,R20,2,2,2,0,0,19.2,0.0,70.6
2024-02-23,R20,1,1,1,0,0,10.6,0.0,77.9
2024-02-26,R20,3,2,3,0,1,19.4,0.0,47.5
2024-02-27,R20,2,2,2,0,0,16.8,0.0,61.8
2024-02-28,R20,2,2,2,0,0,13.6,0.0,50.0
2024-02-29,R20,2,2,2,0,0,22.3,0.0,82.0
2024-03-01,R20,1,1,1,0,0,9.2,0.0,67.6
2024-03-04,R20,2,2,2,0,0,21.0,0.0,77.2
2024-03-05,R20,1,2,1,1,0,24.9,0.0,91.5
2024-03-06,R20,2,2,2,0,0,19.6,0.0,72.1
2024-03-07,R20,2,2,2,0,0,22.8,0.0,83.8
2024-03-08,R20,1,1,1,0,0,7.8,0.0,57.4
2024-03-11,R20,2,2,2,0,0,21.2,0.0,77.9
2024-03-12,R20,2,2,2,0,0,14.8,0.0,54.4
2024-03-13,R20,2,1,2,0,1,9.8,0.0,36.0
2024-03-14,R20,2,2,2,0,0,19.2,0.0,70.6
2024-03-15,R20,1,1,1,0,0,11.9,0.0,87.5
2024-03-18,R20,1,2,1,1,0,18.7,0.0,68.8
2024-03-19,R20,2,3,2,0,0,27.3,2.3,100.0
2024-03-20,R20,2,1,2,0,1,5.8,0.0,29.7
2024-03-21,R20,2,2,2,0,0,16.5,0.0,60.7
2024-03-22,R20,1,1,1,0,0,12.2,0.0,89.7
2024-03-25,R20,3,2,3,0,1,13.4,0.0,32.8
2024-03-26,R20,3,2,3,0,1,18.8,0.0,46.1
2024-03-27,R20,1,2,1,0,0,14.2,1.7,100.0
2024-03-28,R20,2,3,2,0,0,27.0,3.7,100.0
2024-04-02,R20,2,3,2,0,0,21.5,0.1,79.0
2024-04-03,R20,2,1,2,0,1,11.0,0.0,41.0
2024-04-04,R20,2,2,2,0,0,23.1,0.0,84.9
2024-04-05,R20,1,1,1,0,0,12.5,0.0,91.9
2024-04-08,R20,3,2,3,0,1,17.1,0.0,41.9
2024-04-09,R20,3,2,3,0,1,21.9,0.0,53.7
2024-04-10,R20,2,2,2,0,0,14.7,0.0,54.0
2024-04-11,R20,2,2,2,0,0,24.5,0.0,90.1
2024-04-12,R20,1,1,1,0,0,7.4,0.0,54.4
2024-04-15,R20,2,2,2,0,0,16.8,0.0,61.8
2024-04-16,R20,2,2,2,0,0,18.8,0.0,69.1
2024-04-17,R20,1,2,1,1,0,17.6,0.0,64.7
2024-04-18,R20,2,2,2,0,0,24.7,0.0,90.8
2024-04-19,R20,1,1,1,0,0,8.7,0.0,64.0
2024-04-22,R20,2,2,2,0,0,19.8,0.0,72.8
2024-04-23,R20,2,2,2,0,0,16.7,0.0,61.4
2024-04-24,R20,2,2,2,0,0,14.2,0.0,52.2
2024-04-25,R20,2,2,2,0,0,22.8,0.0,83.8
2024-04-26,R20,1,2,1,0,0,13.4,0.9,98.5
2024-04-29,R20,2,2,2,0,0,13.0,0.0,47.8
2024-04-30,R20,2,2,2,0,0,22.8,0.0,83.8
2024-05-02,R20,2,2,2,0,0,21.0,0.0,77.2
2024-05-03,R20,1,2,1,0,0,14.0,1.5,100.0
2024-05-06,R20,2,2,2,0,0,21.8,0.0,80.1
2024-05-07,R20,2,3,2,0,0,27.9,2.9,100.0
2024-05-08,R20,2,2,2,0,0,21.6,0.0,90.0
2024-05-10,R20,2,1,2,0,1,8.4,0.0,30.9
2024-05-13,R20,2,3,2,0,0,25.7,0.7,94.5
2024-05-14,R20,3,3,3,0,0,25.5,0.0,64.2
2024-05-15,R20,2,2,2,0,0,14.6,0.0,53.7
2024-05-16,R20,2,4,2,0,0,38.4,13.4,100.0
2024-05-17,R20,1,2,1,1,0,10.6,0.0,88.1
2024-05-21,R20,3,3,3,0,0,28.4,0.0,69.6
2024-05-22,R20,2,2,2,0,0,17.4,0.0,64.0
2024-05-23,R20,4,4,4,0,0,39.1,0.0,71.9
2024-05-24,R20,1,2,1,1,0,18.2,0.0,66.9
2024-05-27,R20,3,1,3,0,2,11.8,0.0,28.9
2024-05-28,R20,4,3,4,0,1,31.6,0.0,58.1
2024-05-29,R20,2,2,2,0,0,23.3,0.0,85.7
2024-05-31,R20,2,2,2,0,0,12.8,0.0,47.1
2024-06-03,R20,2,1,2,0,1,10.4,0.0,38.2
2024-06-04,R20,3,3,3,0,0,30.0,0.0,73.5
2024-06-05,R20,2,2,2,0,0,17.8,0.0,65.4
2024-06-06,R20,4,3,4,0,1,32.7,0.0,60.1
2024-06-07,R20,2,2,2,0,0,16.7,0.0,61.4
2024-06-10,R20,1,2,1,1,0,23.0,0.0,84.6
2024-06-11,R20,3,3,3,0,0,26.7,0.0,65.4
2024-06-12,R20,2,2,2,0,0,15.7,0.0,57.7
2024-06-13,R20,2,2,2,0,0,24.0,0.0,88.2
2024-06-14,R20,2,1,2,0,1,9.0,0.0,33.1
2024-06-17,R20,2,2,2,0,0,20.1,0.0,73.9
2024-06-18,R20,3,3,3,0,0,32.5,0.0,79.7
2024-06-19,R20,2,2,2,0,0,13.5,0.0,49.6
2024-06-20,R20,2,3,2,0,0,33.4,8.4,100.0
2024-06-21,R20,1,2,1,0,0,5.4,1.3,100.0
2024-06-24,R20,2,2,2,0,0,23.7,0.0,87.1
2024-06-25,R20,3,2,3,0,1,21.7,0.0,53.2
2024-06-26,R20,3,1,3,0,2,10.9,0.0,26.7
2024-06-27,R20,3,4,3,0,0,44.7,7.2,100.0
2024-06-28,R20,2,2,2,0,0,10.4,0.0,64.6
2024-07-01,R20,3,2,3,0,1,15.3,0.0,37.5
2024-07-02,R20,2,2,2,0,0,15.7,0.0,57.7
2024-07-03,R20,1,2,1,0,0,24.9,12.4,100.0
2024-07-04,R20,4,3,4,0,1,17.1,0.0,54.2
2024-07-05,R20,1,2,1,0,0,13.5,1.0,99.3
2024-07-08,R20,3,2,3,0,1,19.5,0.0,47.8
2024-07-09,R20,2,2,2,0,0,22.8,0.0,83.8
2024-07-10,R20,2,2,2,0,0,20.4,0.0,75.0
2024-07-11,R20,3,2,3,0,1,24.9,0.0,61.0
2024-07-12,R20,2,1,2,0,1,10.8,0.0,39.7
2024-07-15,R20,2,2,2,0,0,21.1,0.0,77.6
2024-07-16,R20,2,3,2,1,0,30.4,0.0,74.5
2024-07-17,R20,2,2,2,0,0,17.7,0.0,65.1
2024-07-18,R20,3,3,3,0,0,27.3,0.0,66.9
2024-07-19,R20,1,1,1,0,0,11.8,0.0,86.8
2024-07-22,R20,3,2,3,0,1,23.6,0.0,57.8
2024-07-23,R20,3,2,3,0,1,24.0,0.0,58.8
2024-07-24,R20,2,2,2,0,0,19.4,0.0,71.3
2024-07-25,R20,3,3,3,0,0,31.9,0.0,78.2
2024-07-26,R20,1,2,1,0,0,13.6,1.1,100.0
2024-07-29,R20,2,2,2,0,0,14.8,0.0,54.4
2024-07-30,R20,3,2,3,0,1,19.1,0.0,46.8
2024-07-31,R20,2,2,2,0,0,13.0,0.0,47.8
2024-08-01,R20,3,2,3,0,1,15.7,0.0,38.5
2024-08-02,R20,1,1,1,0,0,10.0,0.0,73.5
2024-08-05,R20,2,1,2,0,1,7.8,0.0,28.7
2024-08-06,R20,2,2,2,0,0,18.0,0.0,66.2
2024-08-07,R20,2,1,2,0,1,6.2,0.0,22.8
2024-08-08,R20,2,3,2,0,0,25.5,0.5,93.8
2024-08-09,R20,1,2,1,0,0,16.3,4.3,100.0
2024-08-12,R20,2,2,2,0,0,19.0,0.0,69.9
2024-08-13,R20,2,3,2,0,0,27.7,2.7,100.0
2024-08-14,R20,1,1,1,0,0,9.7,0.0,91.0
2024-08-15,R20,2,2,2,0,0,19.2,0.0,70.6
2024-08-16,R20,2,2,2,0,0,15.1,0.0,55.5
2024-08-19,R20,3,1,3,0,2,10.9,0.0,26.7
2024-08-20,R20,3,2,3,0,1,13.5,0.0,33.1
2024-08-21,R20,1,3,1,1,0,25.2,0.2,92.6
2024-08-22,R20,2,2,2,0,0,20.5,0.0,76.0
2024-08-23,R20,2,2,2,0,0,14.3,0.0,52.6
2024-08-26,R20,2,2,2,0,0,12.6,0.0,46.3
2024-08-27,R20,2,3,2,0,0,27.8,2.8,100.0
2024-08-28,R20,2,2,2,0,0,13.4,0.0,59.5
2024-08-29,R20,2,2,2,0,0,18.3,0.0,67.3
2024-08-30,R20,2,1,2,0,1,10.2,0.0,37.5
2024-09-02,R20,2,2,2,0,0,15.2,0.0,55.9
2024-09-03,R20,3,2,3,0,1,20.9,0.0,51.2
2024-09-04,R20,2,2,2,0,0,13.2,0.0,48.5
2024-09-05,R20,2,3,2,1,0,34.1,0.0,83.6
2024-09-06,R20,1,2,1,0,0,14.6,2.1,100.0
2024-09-09,R20,3,2,3,0,1,15.1,0.0,37.0
2024-09-10,R20,2,2,2,0,0,17.4,0.0,64.0
2024-09-11,R20,2,2,2,0,0,13.3,0.0,48.9
2024-09-12,R20,2,3,2,0,0,31.2,6.2,100.0
2024-09-13,R20,1,2,1,1,0,16.2,0.0,82.3
2024-09-16,R20,2,2,2,0,0,13.7,0.0,50.4
2024-09-17,R20,2,3,2,1,0,36.5,0.0,89.5
2024-09-18,R20,2,2,2,0,0,13.3,0.0,48.9
2024-09-19,R20,3,3,3,0,0,32.6,0.0,79.9
2024-09-20,R20,2,2,2,0,0,12.6,0.0,46.3
2024-09-23,R20,3,1,3,0,2,12.0,0.0,29.4
2024-09-24,R20,3,2,3,0,1,18.4,0.0,45.1
2024-09-25,R20,2,2,2,0,0,16.8,0.0,61.8
2024-09-26,R20,3,3,3,0,0,28.1,0.0,68.9
2024-09-27,R20,2,2,2,0,0,21.4,0.0,78.7
2024-09-30,R20,2,3,2,1,0,32.7,0.0,80.1
2024-10-01,R20,2,2,2,0,0,19.7,0.0,72.4
2024-10-02,R20,2,2,2,0,0,14.5,0.0,53.3
2024-10-04,R20,1,1,1,0,0,6.4,0.0,47.1
2024-10-07,R20,3,2,3,0,1,17.1,0.0,41.9
2024-10-08,R20,2,3,2,0,0,28.2,3.2,100.0
2024-10-09,R20,2,2,2,0,0,18.6,0.0,80.1
2024-10-10,R20,3,2,3,0,1,20.0,0.0,49.0
2024-10-11,R20,1,1,1,0,0,7.2,0.0,52.9
2024-10-14,R20,3,2,3,0,1,13.7,0.0,33.6
2024-10-15,R20,3,3,3,0,0,25.4,0.0,62.3
2024-10-16,R20,2,2,2,0,0,18.3,0.0,67.3
2024-10-17,R20,2,2,2,0,0,18.8,0.0,69.1
2024-10-18,R20,1,2,1,0,0,12.8,0.3,94.1
2024-10-21,R20,2,2,2,0,0,17.5,0.0,64.3
2024-10-22,R20,3,3,3,0,0,26.2,0.0,64.2
2024-10-23,R20,2,2,2,0,0,16.0,0.0,58.8
2024-10-24,R20,2,2,2,0,0,19.9,0.0,73.2
2024-10-25,R20,1,1,1,0,0,11.2,0.0,82.4
2024-10-28,R20,2,2,2,0,0,20.3,0.0,74.6
2024-10-29,R20,4,2,4,0,2,21.8,0.0,40.1
2024-10-30,R20,2,2,2,0,0,19.9,0.0,73.2
2024-10-31,R20,2,3,2,0,0,27.0,2.0,99.3
2024-11-04,R20,2,1,2,0,1,10.2,0.0,37.5
2024-11-05,R20,2,2,2,0,0,24.8,0.0,91.2
2024-11-06,R20,1,2,1,0,0,15.3,2.8,100.0
2024-11-07,R20,3,3,3,0,0,24.4,0.0,66.6
2024-11-08,R20,1,1,1,0,0,8.6,0.0,63.2
2024-11-11,R20,2,2,2,0,0,15.1,0.0,55.5
2024-11-12,R20,2,2,2,0,0,22.0,0.0,80.9
2024-11-13,R20,2,2,2,0,0,13.2,0.0,48.5
2024-11-14,R20,3,1,3,0,2,9.1,0.0,22.3
2024-11-15,R20,1,2,1,0,0,12.6,0.1,92.6
2024-11-18,R20,2,2,2,0,0,22.4,0.0,82.4
2024-11-19,R20,2,2,2,0,0,16.9,0.0,62.1
2024-11-20,R20,1,2,1,1,0,20.7,0.0,76.1
2024-11-21,R20,1,2,1,1,0,19.2,0.0,70.6
2024-11-22,R20,1,2,1,0,0,15.2,2.7,100.0
2024-11-25,R20,2,2,2,0,0,19.0,0.0,69.9
2024-11-26,R20,2,2,2,0,0,14.4,0.0,52.9
2024-11-27,R20,2,2,2,0,0,15.5,0.0,57.0
2024-11-28,R20,2,2,2,0,0,19.4,0.0,71.3
2024-11-29,R20,2,1,2,0,1,10.8,0.0,39.7
2024-12-02,R20,2,2,2,0,0,16.4,0.0,60.3
2024-12-03,R20,2,2,2,0,0,15.6,0.0,57.4
2024-12-04,R20,2,2,2,0,0,18.0,0.0,66.2
2024-12-05,R20,2,2,2,0,0,19.2,0.0,70.6
2024-12-06,R20,1,2,1,0,0,16.2,3.7,100.0
2024-12-09,R20,2,2,2,0,0,14.2,0.0,52.2
2024-12-10,R20,2,2,2,0,0,19.1,0.0,70.2
2024-12-11,R20,2,1,2,0,1,8.5,0.0,31.2
2024-12-12,R20,3,2,3,0,1,24.1,0.0,59.1
2024-12-13,R20,1,1,1,0,0,11.0,0.0,80.9
2024-12-16,R20,3,2,3,0,1,13.2,0.0,32.4
2024-12-17,R20,2,3,2,0,0,28.3,3.3,100.0
2024-12-18,R20,1,2,1,0,0,13.7,4.5,100.0
2024-12-19,R20,2,2,2,0,0,16.3,0.0,76.3
2024-12-20,R20,2,1,2,0,1,7.6,0.0,27.9
2024-12-23,R20,2,1,2,0,1,7.5,0.0,27.6
2024-12-24,R20,3,2,3,0,1,17.5,0.0,42.9
2024-12-27,R20,1,1,1,0,0,4.2,0.0,30.9
2024-12-30,R20,2,1,2,0,1,10.3,0.0,37.9
2024-12-31,R20,2,2,2,0,0,14.9,0.0,54.8
2025-01-02,R20,2,1,2,0,1,11.8,0.0,43.4
2025-01-03,R20,1,1,1,0,0,11.0,0.0,80.9
2025-01-07,R20,2,2,2,0,0,23.1,0.0,84.9
2025-01-08,R20,2,1,2,0,1,7.5,0.0,27.6
2025-01-09,R20,1,2,1,1,0,23.9,0.0,87.9
2025-01-10,R20,1,1,1,0,0,12.2,0.0,89.7
2025-01-13,R20,2,1,2,0,1,11.9,0.0,43.7
2025-01-14,R20,2,2,2,0,0,19.0,0.0,69.9
2025-01-15,R20,1,1,1,0,0,12.4,0.0,91.2
2025-01-16,R20,1,2,1,1,0,20.3,0.0,74.6
2025-01-17,R20,1,1,1,0,0,9.6,0.0,70.6
2025-01-20,R20,2,2,2,0,0,18.8,0.0,69.1
2025-01-21,R20,3,2,3,0,1,18.7,0.0,45.8
2025-01-22,R20,1,2,1,0,0,15.0,2.5,100.0
2025-01-23,R20,3,3,3,0,0,23.5,0.0,63.7
2025-01-24,R20,1,1,1,0,0,11.9,0.0,87.5
2025-01-27,R20,2,3,2,0,0,28.0,3.0,100.0
2025-01-28,R20,3,3,3,0,0,23.3,0.0,64.4
2025-01-29,R20,2,1,2,0,1,11.6,0.0,42.6
2025-01-30,R20,3,1,3,0,2,11.0,0.0,27.0
2025-01-31,R20,1,2,1,0,0,13.9,1.4,100.0
2025-02-03,R20,3,2,3,0,1,21.9,0.0,53.7
2025-02-04,R20,3,3,3,0,0,28.9,0.0,70.8
2025-02-05,R20,1,2,1,0,0,13.6,1.1,100.0
2025-02-06,R20,2,2,2,0,0,14.4,0.0,56.9
2025-02-07,R20,1,2,1,0,0,12.8,0.3,94.1
2025-02-10,R20,3,2,3,0,1,22.6,0.0,55.4
2025-02-11,R20,3,2,3,0,1,19.6,0.0,48.0
2025-02-12,R20,1,2,1,1,0,24.1,0.0,88.6
2025-02-13,R20,2,2,2,0,0,23.0,0.0,84.6
2025-02-14,R20,2,1,2,0,1,8.5,0.0,31.2
2025-02-17,R20,2,2,2,0,0,18.8,0.0,69.1
2025-02-18,R20,3,2,3,0,1,21.5,0.0,52.7
2025-02-19,R20,2,2,2,0,0,24.7,0.0,90.8
2025-02-20,R20,2,3,2,0,0,26.1,1.1,96.0
2025-02-21,R20,1,1,1,0,0,10.0,0.0,81.4
2025-02-24,R20,2,1,2,0,1,11.0,0.0,40.4
2025-02-25,R20,2,2,2,0,0,16.0,0.0,58.8
2025-02-26,R20,2,2,2,0,0,19.3,0.0,71.0
2025-02-27,R20,2,1,2,0,1,12.0,0.0,44.1
2025-02-28,R20,1,2,1,1,0,25.0,0.0,91.9
2025-03-03,R20,1,1,1,0,0,9.0,0.0,66.2
2025-03-04,R20,2,2,2,0,0,17.8,0.0,65.4
2025-03-05,R20,2,2,2,0,0,21.6,0.0,79.4
2025-03-06,R20,2,2,2,0,0,18.5,0.0,68.0
2025-03-07,R20,2,1,2,0,1,9.9,0.0,36.4
2025-03-10,R20,1,2,1,0,0,17.3,4.8,100.0
2025-03-11,R20,2,3,2,0,0,24.5,4.3,100.0
2025-03-12,R20,2,2,2,0,0,14.0,0.0,67.1
2025-03-13,R20,2,3,2,0,0,30.5,5.5,100.0
2025-03-14,R20,1,2,1,1,0,13.9,0.0,71.2
2025-03-17,R20,2,2,2,0,0,17.6,0.0,64.7
2025-03-18,R20,3,2,3,0,1,15.1,0.0,37.0
2025-03-19,R20,2,1,2,0,1,9.8,0.0,36.0
2025-03-20,R20,3,3,3,0,0,28.9,0.0,70.8
2025-03-21,R20,2,1,2,0,1,6.2,0.0,22.8
2025-03-24,R20,2,1,2,0,1,10.3,0.0,37.9
2025-03-25,R20,3,2,3,0,1,19.2,0.0,47.1
2025-03-26,R20,1,2,1,0,0,14.7,2.2,100.0
2025-03-27,R20,3,3,3,0,0,25.3,0.0,67.4
2025-03-28,R20,1,1,1,0,0,11.1,0.0,81.6
2025-03-31,R20,2,1,2,0,1,12.3,0.0,45.2
2025-04-01,R20,2,3,2,0,0,27.1,2.1,99.6
2025-04-02,R20,1,1,1,0,0,9.1,0.0,82.2
2025-04-03,R20,3,2,3,0,1,21.5,0.0,52.7
2025-04-04,R20,1,1,1,0,0,10.1,0.0,74.3
2025-04-07,R20,2,2,2,0,0,15.5,0.0,57.0
2025-04-08,R20,2,2,2,0,0,16.8,0.0,61.8
2025-04-09,R20,1,1,1,0,0,11.4,0.0,83.8
2025-04-10,R20,2,3,2,1,0,31.2,0.0,76.5
2025-04-11,R20,1,2,1,0,0,12.6,0.1,92.6
2025-04-14,R20,2,3,2,0,0,26.8,1.9,98.5
2025-04-15,R20,3,3,3,0,0,32.1,0.0,83.2
2025-04-16,R20,2,2,2,0,0,21.7,0.0,79.8
2025-04-17,R20,2,2,2,0,0,19.1,0.0,70.2
2025-04-22,R20,3,2,3,0,1,15.9,0.0,39.0
2025-04-23,R20,2,2,2,0,0,15.6,0.0,57.4
2025-04-24,R20,2,2,2,0,0,23.2,0.0,85.3
2025-04-25,R20,1,2,1,1,0,23.4,0.0,86.0
2025-04-28,R20,4,2,4,0,2,14.7,0.0,27.0
2025-04-29,R20,2,3,2,1,0,32.2,0.0,78.9
2025-04-30,R20,1,2,1,0,0,14.4,1.9,100.0
2025-05-02,R20,2,1,2,0,1,7.4,0.0,27.2
2025-05-05,R20,3,2,3,0,1,19.1,0.0,46.8
2025-05-06,R20,3,3,3,0,0,34.3,0.0,84.1
2025-05-07,R20,2,2,2,0,0,17.5,0.0,64.3
2025-05-08,R20,2,2,2,0,0,24.7,0.0,90.8
2025-05-09,R20,1,2,1,0,0,17.5,5.0,100.0
2025-05-12,R20,3,2,3,0,1,19.2,0.0,47.1
2025-05-13,R20,3,2,3,0,1,16.2,0.0,39.7
2025-05-14,R20,1,2,1,0,0,14.3,1.8,100.0
2025-05-15,R20,3,3,3,0,0,28.0,0.0,73.0
2025-05-16,R20,2,1,2,0,1,12.5,0.0,46.0
2025-05-19,R20,3,2,3,0,1,23.1,0.0,56.6
2025-05-20,R20,2,2,2,0,0,20.3,0.0,74.6
2025-05-21,R20,2,2,2,0,0,19.2,0.0,70.6
2025-05-22,R20,3,2,3,0,1,17.1,0.0,41.9
2025-05-23,R20,1,1,1,0,0,11.8,0.0,86.8
2025-05-26,R20,2,2,2,0,0,24.8,0.0,91.2
2025-05-27,R20,3,2,3,0,1,23.0,0.0,56.4
2025-05-28,R20,2,2,2,0,0,15.3,0.0,56.2
2025-05-30,R20,1,1,1,0,0,9.2,0.0,67.6
2025-06-02,R20,2,2,2,0,0,20.1,0.0,73.9
2025-06-03,R20,3,3,3,0,0,30.8,0.0,75.5
2025-06-04,R20,2,1,2,0,1,12.3,0.0,45.2
2025-06-05,R20,2,2,2,0,0,21.9,0.0,80.5
2025-06-06,R20,1,2,1,0,0,16.3,3.8,100.0
2025-06-10,R20,3,3,3,0,0,24.0,0.0,58.8
2025-06-11,R20,1,2,1,0,0,14.1,1.6,100.0
2025-06-12,R20,2,2,2,0,0,18.0,0.0,72.0
2025-06-13,R20,1,1,1,0,0,11.4,0.0,83.8
2025-06-16,R20,2,2,2,0,0,19.2,0.0,70.6
2025-06-17,R20,3,2,3,0,1,23.2,0.0,56.9
2025-06-18,R20,2,2,2,0,0,14.8,0.0,54.4
2025-06-20,R20,1,1,1,0,0,9.5,0.0,69.9
2025-06-23,R20,3,3,3,0,0,27.7,0.0,67.9
2025-06-24,R20,2,2,2,0,0,15.2,0.0,55.9
2025-06-25,R20,2,2,2,0,0,14.7,0.0,54.0
2025-06-26,R20,3,3,3,0,0,30.2,0.0,74.0
2025-06-27,R20,1,1,1,0,0,10.1,0.0,74.3
2025-06-30,R20,3,2,3,0,1,15.5,0.0,38.0
2025-07-01,R20,2,2,2,0,0,22.3,0.0,82.0
2025-07-02,R20,2,1,2,0,1,10.8,0.0,39.7
2025-07-03,R20,3,2,3,0,1,17.9,0.0,43.9
2025-07-04,R20,1,2,1,0,0,13.0,0.5,95.6
2025-07-07,R20,2,2,2,0,0,14.3,0.0,52.6
2025-07-08,R20,1,2,1,1,0,21.8,0.0,80.1
2025-07-09,R20,2,2,2,0,0,15.7,0.0,57.7
2025-07-10,R20,2,2,2,0,0,20.5,0.0,75.4
2025-07-11,R20,1,2,1,1,0,19.5,0.0,71.7
2025-07-14,R20,2,2,2,0,0,14.6,0.0,53.7
2025-07-15,R20,3,2,3,0,1,18.7,0.0,45.8
2025-07-16,R20,2,1,2,0,1,11.7,0.0,43.0
2025-07-17,R20,2,2,2,0,0,24.2,0.0,89.0
2025-07-18,R20,1,1,1,0,0,11.0,0.0,80.9
2025-07-21,R20,2,2,2,0,0,15.2,0.0,55.9
2025-07-22,R20,1,3,1,2,0,32.0,0.0,78.4
2025-07-23,R20,1,2,1,0,0,15.5,3.0,100.0
2025-07-24,R20,3,4,3,0,0,37.3,2.8,98.7
2025-07-25,R20,1,1,1,0,0,9.7,0.0,91.6
2025-07-28,R20,2,2,2,0,0,21.9,0.0,80.5
2025-07-29,R20,2,2,2,0,0,14.3,0.0,52.6
2025-07-30,R20,2,2,2,0,0,16.5,0.0,60.7
2025-07-31,R20,3,2,3,0,1,17.7,0.0,43.4
2025-08-01,R20,1,1,1,0,0,8.4,0.0,61.8
2025-08-04,R20,3,1,3,0,2,11.0,0.0,27.0
2025-08-05,R20,3,2,3,0,1,15.7,0.0,38.5
2025-08-06,R20,2,1,2,0,1,9.7,0.0,35.7
2025-08-07,R20,3,2,3,0,1,15.4,0.0,37.7
2025-08-08,R20,1,1,1,0,0,5.7,0.0,41.9
2025-08-11,R20,2,2,2,0,0,20.7,0.0,76.1
2025-08-12,R20,3,2,3,0,1,21.5,0.0,52.7
2025-08-13,R20,1,1,1,0,0,5.8,0.0,42.6
2025-08-14,R20,2,1,2,0,1,11.7,0.0,43.0
2025-08-15,R20,1,1,1,0,0,9.8,0.0,72.1
2025-08-18,R20,2,1,2,0,1,12.0,0.0,44.1
2025-08-19,R20,2,2,2,0,0,18.2,0.0,66.9
2025-08-20,R20,2,1,2,0,1,7.8,0.0,28.7
2025-08-21,R20,2,3,2,0,0,25.1,0.1,92.3
2025-08-22,R20,2,1,2,0,1,9.7,0.0,35.9
2025-08-25,R20,3,2,3,0,1,14.8,0.0,36.3
2025-08-26,R20,2,2,2,0,0,17.8,0.0,65.4
2025-08-27,R20,2,1,2,0,1,6.4,0.0,23.5
2025-08-28,R20,3,3,3,0,0,28.7,0.0,70.3
2025-08-29,R20,1,2,1,0,0,14.5,2.0,100.0
2025-09-01,R20,1,2,1,0,0,11.8,1.3,86.8
2025-09-02,R20,1,3,1,1,0,24.1,0.4,93.3
2025-09-03,R20,1,2,1,0,0,14.8,2.6,100.0
2025-09-04,R20,2,2,2,0,0,14.4,0.0,62.6
2025-09-05,R20,1,2,1,0,0,14.9,2.4,100.0
2025-09-08,R20,2,2,2,0,0,16.1,0.0,59.2
2025-09-09,R20,2,3,2,0,0,25.3,0.3,93.0
2025-09-10,R20,1,1,1,0,0,7.5,0.0,57.2
2025-09-11,R20,2,2,2,0,0,19.6,0.0,72.1
2025-09-12,R20,1,1,1,0,0,6.2,0.0,45.6
2025-09-15,R20,3,2,3,0,1,13.9,0.0,34.1
2025-09-16,R20,3,3,3,0,0,36.3,0.0,89.0
2025-09-17,R20,1,1,1,0,0,7.3,0.0,53.7
2025-09-18,R20,3,2,3,0,1,21.1,0.0,51.7
2025-09-19,R20,1,2,1,0,0,14.7,2.2,100.0
2025-09-22,R20,2,2,2,0,0,15.0,0.0,55.1
2025-09-23,R20,3,2,3,0,1,16.4,0.0,40.2
2025-09-24,R20,1,1,1,0,0,8.7,0.0,64.0
2025-09-25,R20,2,2,2,0,0,24.4,0.0,89.7
2025-09-26,R20,2,2,2,0,0,15.1,0.0,55.5
2025-09-29,R20,2,2,2,0,0,15.9,0.0,58.5
2025-09-30,R20,2,3,2,1,0,31.3,0.0,76.7
2025-10-01,R20,1,1,1,0,0,10.7,0.0,78.7
2025-10-02,R20,1,3,1,0,0,28.2,15.7,100.0
2025-10-06,R20,2,3,2,0,0,10.7,1.4,39.3
2025-10-07,R20,3,3,3,0,0,29.4,0.0,75.4
2025-10-08,R20,1,2,1,0,0,14.3,1.8,100.0
2025-10-09,R20,3,3,3,0,0,24.2,0.0,63.7
2025-10-10,R20,1,1,1,0,0,10.9,0.0,80.1
2025-10-13,R20,3,2,3,0,1,24.4,0.0,59.8
2025-10-14,R20,3,2,3,0,1,14.9,0.0,36.5
2025-10-15,R20,2,1,2,0,1,12.1,0.0,44.5
2025-10-16,R20,2,2,2,0,0,17.9,0.0,65.8
2025-10-17,R20,1,1,1,0,0,9.4,0.0,69.1
2025-10-20,R20,2,1,2,0,1,10.7,0.0,39.3
2025-10-21,R20,3,2,3,0,1,19.8,0.0,48.5
2025-10-22,R20,1,1,1,0,0,5.6,0.0,41.2
2025-10-23,R20,2,2,2,0,0,19.0,0.0,69.9
2025-10-24,R20,1,2,1,0,0,15.2,2.7,100.0
2025-10-27,R20,2,2,2,0,0,14.2,0.0,52.2
2025-10-28,R20,2,2,2,0,0,23.1,0.0,84.9
2025-10-29,R20,1,1,1,0,0,8.3,0.0,61.0
2025-10-30,R20,2,2,2,0,0,18.9,0.0,69.5
2025-10-31,R20,1,1,1,0,0,9.5,0.0,69.9
2025-11-03,R20,1,2,1,0,0,14.1,1.6,100.0
2025-11-04,R20,2,2,2,0,0,22.3,0.0,87.8
2025-11-05,R20,2,1,2,0,1,10.4,0.0,38.2
2025-11-06,R20,2,2,2,0,0,16.9,0.0,62.1
2025-11-07,R20,1,1,1,0,0,5.7,0.0,41.9
2025-11-10,R20,3,1,3,0,2,10.0,0.0,24.5
2025-11-11,R20,1,2,1,0,0,17.3,4.8,100.0
2025-11-12,R20,1,2,1,0,0,8.1,0.4,94.8
2025-11-13,R20,2,2,2,0,0,20.6,0.0,77.1
2025-11-14,R20,1,2,1,0,0,15.7,3.2,100.0
2025-11-17,R20,1,2,1,0,0,10.9,1.6,80.1
2025-11-18,R20,2,2,2,0,0,17.7,0.0,70.9
2025-11-19,R20,2,2,2,0,0,13.3,0.0,48.9
2025-11-20,R20,2,2,2,0,0,22.1,0.0,81.3
2025-11-21,R20,2,1,2,0,1,6.2,0.0,22.8
2025-11-24,R20,3,1,3,0,2,8.3,0.0,20.3
2025-11-25,R20,2,2,2,0,0,16.9,0.0,62.1
2025-11-26,R20,2,1,2,0,1,11.1,0.0,40.8
2025-11-27,R20,2,2,2,0,0,23.5,0.0,86.4
2025-11-28,R20,1,1,1,0,0,8.4,0.0,61.8
2025-12-01,R20,2,1,2,0,1,11.5,0.0,42.3
2025-12-02,R20,2,2,2,0,0,21.2,0.0,77.9
2025-12-03,R20,2,1,2,0,1,7.3,0.0,26.8
2025-12-04,R20,2,1,2,0,1,10.1,0.0,37.1
2025-12-05,R20,2,1,2,0,1,9.9,0.0,36.4
2025-12-08,R20,2,1,2,0,1,11.4,0.0,41.9
2025-12-09,R20,2,2,2,0,0,24.1,0.0,88.6
2025-12-10,R20,2,2,2,0,0,14.1,0.0,51.8
2025-12-11,R20,2,2,2,0,0,21.3,0.0,78.3
2025-12-12,R20,1,1,1,0,0,10.3,0.0,75.7
2025-12-15,R20,2,1,2,0,1,9.5,0.0,34.9
2025-12-16,R20,2,3,2,0,0,29.1,4.1,100.0
2025-12-17,R20,1,1,1,0,0,7.6,0.0,85.9
2025-12-18,R20,1,2,1,0,0,15.9,3.4,100.0
2025-12-19,R20,1,1,1,0,0,8.1,0.0,84.5
2025-12-22,R20,1,1,1,0,0,8.8,0.0,64.7
2025-12-23,R20,2,1,2,0,1,6.0,0.0,22.1
2025-12-24,R20,1,1,1,0,0,7.3,0.0,53.7
2025-12-29,R20,2,1,2,0,1,8.2,0.0,30.1
2025-12-30,R20,2,1,2,0,1,10.1,0.0,37.1
2025-12-31,R20,1,1,1,0,0,5.8,0.0,42.6
2026-01-02,R20,1,1,1,0,0,2.1,0.0,15.4
2026-01-05,R20,1,1,1,0,0,8.8,0.0,64.7
2026-01-07,R20,1,1,1,0,0,6.3,0.0,46.3
2026-01-08,R20,2,2,2,0,0,12.6,0.0,46.3
2026-01-09,R20,1,1,1,0,0,12.5,0.0,91.9
2026-01-12,R20,1,1,1,0,0,7.2,0.0,52.9
2026-01-13,R20,2,1,2,0,1,8.0,0.0,29.4
2026-01-14,R20,1,1,1,0,0,9.6,0.0,70.6
2026-01-15,R20,2,2,2,0,0,21.0,0.0,77.2
2026-01-16,R20,1,1,1,0,0,9.6,0.0,70.6
2026-01-19,R20,1,1,1,0,0,11.6,0.0,85.3
2026-01-20,R20,1,1,1,0,0,8.2,0.0,60.3
2026-01-21,R20,2,1,2,0,1,8.4,0.0,30.9
2026-01-22,R20,2,2,2,0,0,21.1,0.0,77.6
2026-01-23,R20,1,1,1,0,0,4.2,0.0,30.9
2026-01-26,R20,2,2,2,0,0,13.2,0.0,48.5
2026-01-27,R20,1,2,1,1,0,21.3,0.0,78.3
2026-01-28,R20,1,1,1,0,0,9.9,0.0,72.8
2026-01-29,R20,1,1,1,0,0,12.1,0.0,89.0
2026-01-30,R20,1,2,1,0,0,14.4,1.9,100.0
2026-02-02,R20,2,1,2,0,1,10.3,0.0,37.9
2026-02-03,R20,3,1,3,0,2,11.6,0.0,28.4
2026-02-04,R20,1,1,1,0,0,8.2,0.0,60.3
2026-02-05,R20,1,1,1,0,0,10.3,0.0,75.7
2026-02-06,R20,1,1,1,0,0,10.3,0.0,75.7
2026-02-09,R20,3,1,3,0,2,11.9,0.0,29.2
2026-02-10,R20,1,2,1,1,0,20.7,0.0,76.1
2026-02-11,R20,1,1,1,0,0,7.6,0.0,55.9
2026-02-12,R20,1,2,1,0,0,24.3,11.8,100.0
2026-02-13,R20,1,3,1,1,0,14.5,1.3,96.6
2026-02-16,R20,2,2,2,0,0,15.8,0.0,58.1
2026-02-17,R20,3,2,3,0,1,22.7,0.0,55.6
2026-02-18,R20,1,1,1,0,0,9.6,0.0,70.6
2026-02-19,R20,2,3,2,0,0,29.7,4.7,100.0
2026-02-20,R20,2,1,2,0,1,4.9,0.0,35.2
2026-02-23,R20,2,1,2,0,1,7.5,0.0,27.6
2026-02-24,R20,1,2,1,1,0,19.0,0.0,69.9
2026-02-25,R20,1,1,1,0,0,6.7,0.0,49.3
2026-02-26,R20,2,2,2,0,0,17.8,0.0,65.4
2026-02-27,R20,2,2,2,0,0,17.9,0.0,65.8
2026-03-02,R20,2,2,2,0,0,15.6,0.0,57.4
2026-03-03,R20,2,3,2,0,0,27.8,2.8,100.0
2026-03-04,R20,2,1,2,0,1,8.9,0.0,42.9
2026-03-05,R20,2,2,2,0,0,18.9,0.0,69.5
2026-03-06,R20,1,1,1,0,0,12.3,0.0,90.4
2026-03-09,R20,2,2,2,0,0,14.6,0.0,53.7
2026-03-10,R20,2,2,2,0,0,23.7,0.0,87.1
2026-03-11,R20,1,1,1,0,0,12.0,0.0,88.2
2026-03-12,R20,2,3,2,0,0,27.9,2.9,100.0
2026-03-13,R20,1,1,1,0,0,5.6,0.0,62.3
2026-03-16,R20,2,2,2,0,0,14.8,0.0,54.4
2026-03-17,R20,2,2,2,0,0,22.8,0.0,83.8
2026-03-18,R20,1,2,1,0,0,16.2,3.7,100.0
2026-03-19,R20,3,2,3,0,1,17.9,0.0,52.9
2026-03-20,R20,1,1,1,0,0,10.4,0.0,76.5
2026-03-23,R20,2,2,2,0,0,19.6,0.0,72.1
2026-03-24,R20,2,2,2,0,0,16.6,0.0,61.0
2026-03-25,R20,1,1,1,0,0,9.6,0.0,70.6
2026-03-26,R20,3,2,3,0,1,13.3,0.0,32.6
2026-03-27,R20,1,1,1,0,0,10.5,0.0,77.2
2026-03-30,R20,2,1,2,0,1,8.4,0.0,30.9
2026-03-31,R20,3,2,3,0,1,23.8,0.0,58.3
2026-04-01,R20,1,1,1,0,0,9.6,0.0,70.6
2026-04-02,R20,1,2,1,1,0,21.4,0.0,78.7
2026-04-07,R20,2,3,2,0,0,27.8,2.8,100.0
2026-04-08,R20,2,1,2,0,1,9.3,0.0,44.4
2026-04-09,R20,2,2,2,0,0,20.7,0.0,76.1
2026-04-10,R20,2,1,2,0,1,5.4,0.0,19.9
2026-04-13,R20,3,2,3,0,1,15.1,0.0,37.0
2026-04-14,R20,2,2,2,0,0,16.7,0.0,61.4
2026-04-15,R20,1,1,1,0,0,7.5,0.0,55.1
2026-04-16,R20,2,2,2,0,0,15.5,0.0,57.0
2026-04-17,R20,1,2,1,0,0,14.4,1.9,100.0
2026-04-20,R20,2,1,2,0,1,9.0,0.0,33.1
2026-04-21,R20,3,3,3,0,0,26.7,0.0,65.4
2026-04-22,R20,1,2,1,1,0,18.4,0.0,67.6
2026-04-23,R20,2,2,2,0,0,14.1,0.0,51.8
2026-04-24,R20,1,1,1,0,0,10.9,0.0,80.1
2026-04-27,R20,1,2,1,0,0,13.1,0.6,96.3
2026-04-28,R20,3,2,3,0,1,21.6,0.0,54.4
2026-04-29,R20,1,2,1,0,0,19.8,7.3,100.0
2026-04-30,R20,1,3,1,2,0,28.2,0.0,87.0
2026-05-04,R20,2,1,2,0,1,12.4,0.0,45.6
2026-05-05,R20,3,2,3,0,1,22.7,0.0,55.6
2026-05-06,R20,2,1,2,0,1,9.1,0.0,33.5
2026-05-07,R20,2,2,2,0,0,19.1,0.0,70.2
2026-05-08,R20,2,1,2,0,1,9.7,0.0,35.7
2026-05-11,R20,1,1,1,0,0,12.4,0.0,91.2
2026-05-12,R20,2,3,2,0,0,27.5,2.5,100.0
2026-05-13,R20,1,2,1,0,0,13.8,3.8,100.0
2026-05-15,R20,1,1,1,0,0,4.1,0.0,30.1
2026-05-18,R20,2,2,2,0,0,15.7,0.0,57.7
2026-05-19,R20,3,2,3,0,1,23.3,0.0,57.1
2026-05-20,R20,2,1,2,0,1,6.7,0.0,24.6
2026-05-21,R20,1,2,1,0,0,19.1,6.6,100.0
2026-05-22,R20,0,2,0,0,0,9.7,16.3,0.0
2026-05-26,R20,2,4,2,2,0,27.1,0.0,49.8
2026-05-27,R20,2,2,2,0,0,16.6,0.0,61.0
2026-05-28,R20,2,3,2,0,0,28.5,3.5,100.0
2026-05-29,R20,1,2,1,0,0,11.2,2.2,100.0
2026-06-01,R20,2,2,2,0,0,15.7,0.0,57.7
2026-06-02,R20,3,3,3,0,0,30.2,0.0,74.0
2026-06-03,R20,1,1,1,0,0,12.4,0.0,91.2
2026-06-05,R20,2,1,2,0,1,9.2,0.0,33.8
2026-06-08,R20,3,2,3,0,1,14.0,0.0,34.3
2026-06-09,R20,3,2,3,0,1,20.2,0.0,49.5
2026-06-10,R20,2,1,2,0,1,7.1,0.0,26.1
2026-06-11,R20,3,2,3,0,1,16.7,0.0,40.9
2026-06-12,R20,1,1,1,0,0,12.0,0.0,88.2
2026-06-15,R20,2,2,2,0,0,18.0,0.0,66.2
2026-06-16,R20,2,3,2,1,0,35.1,0.0,86.0
2026-06-17,R20,1,2,1,1,0,18.3,0.0,67.3
2026-06-18,R20,2,3,2,0,0,26.0,1.0,95.6
2026-06-19,R20,1,1,1,0,0,7.0,0.0,58.6
2026-06-22,R20,2,1,2,0,1,10.6,0.0,39.0
2026-06-23,R20,2,2,2,0,0,19.0,0.0,69.9
2026-06-24,R20,2,2,2,0,0,14.3,0.0,52.6
2026-06-25,R20,2,2,2,0,0,18.6,0.0,68.4
2026-06-26,R20,1,1,1,0,0,6.5,0.0,47.8
2026-06-29,R20,2,1,2,0,1,11.6,0.0,42.6
2026-06-30,R20,3,2,3,0,1,23.7,0.0,58.1
2026-07-01,R20,2,2,2,0,0,20.0,0.0,73.5
2026-07-02,R20,3,3,3,0,0,27.4,0.0,67.2
2026-07-03,R20,1,1,1,0,0,9.0,0.0,66.2
2026-07-06,R20,2,2,2,0,0,22.7,0.0,83.5
2026-07-07,R20,2,2,2,0,0,18.9,0.0,69.5
2026-07-08,R20,1,2,1,0,0,16.8,4.3,100.0
2026-07-09,R20,2,3,2,1,0,26.8,0.0,76.2
2026-07-10,R20,1,1,1,0,0,7.0,0.0,51.5
2026-07-13,R20,3,2,3,0,1,16.2,0.0,39.7
2026-07-14,R20,2,3,2,0,0,29.9,4.9,100.0
2026-07-15,R20,1,2,1,0,0,9.9,2.3,100.0
2026-07-16,R20,3,3,3,0,0,29.7,0.0,78.3
2026-07-17,R20,0,2,0,1,0,13.3,0.8,97.8
2026-07-20,R20,2,2,2,0,0,15.3,0.0,56.2
2026-07-21,R20,3,3,3,0,0,26.4,0.0,64.7
2026-07-22,R20,2,1,2,0,1,11.5,0.0,42.3
2026-07-23,R20,3,3,3,0,0,26.7,0.0,65.4
2026-07-24,R20,1,1,1,0,0,12.1,0.0,89.0
2026-07-27,R20,2,2,2,0,0,17.9,0.0,65.8
2026-07-28,R20,2,2,2,0,0,24.8,0.0,91.2
2026-07-29,R20,1,2,1,0,0,15.3,2.8,100.0
2026-07-30,R20,3,2,3,0,1,19.1,0.0,53.6
2026-07-31,R20,1,1,1,0,0,11.8,0.0,86.8
2026-08-03,R20,2,1,2,0,1,11.1,0.0,40.8
2026-08-04,R20,2,2,2,0,0,13.6,0.0,50.0
2026-08-05,R20,1,2,1,0,0,16.3,3.8,100.0
2026-08-06,R20,3,2,3,0,1,12.0,0.0,38.7
2026-08-07,R20,1,2,1,0,0,14.9,2.4,100.0
2026-08-10,R20,2,1,2,0,1,7.6,0.0,27.9
2026-08-11,R20,2,1,2,0,1,12.2,0.0,44.9
2026-08-12,R20,2,1,2,0,1,9.4,0.0,34.6
2026-08-13,R20,2,2,2,0,0,18.5,0.0,68.0
2026-08-14,R20,1,1,1,0,0,6.6,0.0,48.5
2026-08-17,R20,1,1,1,0,0,9.8,0.0,72.1
2026-08-18,R20,1,2,1,1,0,18.7,0.0,68.8
2026-08-19,R20,1,1,1,0,0,8.9,0.0,65.4
2026-08-20,R20,2,3,2,0,0,28.3,3.3,100.0
2026-08-21,R20,1,1,1,0,0,6.4,0.0,71.1
2026-08-24,R20,2,2,2,0,0,19.4,0.0,71.3
2026-08-25,R20,2,2,2,0,0,19.3,0.0,71.0
2026-08-26,R20,1,2,1,0,0,15.3,2.8,100.0
2026-08-27,R20,2,3,2,0,0,23.2,1.0,95.5
2026-08-28,R20,1,2,1,0,0,13.0,1.5,100.0
2026-08-31,R20,2,2,2,0,0,14.3,0.0,52.6
2024-01-02,R21,2,2,2,0,0,16.4,0.0,60.3
2024-01-03,R21,1,1,1,0,0,10.4,0.0,76.5
2024-01-04,R21,2,2,2,0,0,19.0,0.0,69.9
2024-01-05,R21,1,1,1,0,0,11.0,0.0,80.9
2024-01-08,R21,2,2,2,0,0,15.0,0.0,55.1
2024-01-09,R21,2,2,2,0,0,13.4,0.0,49.3
2024-01-10,R21,1,1,1,0,0,11.9,0.0,87.5
2024-01-11,R21,2,2,2,0,0,14.6,0.0,53.7
2024-01-12,R21,1,1,1,0,0,3.4,0.0,25.0
2024-01-15,R21,2,2,2,0,0,15.9,0.0,58.5
2024-01-16,R21,2,1,2,0,1,11.3,0.0,41.5
2024-01-17,R21,1,1,1,0,0,6.4,0.0,47.1
2024-01-18,R21,2,1,2,0,1,6.3,0.0,23.2
2024-01-19,R21,0,2,0,1,0,14.1,1.6,100.0
2024-01-22,R21,2,2,2,0,0,17.7,0.0,65.1
2024-01-23,R21,2,2,2,0,0,16.1,0.0,59.2
2024-01-24,R21,1,2,1,0,0,18.1,5.6,100.0
2024-01-25,R21,1,2,1,0,0,17.5,10.6,100.0
2024-01-26,R21,1,2,1,1,0,7.5,0.0,66.5
2024-01-29,R21,2,2,2,0,0,15.1,0.0,55.5
2024-01-30,R21,1,1,1,0,0,12.5,0.0,91.9
2024-01-31,R21,2,1,2,0,1,7.2,0.0,26.5
2024-02-01,R21,2,1,2,0,1,11.0,0.0,40.4
2024-02-02,R21,2,1,2,0,1,11.4,0.0,41.9
2024-02-05,R21,2,2,2,0,0,16.4,0.0,60.3
2024-02-06,R21,1,2,1,1,0,18.8,0.0,69.1
2024-02-07,R21,2,2,2,0,0,13.3,0.0,48.9
2024-02-08,R21,1,2,1,1,0,22.7,0.0,83.5
2024-02-09,R21,1,1,1,0,0,7.9,0.0,58.1
2024-02-12,R21,2,2,2,0,0,16.0,0.0,58.8
2024-02-13,R21,1,2,1,0,0,13.4,0.9,98.5
2024-02-14,R21,2,2,2,0,0,13.1,0.0,51.4
2024-02-15,R21,2,2,2,0,0,20.7,0.0,76.1
2024-02-16,R21,1,1,1,0,0,7.3,0.0,53.7
2024-02-19,R21,3,1,3,0,2,10.7,0.0,26.2
2024-02-20,R21,2,2,2,0,0,24.5,0.0,90.1
2024-02-21,R21,1,2,1,0,0,15.3,2.8,100.0
2024-02-22,R21,2,3,2,0,0,23.2,1.0,95.5
2024-02-23,R21,0,1,0,1,0,7.4,0.0,61.5
2024-02-26,R21,2,1,2,0,1,12.1,0.0,44.5
2024-02-27,R21,1,2,1,0,0,14.0,1.5,100.0
2024-02-28,R21,1,2,1,0,0,11.5,0.5,95.5
2024-02-29,R21,3,2,3,0,1,17.4,0.0,43.8
2024-03-01,R21,1,1,1,0,0,6.1,0.0,44.9
2024-03-04,R21,1,2,1,0,0,14.1,1.6,100.0
2024-03-05,R21,2,2,2,0,0,12.0,0.0,50.0
2024-03-06,R21,3,2,3,0,1,15.0,0.0,36.8
2024-03-07,R21,3,1,3,0,2,11.9,0.0,29.2
2024-03-08,R21,0,1,0,1,0,6.8,0.0,50.0
2024-03-11,R21,2,2,2,0,0,16.7,0.0,61.4
2024-03-12,R21,2,2,2,0,0,23.2,0.0,85.3
2024-03-13,R21,2,2,2,0,0,21.9,0.0,80.5
2024-03-14,R21,1,2,1,0,0,13.1,0.6,96.3
2024-03-15,R21,1,1,1,0,0,10.5,0.0,81.5
2024-03-18,R21,2,1,2,0,1,9.9,0.0,36.4
2024-03-19,R21,2,2,2,0,0,16.2,0.0,59.6
2024-03-20,R21,2,1,2,0,1,9.2,0.0,33.8
2024-03-21,R21,2,2,2,0,0,15.9,0.0,58.5
2024-03-22,R21,1,1,1,0,0,7.3,0.0,53.7
2024-03-25,R21,1,2,1,0,0,15.1,2.6,100.0
2024-03-26,R21,2,2,2,0,0,16.0,0.0,68.3
2024-03-27,R21,2,2,2,0,0,13.4,0.0,49.3
2024-03-28,R21,2,2,2,0,0,17.3,0.0,63.6
2024-04-02,R21,2,2,2,0,0,13.1,0.0,48.2
2024-04-03,R21,2,1,2,0,1,12.2,0.0,44.9
2024-04-04,R21,3,2,3,0,1,19.8,0.0,48.5
2024-04-05,R21,1,1,1,0,0,10.6,0.0,77.9
2024-04-08,R21,3,2,3,0,1,17.4,0.0,42.6
2024-04-09,R21,2,2,2,0,0,18.4,0.0,67.6
2024-04-10,R21,1,2,1,0,0,15.1,2.6,100.0
2024-04-11,R21,2,2,2,0,0,14.1,0.0,61.4
2024-04-12,R21,1,1,1,0,0,6.8,0.0,50.0
2024-04-15,R21,2,2,2,0,0,13.7,0.0,50.4
2024-04-16,R21,2,2,2,0,0,22.4,0.0,82.4
2024-04-17,R21,2,2,2,0,0,14.5,0.0,53.3
2024-04-18,R21,2,2,2,0,0,23.6,0.0,86.8
2024-04-19,R21,1,1,1,0,0,10.0,0.0,73.5
2024-04-22,R21,3,2,3,0,1,18.1,0.0,44.4
2024-04-23,R21,2,2,2,0,0,17.7,0.0,65.1
2024-04-24,R21,3,2,3,0,1,14.6,0.0,35.8
2024-04-25,R21,1,2,1,0,0,15.0,2.5,100.0
2024-04-26,R21,0,2,0,0,0,13.5,16.0,0.0
2024-04-29,R21,2,3,2,1,0,14.8,0.0,36.3
2024-04-30,R21,2,2,2,0,0,17.5,0.0,64.3
2024-05-02,R21,2,2,2,0,0,22.3,0.0,82.0
2024-05-03,R21,1,1,1,0,0,9.8,0.0,72.1
2024-05-06,R21,2,2,2,0,0,16.8,0.0,61.8
2024-05-07,R21,2,2,2,0,0,19.6,0.0,72.1
2024-05-08,R21,1,2,1,0,0,15.5,3.0,100.0
2024-05-10,R21,1,1,1,0,0,6.7,0.0,49.3
2024-05-13,R21,3,2,3,0,1,20.1,0.0,49.3
2024-05-14,R21,3,2,3,0,1,16.4,0.0,40.2
2024-05-15,R21,2,1,2,0,1,11.6,0.0,42.6
2024-05-16,R21,2,2,2,0,0,20.9,0.0,76.8
2024-05-17,R21,1,2,1,0,0,14.5,2.0,100.0
2024-05-21,R21,2,2,2,0,0,19.7,0.0,72.4
2024-05-22,R21,1,2,1,0,0,13.2,0.7,97.1
2024-05-23,R21,2,2,2,0,0,16.7,0.0,63.9
2024-05-24,R21,2,2,2,0,0,13.7,0.0,50.4
2024-05-27,R21,2,2,2,0,0,14.3,0.0,52.6
2024-05-28,R21,2,2,2,0,0,12.8,0.0,47.1
2024-05-29,R21,2,2,2,0,0,15.7,0.0,57.7
2024-05-31,R21,2,1,2,0,1,7.1,0.0,26.1
2024-06-03,R21,2,2,2,0,0,17.6,0.0,64.7
2024-06-04,R21,1,1,1,0,0,11.5,0.0,84.6
2024-06-05,R21,2,1,2,0,1,10.3,0.0,37.9
2024-06-06,R21,3,2,3,0,1,13.3,0.0,32.6
2024-06-07,R21,1,1,1,0,0,8.4,0.0,61.8
2024-06-10,R21,3,1,3,0,2,12.5,0.0,30.6
2024-06-11,R21,2,2,2,0,0,21.7,0.0,79.8
2024-06-12,R21,1,1,1,0,0,8.9,0.0,65.4
2024-06-13,R21,3,2,3,0,1,20.4,0.0,50.0
2024-06-14,R21,1,2,1,0,0,13.8,1.3,100.0
2024-06-17,R21,1,2,1,1,0,19.9,0.0,73.2
2024-06-18,R21,2,2,2,0,0,17.8,0.0,65.4
2024-06-19,R21,1,1,1,0,0,6.1,0.0,44.9
2024-06-20,R21,2,2,2,0,0,18.7,0.0,68.7
2024-06-21,R21,1,1,1,0,0,6.3,0.0,46.3
2024-06-24,R21,2,2,2,0,0,20.2,0.0,74.3
2024-06-25,R21,1,2,1,0,0,16.7,4.2,100.0
2024-06-26,R21,1,1,1,0,0,7.7,0.0,87.4
2024-06-27,R21,2,2,2,0,0,22.5,0.0,82.7
2024-06-28,R21,1,2,1,0,0,14.4,1.9,100.0
2024-07-01,R21,2,2,2,0,0,18.9,0.0,69.5
2024-07-02,R21,2,2,2,0,0,21.9,0.0,80.5
2024-07-03,R21,1,2,1,0,0,13.2,0.7,97.1
2024-07-04,R21,2,2,2,0,0,15.0,0.0,57.7
2024-07-05,R21,2,1,2,0,1,12.0,0.0,44.1
2024-07-08,R21,3,2,3,0,1,21.3,0.0,52.2
2024-07-09,R21,2,2,2,0,0,18.3,0.0,67.3
2024-07-10,R21,2,1,2,0,1,8.0,0.0,29.4
2024-07-11,R21,2,2,2,0,0,17.1,0.0,62.9
2024-07-12,R21,2,1,2,0,1,10.2,0.0,37.5
2024-07-15,R21,2,2,2,0,0,16.7,0.0,61.4
2024-07-16,R21,2,2,2,0,0,19.7,0.0,72.4
2024-07-17,R21,2,1,2,0,1,10.3,0.0,37.9
2024-07-18,R21,2,2,2,0,0,19.2,0.0,70.6
2024-07-19,R21,1,1,1,0,0,4.1,0.0,30.1
2024-07-22,R21,2,2,2,0,0,13.9,0.0,51.1
2024-07-23,R21,2,2,2,0,0,14.3,0.0,52.6
2024-07-24,R21,2,2,2,0,0,15.4,0.0,56.6
2024-07-25,R21,2,2,2,0,0,20.6,0.0,75.7
2024-07-26,R21,1,2,1,0,0,15.3,2.8,100.0
2024-07-29,R21,2,2,2,0,0,13.4,0.0,49.3
2024-07-30,R21,2,2,2,0,0,13.2,0.0,48.5
2024-07-31,R21,1,1,1,0,0,10.6,0.0,77.9
2024-08-01,R21,2,2,2,0,0,13.7,0.0,50.4
2024-08-02,R21,2,2,2,0,0,13.0,0.0,47.8
2024-08-05,R21,3,2,3,0,1,12.8,0.0,31.4
2024-08-06,R21,2,2,2,0,0,14.6,0.0,53.7
2024-08-07,R21,1,1,1,0,0,9.6,0.0,70.6
2024-08-08,R21,2,2,2,0,0,15.3,0.0,56.2
2024-08-09,R21,2,1,2,0,1,5.6,0.0,20.6
2024-08-12,R21,2,2,2,0,0,13.7,0.0,50.4
2024-08-13,R21,2,2,2,0,0,20.0,0.0,73.5
2024-08-14,R21,1,1,1,0,0,12.5,0.0,91.9
2024-08-15,R21,1,1,1,0,0,12.5,0.0,91.9
2024-08-16,R21,1,2,1,0,0,13.4,0.9,98.5
2024-08-19,R21,3,2,3,0,1,11.7,0.0,28.7
2024-08-20,R21,1,2,1,1,0,21.4,0.0,78.7
2024-08-21,R21,1,2,1,0,0,13.3,0.8,97.8
2024-08-22,R21,2,2,2,0,0,19.5,0.0,74.6
2024-08-23,R21,2,1,2,0,1,8.8,0.0,32.4
2024-08-26,R21,2,2,2,0,0,14.3,0.0,52.6
2024-08-27,R21,2,2,2,0,0,14.8,0.0,54.4
2024-08-28,R21,2,1,2,0,1,11.4,0.0,41.9
2024-08-29,R21,1,2,1,1,0,24.7,0.0,90.8
2024-08-30,R21,1,1,1,0,0,10.3,0.0,75.7
2024-09-02,R21,2,1,2,0,1,12.1,0.0,44.5
2024-09-03,R21,2,2,2,0,0,21.7,0.0,79.8
2024-09-04,R21,2,2,2,0,0,16.0,0.0,58.8
2024-09-05,R21,2,2,2,0,0,19.7,0.0,72.4
2024-09-06,R21,1,2,1,0,0,13.7,1.2,100.0
2024-09-09,R21,2,2,2,0,0,13.6,0.0,50.0
2024-09-10,R21,1,1,1,0,0,12.4,0.0,91.2
2024-09-11,R21,1,2,1,0,0,14.8,2.3,100.0
2024-09-12,R21,2,2,2,0,0,20.6,0.0,84.1
2024-09-13,R21,1,1,1,0,0,9.4,0.0,69.1
2024-09-16,R21,2,1,2,0,1,8.3,0.0,30.5
2024-09-17,R21,2,1,2,0,1,11.0,0.0,40.4
2024-09-18,R21,2,1,2,0,1,10.8,0.0,39.7
2024-09-19,R21,2,3,2,0,0,27.5,2.5,100.0
2024-09-20,R21,1,1,1,0,0,6.7,0.0,67.5
2024-09-23,R21,2,2,2,0,0,13.3,0.0,48.9
2024-09-24,R21,1,1,1,0,0,12.4,0.0,91.2
2024-09-25,R21,1,1,1,0,0,11.3,0.0,83.1
2024-09-26,R21,2,2,2,0,0,17.0,0.0,62.5
2024-09-27,R21,1,1,1,0,0,10.7,0.0,78.7
2024-09-30,R21,2,1,2,0,1,8.9,0.0,32.7
2024-10-01,R21,1,2,1,1,0,21.8,0.0,80.1
2024-10-02,R21,1,2,1,1,0,18.9,0.0,69.5
2024-10-04,R21,1,1,1,0,0,7.0,0.0,51.5
2024-10-07,R21,2,2,2,0,0,15.5,0.0,57.0
2024-10-08,R21,2,2,2,0,0,23.1,0.0,84.9
2024-10-09,R21,2,2,2,0,0,14.4,0.0,52.9
2024-10-10,R21,2,2,2,0,0,14.4,0.0,52.9
2024-10-11,R21,1,2,1,0,0,16.1,3.6,100.0
2024-10-14,R21,2,2,2,0,0,12.0,0.0,44.1
2024-10-15,R21,2,2,2,0,0,21.7,0.0,79.8
2024-10-16,R21,2,2,2,0,0,18.9,0.0,69.5
2024-10-17,R21,2,2,2,0,0,17.4,0.0,64.0
2024-10-18,R21,1,2,1,0,0,16.3,3.8,100.0
2024-10-21,R21,3,2,3,0,1,15.2,0.0,37.3
2024-10-22,R21,2,1,2,0,1,10.6,0.0,39.0
2024-10-23,R21,2,2,2,0,0,20.0,0.0,73.5
2024-10-24,R21,2,2,2,0,0,19.7,0.0,72.4
2024-10-25,R21,2,1,2,0,1,11.0,0.0,40.4
2024-10-28,R21,2,2,2,0,0,16.9,0.0,62.1
2024-10-29,R21,2,2,2,0,0,17.3,0.0,63.6
2024-10-30,R21,2,2,2,0,0,16.8,0.0,61.8
2024-10-31,R21,1,2,1,1,0,21.5,0.0,79.0
2024-11-04,R21,2,3,2,0,0,26.4,1.4,97.1
2024-11-05,R21,2,2,2,0,0,14.3,0.0,57.6
2024-11-06,R21,2,1,2,0,1,12.2,0.0,44.9
2024-11-07,R21,2,1,2,0,1,12.2,0.0,44.9
2024-11-08,R21,1,2,1,0,0,15.6,3.1,100.0
2024-11-11,R21,3,2,3,0,1,19.7,0.0,48.3
2024-11-12,R21,2,2,2,0,0,17.9,0.0,65.8
2024-11-13,R21,1,2,1,0,0,14.1,1.6,100.0
2024-11-14,R21,1,1,1,0,0,5.7,0.0,53.6
2024-11-15,R21,2,2,2,0,0,15.6,0.0,57.4
2024-11-18,R21,3,2,3,0,1,13.9,0.0,34.1
2024-11-19,R21,2,1,2,0,1,11.8,0.0,43.4
2024-11-20,R21,2,2,2,0,0,14.8,0.0,54.4
2024-11-21,R21,1,2,1,0,0,15.7,3.2,100.0
2024-11-22,R21,2,1,2,0,1,8.6,0.0,43.3
2024-11-25,R21,2,2,2,0,0,22.6,0.0,83.1
2024-11-26,R21,1,1,1,0,0,12.4,0.0,91.2
2024-11-27,R21,2,2,2,0,0,13.4,0.0,49.3
2024-11-28,R21,2,2,2,0,0,22.2,0.0,81.6
2024-11-29,R21,1,1,1,0,0,10.3,0.0,75.7
2024-12-02,R21,2,1,2,0,1,10.8,0.0,39.7
2024-12-03,R21,1,2,1,0,0,14.0,1.5,100.0
2024-12-04,R21,2,2,2,0,0,13.8,0.0,56.2
2024-12-05,R21,2,2,2,0,0,18.2,0.0,66.9
2024-12-06,R21,1,1,1,0,0,10.6,0.0,77.9
2024-12-09,R21,2,2,2,0,0,17.9,0.0,65.8
2024-12-10,R21,2,3,2,0,0,25.3,0.3,93.0
2024-12-11,R21,2,1,2,0,1,11.9,0.0,44.8
2024-12-12,R21,2,2,2,0,0,14.0,0.0,51.5
2024-12-13,R21,1,1,1,0,0,10.7,0.0,78.7
2024-12-16,R21,2,2,2,0,0,20.8,0.0,76.5
2024-12-17,R21,3,2,3,0,1,15.2,0.0,37.3
2024-12-18,R21,1,2,1,0,0,15.8,3.3,100.0
2024-12-19,R21,2,2,2,0,0,15.7,0.0,69.8
2024-12-20,R21,1,1,1,0,0,10.4,0.0,76.5
2024-12-23,R21,2,1,2,0,1,7.3,0.0,26.8
2024-12-24,R21,2,2,2,0,0,17.3,0.0,63.6
2024-12-27,R21,1,1,1,0,0,4.6,0.0,33.8
2024-12-30,R21,2,1,2,0,1,10.9,0.0,40.1
2024-12-31,R21,1,1,1,0,0,11.2,0.0,82.4
2025-01-02,R21,1,1,1,0,0,10.5,0.0,77.2
2025-01-03,R21,1,2,1,0,0,12.7,0.2,93.4
2025-01-07,R21,2,2,2,0,0,16.7,0.0,61.4
2025-01-08,R21,1,1,1,0,0,10.8,0.0,79.4
2025-01-09,R21,1,2,1,0,0,16.7,4.2,100.0
2025-01-10,R21,1,2,1,1,0,18.3,0.0,82.7
2025-01-13,R21,1,2,1,1,0,19.8,0.0,72.8
2025-01-14,R21,1,2,1,0,0,16.0,3.5,100.0
2025-01-15,R21,1,2,1,1,0,14.3,0.0,65.4
2025-01-16,R21,1,2,1,0,0,15.8,3.3,100.0
2025-01-17,R21,1,1,1,0,0,5.4,0.0,63.9
2025-01-20,R21,3,2,3,0,1,16.6,0.0,40.7
2025-01-21,R21,2,2,2,0,0,14.9,0.0,54.8
2025-01-22,R21,1,1,1,0,0,8.5,0.0,62.5
2025-01-23,R21,2,2,2,0,0,23.0,0.0,84.6
2025-01-24,R21,1,1,1,0,0,11.3,0.0,83.1
2025-01-27,R21,2,2,2,0,0,16.6,0.0,61.0
2025-01-28,R21,2,1,2,0,1,12.2,0.0,44.9
2025-01-29,R21,1,2,1,0,0,12.9,0.4,94.9
2025-01-30,R21,1,2,1,0,0,19.0,6.9,100.0
2025-01-31,R21,1,2,1,0,0,9.2,3.6,100.0
2025-02-03,R21,2,2,2,0,0,17.8,0.0,65.4
2025-02-04,R21,1,2,1,1,0,17.6,0.0,64.7
2025-02-05,R21,2,1,2,0,1,11.6,0.0,42.6
2025-02-06,R21,2,2,2,0,0,20.6,0.0,75.7
2025-02-07,R21,1,1,1,0,0,10.6,0.0,77.9
2025-02-10,R21,2,2,2,0,0,12.6,0.0,46.3
2025-02-11,R21,2,2,2,0,0,24.6,0.0,90.4
2025-02-12,R21,2,2,2,0,0,15.3,0.0,56.2
2025-02-13,R21,2,1,2,0,1,11.8,0.0,43.4
2025-02-14,R21,1,1,1,0,0,9.9,0.0,72.8
2025-02-17,R21,2,1,2,0,1,11.1,0.0,40.8
2025-02-18,R21,2,2,2,0,0,22.1,0.0,81.2
2025-02-19,R21,2,2,2,0,0,15.2,0.0,55.9
2025-02-20,R21,2,1,2,0,1,12.2,0.0,44.9
2025-02-21,R21,1,1,1,0,0,7.6,0.0,55.9
2025-02-24,R21,1,2,1,0,0,17.5,5.0,100.0
2025-02-25,R21,2,2,2,0,0,12.8,0.0,65.4
2025-02-26,R21,2,1,2,0,1,11.9,0.0,43.7
2025-02-27,R21,1,1,1,0,0,8.9,0.0,65.4
2025-02-28,R21,1,2,1,1,0,19.3,0.0,71.0
2025-03-03,R21,2,1,2,0,1,10.3,0.0,37.9
2025-03-04,R21,2,2,2,0,0,12.9,0.0,47.4
2025-03-05,R21,2,2,2,0,0,20.5,0.0,75.4
2025-03-06,R21,1,2,1,0,0,13.4,0.9,98.5
2025-03-07,R21,1,1,1,0,0,9.4,0.0,75.6
2025-03-10,R21,2,2,2,0,0,15.3,0.0,56.2
2025-03-11,R21,2,2,2,0,0,18.4,0.0,67.6
2025-03-12,R21,2,1,2,0,1,10.1,0.0,37.1
2025-03-13,R21,1,2,1,1,0,18.6,0.0,68.4
2025-03-14,R21,1,1,1,0,0,8.3,0.0,61.0
2025-03-17,R21,2,2,2,0,0,15.0,0.0,55.1
2025-03-18,R21,2,2,2,0,0,21.1,0.0,77.6
2025-03-19,R21,2,1,2,0,1,12.5,0.0,46.0
2025-03-20,R21,2,1,2,0,1,12.5,0.0,46.0
2025-03-21,R21,1,2,1,0,0,15.9,3.4,100.0
2025-03-24,R21,3,2,3,0,1,15.9,0.0,39.0
2025-03-25,R21,2,2,2,0,0,16.1,0.0,59.2
2025-03-26,R21,1,2,1,0,0,16.6,4.1,100.0
2025-03-27,R21,1,2,1,1,0,17.9,0.0,80.8
2025-03-28,R21,1,2,1,1,0,21.6,0.0,79.4
2025-03-31,R21,2,2,2,0,0,20.4,0.0,75.0
2025-04-01,R21,2,2,2,0,0,24.8,0.0,91.2
2025-04-02,R21,1,2,1,0,0,13.0,0.5,95.6
2025-04-03,R21,2,2,2,0,0,13.5,0.0,51.4
2025-04-04,R21,2,1,2,0,1,11.3,0.0,41.5
2025-04-07,R21,2,2,2,0,0,20.6,0.0,75.7
2025-04-08,R21,2,2,2,0,0,15.4,0.0,56.6
2025-04-09,R21,2,2,2,0,0,23.4,0.0,86.0
2025-04-10,R21,2,2,2,0,0,18.8,0.0,69.1
2025-04-11,R21,1,1,1,0,0,10.3,0.0,75.7
2025-04-14,R21,3,2,3,0,1,12.8,0.0,31.4
2025-04-15,R21,2,2,2,0,0,23.6,0.0,86.8
2025-04-16,R21,3,2,3,0,1,13.5,0.0,33.1
2025-04-17,R21,2,3,2,0,0,25.9,0.9,95.2
2025-04-22,R21,2,2,2,0,0,16.1,0.0,59.2
2025-04-23,R21,3,2,3,0,1,16.6,0.0,40.7
2025-04-24,R21,2,2,2,0,0,19.1,0.0,70.2
2025-04-25,R21,1,2,1,0,0,15.7,3.2,100.0
2025-04-28,R21,3,2,3,0,1,12.1,0.0,29.7
2025-04-29,R21,2,2,2,0,0,19.9,0.0,73.2
2025-04-30,R21,2,2,2,0,0,14.9,0.0,54.8
2025-05-02,R21,1,1,1,0,0,9.2,0.0,67.6
2025-05-05,R21,3,2,3,0,1,13.3,0.0,32.6
2025-05-06,R21,3,2,3,0,1,24.9,0.0,61.0
2025-05-07,R21,2,1,2,0,1,9.7,0.0,35.7
2025-05-08,R21,2,2,2,0,0,12.9,0.0,47.4
2025-05-09,R21,1,1,1,0,0,5.1,0.0,37.5
2025-05-12,R21,3,2,3,0,1,13.9,0.0,34.1
2025-05-13,R21,1,2,1,1,0,17.9,0.0,65.8
2025-05-14,R21,1,2,1,0,0,15.2,2.7,100.0
2025-05-15,R21,2,2,2,0,0,20.6,0.0,85.6
2025-05-16,R21,1,2,1,0,0,13.6,1.1,100.0
2025-05-19,R21,3,2,3,0,1,21.3,0.0,52.2
2025-05-20,R21,2,2,2,0,0,24.5,0.0,90.1
2025-05-21,R21,1,2,1,0,0,12.7,0.2,93.4
2025-05-22,R21,2,1,2,0,1,11.9,0.0,44.4
2025-05-23,R21,1,2,1,0,0,17.0,4.5,100.0
2025-05-26,R21,2,2,2,0,0,19.7,0.0,72.4
2025-05-27,R21,2,2,2,0,0,22.8,0.0,83.8
2025-05-28,R21,2,2,2,0,0,16.4,0.0,60.3
2025-05-30,R21,1,1,1,0,0,5.0,0.0,36.8
2025-06-02,R21,2,2,2,0,0,23.9,0.0,87.9
2025-06-03,R21,2,2,2,0,0,21.4,0.0,78.7
2025-06-04,R21,2,1,2,0,1,9.3,0.0,34.2
2025-06-05,R21,2,2,2,0,0,21.1,0.0,77.6
2025-06-06,R21,1,2,1,0,0,13.4,0.9,98.5
2025-06-10,R21,2,2,2,0,0,20.8,0.0,76.5
2025-06-11,R21,1,2,1,0,0,15.6,3.1,100.0
2025-06-12,R21,2,2,2,0,0,17.3,0.0,75.0
2025-06-13,R21,1,2,1,0,0,13.6,1.1,100.0
2025-06-16,R21,2,2,2,0,0,21.0,0.0,77.2
2025-06-17,R21,3,2,3,0,1,24.1,0.0,59.1
2025-06-18,R21,1,2,1,0,0,15.6,3.1,100.0
2025-06-20,R21,2,2,2,0,0,10.3,0.0,37.9
2025-06-23,R21,2,2,2,0,0,16.9,0.0,62.1
2025-06-24,R21,2,3,2,0,0,26.0,1.0,95.6
2025-06-25,R21,2,2,2,0,0,17.0,0.0,66.1
2025-06-26,R21,2,3,2,0,0,27.1,2.1,99.6
2025-06-27,R21,2,2,2,0,0,13.3,0.0,56.5
2025-06-30,R21,3,2,3,0,1,19.0,0.0,46.6
2025-07-01,R21,3,2,3,0,1,16.6,0.0,40.7
2025-07-02,R21,2,1,2,0,1,9.1,0.0,33.5
2025-07-03,R21,2,2,2,0,0,12.8,0.0,47.1
2025-07-04,R21,2,1,2,0,1,10.6,0.0,39.0
2025-07-07,R21,3,2,3,0,1,14.2,0.0,34.8
2025-07-08,R21,2,2,2,0,0,22.5,0.0,82.7
2025-07-09,R21,2,1,2,0,1,11.3,0.0,41.5
2025-07-10,R21,2,2,2,0,0,13.9,0.0,51.1
2025-07-11,R21,1,1,1,0,0,8.0,0.0,58.8
2025-07-14,R21,2,1,2,0,1,8.7,0.0,32.0
2025-07-15,R21,2,2,2,0,0,18.6,0.0,68.4
2025-07-16,R21,1,2,1,0,0,17.4,4.9,100.0
2025-07-17,R21,2,3,2,0,0,24.8,4.7,100.0
2025-07-18,R21,1,2,1,1,0,16.1,0.0,76.3
2025-07-21,R21,2,2,2,0,0,18.7,0.0,68.8
2025-07-22,R21,2,2,2,0,0,14.5,0.0,53.3
2025-07-23,R21,2,1,2,0,1,9.3,0.0,34.2
2025-07-24,R21,2,3,2,0,0,25.9,0.9,95.2
2025-07-25,R21,1,1,1,0,0,4.3,0.0,38.1
2025-07-28,R21,2,2,2,0,0,17.8,0.0,65.4
2025-07-29,R21,3,2,3,0,1,17.8,0.0,43.6
2025-07-30,R21,1,2,1,0,0,17.3,4.8,100.0
2025-07-31,R21,3,2,3,0,1,14.0,0.0,46.0
2025-08-01,R21,1,2,1,0,0,15.6,3.1,100.0
2025-08-04,R21,2,1,2,0,1,8.8,0.0,32.4
2025-08-05,R21,2,1,2,0,1,12.4,0.0,45.6
2025-08-06,R21,1,1,1,0,0,10.7,0.0,78.7
2025-08-07,R21,2,2,2,0,0,13.2,0.0,48.5
2025-08-08,R21,1,1,1,0,0,11.7,0.0,86.0
2025-08-11,R21,2,2,2,0,0,12.6,0.0,46.3
2025-08-12,R21,1,1,1,0,0,12.5,0.0,91.9
2025-08-13,R21,1,1,1,0,0,11.7,0.0,86.0
2025-08-14,R21,2,2,2,0,0,14.2,0.0,52.2
2025-08-15,R21,2,1,2,0,1,3.5,0.0,12.9
2025-08-18,R21,2,1,2,0,1,10.2,0.0,37.5
2025-08-19,R21,1,2,1,1,0,19.7,0.0,72.4
2025-08-20,R21,2,1,2,0,1,10.0,0.0,36.8
2025-08-21,R21,2,2,2,0,0,14.1,0.0,51.8
2025-08-22,R21,1,1,1,0,0,9.1,0.0,66.9
2025-08-25,R21,2,1,2,0,1,11.8,0.0,43.4
2025-08-26,R21,2,1,2,0,1,12.4,0.0,45.6
2025-08-27,R21,1,1,1,0,0,10.8,0.0,79.4
2025-08-28,R21,2,2,2,0,0,12.9,0.0,47.4
2025-08-29,R21,1,1,1,0,0,11.5,0.0,84.6
2025-09-01,R21,1,1,1,0,0,9.5,0.0,69.9
2025-09-02,R21,2,1,2,0,1,11.8,0.0,43.4
2025-09-03,R21,1,1,1,0,0,8.0,0.0,58.8
2025-09-04,R21,2,2,2,0,0,15.6,0.0,57.4
2025-09-05,R21,1,1,1,0,0,5.3,0.0,39.0
2025-09-08,R21,1,1,1,0,0,12.4,0.0,91.2
2025-09-09,R21,1,2,1,1,0,19.5,0.0,71.7
2025-09-10,R21,1,1,1,0,0,10.9,0.0,80.1
2025-09-11,R21,2,2,2,0,0,18.9,0.0,69.5
2025-09-12,R21,1,1,1,0,0,9.2,0.0,67.6
2025-09-15,R21,1,1,1,0,0,10.8,0.0,79.4
2025-09-16,R21,2,2,2,0,0,14.2,0.0,52.2
2025-09-17,R21,1,1,1,0,0,12.2,0.0,89.7
2025-09-18,R21,2,2,2,0,0,13.3,0.0,48.9
2025-09-19,R21,1,1,1,0,0,8.5,0.0,62.5
2025-09-22,R21,2,2,2,0,0,18.2,0.0,66.9
2025-09-23,R21,2,2,2,0,0,24.5,0.0,90.1
2025-09-24,R21,2,1,2,0,1,12.2,0.0,44.9
2025-09-25,R21,2,2,2,0,0,23.6,0.0,86.8
2025-09-26,R21,1,1,1,0,0,9.6,0.0,70.6
2025-09-29,R21,2,2,2,0,0,20.7,0.0,76.1
2025-09-30,R21,2,2,2,0,0,16.3,0.0,59.9
2025-10-01,R21,1,2,1,0,0,16.4,3.9,100.0
2025-10-02,R21,2,2,2,0,0,19.1,0.0,84.5
2025-10-06,R21,2,1,2,0,1,12.5,0.0,46.0
2025-10-07,R21,1,3,1,1,0,26.2,1.2,96.3
2025-10-08,R21,2,2,2,0,0,20.2,0.0,78.6
2025-10-09,R21,2,2,2,0,0,18.2,0.0,66.9
2025-10-10,R21,2,2,2,0,0,17.4,0.0,64.0
2025-10-13,R21,2,2,2,0,0,15.1,0.0,55.5
2025-10-14,R21,2,2,2,0,0,20.6,0.0,75.7
2025-10-15,R21,2,1,2,0,1,12.2,0.0,44.9
2025-10-16,R21,1,2,1,0,0,17.4,4.9,100.0
2025-10-17,R21,1,2,1,1,0,12.7,0.0,64.7
2025-10-20,R21,2,1,2,0,1,11.8,0.0,43.4
2025-10-21,R21,2,1,2,0,1,12.1,0.0,44.5
2025-10-22,R21,2,1,2,0,1,11.4,0.0,41.9
2025-10-23,R21,2,2,2,0,0,18.5,0.0,68.0
2025-10-24,R21,2,1,2,0,1,11.8,0.0,43.4
2025-10-27,R21,2,2,2,0,0,15.7,0.0,57.7
2025-10-28,R21,1,2,1,0,0,15.9,3.4,100.0
2025-10-29,R21,1,1,1,0,0,6.3,0.0,71.2
2025-10-30,R21,2,2,2,0,0,21.3,0.0,78.3
2025-10-31,R21,1,1,1,0,0,12.5,0.0,91.9
2025-11-03,R21,3,1,3,0,2,11.4,0.0,27.9
2025-11-04,R21,1,2,1,1,0,21.7,0.0,79.8
2025-11-05,R21,1,2,1,0,0,15.8,3.3,100.0
2025-11-06,R21,1,2,1,0,0,20.4,11.2,100.0
2025-11-07,R21,1,2,1,0,0,4.6,3.3,100.0
2025-11-10,R21,2,2,2,0,0,19.4,0.0,71.3
2025-11-11,R21,2,2,2,0,0,17.4,0.0,64.0
2025-11-12,R21,2,2,2,0,0,13.7,0.0,50.4
2025-11-13,R21,1,2,1,0,0,16.7,4.2,100.0
2025-11-14,R21,1,1,1,0,0,6.7,0.0,80.1
2025-11-17,R21,3,1,3,0,2,10.9,0.0,26.7
2025-11-18,R21,2,2,2,0,0,21.4,0.0,78.7
2025-11-19,R21,2,1,2,0,1,11.4,0.0,41.9
2025-11-20,R21,2,2,2,0,0,18.6,0.0,68.4
2025-11-21,R21,1,1,1,0,0,12.4,0.0,91.2
2025-11-24,R21,2,2,2,0,0,19.5,0.0,71.7
2025-11-25,R21,2,2,2,0,0,15.9,0.0,58.5
2025-11-26,R21,1,1,1,0,0,10.1,0.0,74.3
2025-11-27,R21,2,2,2,0,0,18.3,0.0,67.3
2025-11-28,R21,1,1,1,0,0,10.1,0.0,74.3
2025-12-01,R21,2,2,2,0,0,18.8,0.0,69.1
2025-12-02,R21,2,1,2,0,1,11.9,0.0,43.7
2025-12-03,R21,2,1,2,0,1,9.0,0.0,33.1
2025-12-04,R21,2,1,2,0,1,9.1,0.0,33.5
2025-12-05,R21,1,1,1,0,0,8.0,0.0,58.8
2025-12-08,R21,3,2,3,0,1,15.4,0.0,37.7
2025-12-09,R21,2,2,2,0,0,15.1,0.0,55.5
2025-12-10,R21,1,1,1,0,0,9.0,0.0,66.2
2025-12-11,R21,2,2,2,0,0,18.9,0.0,69.5
2025-12-12,R21,0,2,0,1,0,14.2,1.7,100.0
2025-12-15,R21,2,2,2,0,0,14.8,0.0,54.4
2025-12-16,R21,1,2,1,1,0,18.2,0.0,66.9
2025-12-17,R21,1,1,1,0,0,8.4,0.0,61.8
2025-12-18,R21,2,3,2,0,0,26.4,1.4,97.1
2025-12-19,R21,1,1,1,0,0,7.4,0.0,64.5
2025-12-22,R21,2,1,2,0,1,4.4,0.0,16.2
2025-12-23,R21,2,1,2,0,1,10.8,0.0,39.7
2025-12-24,R21,1,1,1,0,0,6.8,0.0,50.0
2025-12-29,R21,1,1,1,0,0,8.0,0.0,58.8
2025-12-30,R21,2,1,2,0,1,10.9,0.0,40.1
2025-12-31,R21,1,1,1,0,0,6.0,0.0,44.1
2026-01-02,R21,1,1,1,0,0,4.4,0.0,32.4
2026-01-05,R21,1,2,1,0,0,13.2,0.7,97.1
2026-01-07,R21,1,2,1,0,0,12.4,0.6,91.2
2026-01-08,R21,2,2,2,0,0,15.2,0.0,58.0
2026-01-09,R21,1,1,1,0,0,10.8,0.0,79.4
2026-01-12,R21,2,1,2,0,1,8.0,0.0,29.4
2026-01-13,R21,2,1,2,0,1,8.7,0.0,32.0
2026-01-14,R21,2,1,2,0,1,11.0,0.0,40.4
2026-01-15,R21,2,2,2,0,0,13.7,0.0,50.4
2026-01-16,R21,1,2,1,0,0,15.1,2.6,100.0
2026-01-19,R21,2,2,2,0,0,12.6,0.0,46.3
2026-01-20,R21,2,2,2,0,0,19.1,0.0,70.2
2026-01-21,R21,2,1,2,0,1,8.2,0.0,30.1
2026-01-22,R21,2,1,2,0,1,11.0,0.0,40.4
2026-01-23,R21,1,1,1,0,0,5.8,0.0,42.6
2026-01-26,R21,2,2,2,0,0,16.0,0.0,58.8
2026-01-27,R21,2,2,2,0,0,14.8,0.0,54.4
2026-01-28,R21,1,1,1,0,0,7.3,0.0,53.7
2026-01-29,R21,2,2,2,0,0,21.2,0.0,77.9
2026-01-30,R21,1,1,1,0,0,7.6,0.0,55.9
2026-02-02,R21,2,1,2,0,1,12.3,0.0,45.2
2026-02-03,R21,2,2,2,0,0,24.7,0.0,90.8
2026-02-04,R21,1,1,1,0,0,5.9,0.0,43.4
2026-02-05,R21,2,2,2,0,0,14.9,0.0,54.8
2026-02-06,R21,1,1,1,0,0,9.6,0.0,70.6
2026-02-09,R21,2,2,2,0,0,21.1,0.0,77.6
2026-02-10,R21,2,2,2,0,0,14.2,0.0,52.2
2026-02-11,R21,1,1,1,0,0,7.6,0.0,55.9
2026-02-12,R21,1,2,1,0,0,13.9,1.4,100.0
2026-02-13,R21,1,2,1,1,0,16.9,0.0,67.2
2026-02-16,R21,1,2,1,0,0,16.7,4.2,100.0
2026-02-17,R21,3,2,3,0,1,18.0,0.0,54.4
2026-02-18,R21,1,1,1,0,0,8.5,0.0,62.5
2026-02-19,R21,2,1,2,0,1,7.2,0.0,26.5
2026-02-20,R21,1,1,1,0,0,11.9,0.0,87.5
2026-02-23,R21,2,2,2,0,0,21.6,0.0,79.4
2026-02-24,R21,2,2,2,0,0,21.9,0.0,80.5
2026-02-25,R21,1,2,1,0,0,14.5,2.0,100.0
2026-02-26,R21,1,2,1,1,0,15.6,0.0,64.7
2026-02-27,R21,1,1,1,0,0,10.9,0.0,80.1
2026-03-02,R21,2,2,2,0,0,13.6,0.0,50.0
2026-03-03,R21,3,2,3,0,1,24.9,0.0,61.0
2026-03-04,R21,1,1,1,0,0,9.7,0.0,71.3
2026-03-05,R21,2,2,2,0,0,12.8,0.0,47.1
2026-03-06,R21,1,1,1,0,0,11.4,0.0,83.8
2026-03-09,R21,3,1,3,0,2,12.1,0.0,29.7
2026-03-10,R21,2,2,2,0,0,19.5,0.0,71.7
2026-03-11,R21,1,1,1,0,0,10.8,0.0,79.4
2026-03-12,R21,2,2,2,0,0,12.8,0.0,47.1
2026-03-13,R21,1,1,1,0,0,7.2,0.0,52.9
2026-03-16,R21,2,2,2,0,0,18.1,0.0,66.5
2026-03-17,R21,2,2,2,0,0,19.5,0.0,71.7
2026-03-18,R21,1,1,1,0,0,11.9,0.0,87.5
2026-03-19,R21,2,2,2,0,0,16.1,0.0,59.2
2026-03-20,R21,1,1,1,0,0,7.5,0.0,55.1
2026-03-23,R21,2,2,2,0,0,14.0,0.0,51.5
2026-03-24,R21,3,2,3,0,1,17.8,0.0,43.6
2026-03-25,R21,1,2,1,0,0,14.4,1.9,100.0
2026-03-26,R21,2,2,2,0,0,18.7,0.0,75.7
2026-03-27,R21,1,2,1,0,0,13.3,0.8,97.8
2026-03-30,R21,3,1,3,0,2,10.7,0.0,26.2
2026-03-31,R21,3,2,3,0,1,20.1,0.0,49.3
2026-04-01,R21,2,1,2,0,1,11.6,0.0,42.6
2026-04-02,R21,1,2,1,1,0,21.3,0.0,78.3
2026-04-07,R21,3,2,3,0,1,19.8,0.0,48.5
2026-04-08,R21,1,1,1,0,0,10.1,0.0,74.3
2026-04-09,R21,2,2,2,0,0,23.1,0.0,84.9
2026-04-10,R21,1,2,1,0,0,13.4,0.9,98.5
2026-04-13,R21,1,2,1,1,0,17.9,0.0,65.8
2026-04-14,R21,2,2,2,0,0,12.8,0.0,47.1
2026-04-15,R21,1,1,1,0,0,11.6,0.0,85.3
2026-04-16,R21,2,1,2,0,1,11.4,0.0,41.9
2026-04-17,R21,2,1,2,0,1,8.9,0.0,32.7
2026-04-20,R21,2,2,2,0,0,18.0,0.0,66.2
2026-04-21,R21,2,2,2,0,0,22.5,0.0,82.7
2026-04-22,R21,1,2,1,0,0,15.0,2.5,100.0
2026-04-23,R21,2,2,2,0,0,12.0,0.0,53.3
2026-04-24,R21,2,2,2,0,0,13.4,0.0,49.3
2026-04-27,R21,3,1,3,0,2,11.8,0.0,28.9
2026-04-28,R21,2,2,2,0,0,15.7,0.0,57.7
2026-04-29,R21,2,2,2,0,0,12.8,0.0,47.1
2026-04-30,R21,1,3,1,2,0,30.2,0.0,74.0
2026-05-04,R21,2,2,2,0,0,13.5,0.0,49.6
2026-05-05,R21,2,3,2,1,0,35.1,0.0,86.0
2026-05-06,R21,1,1,1,0,0,11.4,0.0,83.8
2026-05-07,R21,2,2,2,0,0,18.1,0.0,66.5
2026-05-08,R21,2,2,2,0,0,15.1,0.0,55.5
2026-05-11,R21,2,2,2,0,0,14.7,0.0,54.0
2026-05-12,R21,3,2,3,0,1,21.8,0.0,53.4
2026-05-13,R21,1,2,1,0,0,14.9,2.4,100.0
2026-05-15,R21,2,1,2,0,1,6.0,0.0,22.1
2026-05-18,R21,3,1,3,0,2,12.5,0.0,30.6
2026-05-19,R21,2,2,2,0,0,14.5,0.0,53.3
2026-05-20,R21,2,2,2,0,0,16.3,0.0,59.9
2026-05-21,R21,2,2,2,0,0,14.6,0.0,53.7
2026-05-22,R21,1,1,1,0,0,9.2,0.0,67.6
2026-05-26,R21,2,2,2,0,0,16.4,0.0,60.3
2026-05-27,R21,2,1,2,0,1,7.2,0.0,26.5
2026-05-28,R21,2,2,2,0,0,16.9,0.0,62.1
2026-05-29,R21,1,1,1,0,0,11.3,0.0,83.1
2026-06-01,R21,2,2,2,0,0,18.0,0.0,66.2
2026-06-02,R21,2,2,2,0,0,14.6,0.0,53.7
2026-06-03,R21,1,2,1,1,0,19.3,0.0,71.0
2026-06-05,R21,1,1,1,0,0,7.1,0.0,52.2
2026-06-08,R21,3,1,3,0,2,12.0,0.0,29.4
2026-06-09,R21,2,2,2,0,0,13.0,0.0,47.8
2026-06-10,R21,2,1,2,0,1,12.1,0.0,44.5
2026-06-11,R21,2,2,2,0,0,23.2,0.0,85.3
2026-06-12,R21,1,1,1,0,0,11.6,0.0,85.3
2026-06-15,R21,2,1,2,0,1,11.4,0.0,41.9
2026-06-16,R21,2,2,2,0,0,13.1,0.0,48.2
2026-06-17,R21,1,2,1,0,0,13.1,0.6,96.3
2026-06-18,R21,2,2,2,0,0,18.3,0.0,69.4
2026-06-19,R21,2,1,2,0,1,7.1,0.0,26.1
2026-06-22,R21,2,2,2,0,0,19.9,0.0,73.2
2026-06-23,R21,3,2,3,0,1,21.2,0.0,52.0
2026-06-24,R21,2,2,2,0,0,18.5,0.0,68.0
2026-06-25,R21,2,2,2,0,0,19.0,0.0,69.9
2026-06-26,R21,2,1,2,0,1,11.3,0.0,41.5
2026-06-29,R21,2,2,2,0,0,15.9,0.0,58.5
2026-06-30,R21,2,3,2,0,0,28.5,3.5,100.0
2026-07-01,R21,1,2,1,0,0,14.0,5.0,100.0
2026-07-02,R21,2,2,2,0,0,12.6,0.0,64.6
2026-07-03,R21,1,1,1,0,0,12.0,0.0,88.2
2026-07-06,R21,3,2,3,0,1,15.5,0.0,38.0
2026-07-07,R21,3,2,3,0,1,14.2,0.0,34.8
2026-07-08,R21,2,2,2,0,0,14.3,0.0,52.6
2026-07-09,R21,2,2,2,0,0,20.6,0.0,75.7
2026-07-10,R21,1,2,1,0,0,13.0,0.5,95.6
2026-07-13,R21,3,2,3,0,1,13.3,0.0,32.6
2026-07-14,R21,2,2,2,0,0,15.5,0.0,57.0
2026-07-15,R21,2,2,2,0,0,16.3,0.0,59.9
2026-07-16,R21,3,3,3,0,0,26.4,0.0,64.7
2026-07-17,R21,2,1,2,0,1,6.8,0.0,25.0
2026-07-20,R21,2,1,2,0,1,11.9,0.0,43.7
2026-07-21,R21,2,2,2,0,0,14.0,0.0,51.5
2026-07-22,R21,1,1,1,0,0,7.9,0.0,58.1
2026-07-23,R21,3,2,3,0,1,16.2,0.0,39.7
2026-07-24,R21,1,1,1,0,0,10.6,0.0,77.9
2026-07-27,R21,2,2,2,0,0,18.6,0.0,68.4
2026-07-28,R21,2,2,2,0,0,16.4,0.0,60.3
2026-07-29,R21,2,2,2,0,0,18.4,0.0,67.6
2026-07-30,R21,3,1,3,0,2,9.3,0.0,22.8
2026-07-31,R21,1,1,1,0,0,5.2,0.0,38.2
2026-08-03,R21,1,2,1,0,0,12.6,0.1,92.6
2026-08-04,R21,2,1,2,0,1,9.3,0.0,34.5
2026-08-05,R21,1,1,1,0,0,8.6,0.0,63.2
2026-08-06,R21,1,1,1,0,0,9.9,0.0,72.8
2026-08-07,R21,1,1,1,0,0,7.0,0.0,51.5
2026-08-10,R21,2,1,2,0,1,10.1,0.0,37.1
2026-08-11,R21,1,2,1,0,0,19.0,6.5,100.0
2026-08-12,R21,1,2,1,1,0,15.3,0.0,80.1
2026-08-13,R21,2,1,2,0,1,11.3,0.0,41.5
2026-08-14,R21,2,1,2,0,1,5.7,0.0,21.0
2026-08-17,R21,2,2,2,0,0,13.8,0.0,50.7
2026-08-18,R21,1,1,1,0,0,9.7,0.0,71.3
2026-08-19,R21,2,2,2,0,0,19.2,0.0,70.6
2026-08-20,R21,1,2,1,0,0,14.9,2.4,100.0
2026-08-21,R21,1,2,1,0,0,11.7,1.6,100.0
2026-08-24,R21,2,1,2,0,1,8.9,0.0,32.7
2026-08-25,R21,2,1,2,0,1,11.6,0.0,42.6
2026-08-26,R21,2,1,2,0,1,5.0,0.0,18.4
2026-08-27,R21,2,1,2,0,1,12.3,0.0,45.2
2026-08-28,R21,2,1,2,0,1,8.8,0.0,32.4
2026-08-31,R21,1,1,1,0,0,12.1,0.0,89.0
2024-01-02,R22,1,1,1,0,0,10.8,0.0,79.4
2024-01-03,R22,1,1,1,0,0,4.5,0.0,33.1
2024-01-04,R22,2,2,2,0,0,14.3,0.0,52.6
2024-01-05,R22,2,2,2,0,0,13.2,0.0,48.5
2024-01-08,R22,1,1,1,0,0,3.8,0.0,27.9
2024-01-09,R22,1,2,1,1,0,21.8,0.0,80.1
2024-01-10,R22,1,1,1,0,0,6.6,0.0,48.5
2024-01-11,R22,2,2,2,0,0,15.8,0.0,58.1
2024-01-12,R22,1,1,1,0,0,8.1,0.0,59.6
2024-01-15,R22,2,1,2,0,1,4.6,0.0,16.9
2024-01-16,R22,2,3,2,0,0,28.2,3.2,100.0
2024-01-17,R22,1,1,1,0,0,7.9,0.0,81.4
2024-01-18,R22,3,1,3,0,2,10.4,0.0,25.5
2024-01-19,R22,1,1,1,0,0,6.0,0.0,44.1
2024-01-22,R22,2,2,2,0,0,13.7,0.0,50.4
2024-01-23,R22,3,2,3,0,1,23.2,0.0,56.9
2024-01-24,R22,1,1,1,0,0,12.0,0.0,88.2
2024-01-25,R22,1,2,1,0,0,15.1,2.6,100.0
2024-01-26,R22,0,2,0,1,0,18.6,8.7,100.0
2024-01-29,R22,3,2,3,0,1,8.6,0.0,21.1
2024-01-30,R22,2,1,2,0,1,11.7,0.0,43.0
2024-01-31,R22,1,1,1,0,0,6.0,0.0,44.1
2024-02-01,R22,1,2,1,0,0,15.4,2.9,100.0
2024-02-02,R22,2,1,2,0,1,9.1,0.0,44.1
2024-02-05,R22,3,1,3,0,2,7.1,0.0,17.4
2024-02-06,R22,1,2,1,0,0,17.0,4.5,100.0
2024-02-07,R22,1,2,1,1,0,14.0,0.0,68.0
2024-02-08,R22,3,2,3,0,1,18.1,0.0,44.4
2024-02-09,R22,1,1,1,0,0,9.3,0.0,68.4
2024-02-12,R22,2,1,2,0,1,5.6,0.0,20.6
2024-02-13,R22,1,2,1,0,0,17.1,4.6,100.0
2024-02-14,R22,2,1,2,0,1,7.9,0.0,45.9
2024-02-15,R22,2,2,2,0,0,15.9,0.0,58.5
2024-02-16,R22,1,1,1,0,0,2.0,0.0,14.7
2024-02-19,R22,1,1,1,0,0,7.5,0.0,55.1
2024-02-20,R22,2,1,2,0,1,11.5,0.0,42.3
2024-02-21,R22,1,1,1,0,0,5.8,0.0,42.6
2024-02-22,R22,2,2,2,0,0,19.0,0.0,69.9
2024-02-23,R22,1,1,1,0,0,4.7,0.0,34.6
2024-02-26,R22,1,1,1,0,0,3.6,0.0,26.5
2024-02-27,R22,1,2,1,1,0,20.6,0.0,75.7
2024-02-28,R22,1,2,1,0,0,14.3,1.8,100.0
2024-02-29,R22,2,2,2,0,0,15.1,0.0,62.1
2024-03-01,R22,1,1,1,0,0,8.8,0.0,64.7
2024-03-04,R22,1,1,1,0,0,5.9,0.0,43.4
2024-03-05,R22,2,3,2,0,0,28.1,3.1,100.0
2024-03-06,R22,2,2,2,0,0,10.2,0.0,48.8
2024-03-07,R22,2,2,2,0,0,13.2,0.0,48.5
2024-03-08,R22,1,1,1,0,0,11.8,0.0,86.8
2024-03-11,R22,1,1,1,0,0,9.1,0.0,66.9
2024-03-12,R22,3,2,3,0,1,21.7,0.0,53.2
2024-03-13,R22,2,1,2,0,1,11.8,0.0,43.4
2024-03-14,R22,2,2,2,0,0,16.3,0.0,59.9
2024-03-15,R22,1,1,1,0,0,3.2,0.0,23.5
2024-03-18,R22,1,1,1,0,0,9.5,0.0,69.9
2024-03-19,R22,2,2,2,0,0,17.0,0.0,62.5
2024-03-20,R22,1,1,1,0,0,9.8,0.0,72.1
2024-03-21,R22,2,2,2,0,0,20.1,0.0,73.9
2024-03-22,R22,1,1,1,0,0,5.3,0.0,39.0
2024-03-25,R22,1,1,1,0,0,11.1,0.0,81.6
2024-03-26,R22,2,2,2,0,0,22.9,0.0,84.2
2024-03-27,R22,1,1,1,0,0,12.1,0.0,89.0
2024-03-28,R22,2,3,2,0,0,28.1,3.1,100.0
2024-04-02,R22,2,2,2,0,0,18.6,0.0,68.4
2024-04-03,R22,1,1,1,0,0,5.2,0.0,38.2
2024-04-04,R22,3,2,3,0,1,18.7,0.0,45.8
2024-04-05,R22,1,1,1,0,0,7.8,0.0,57.4
2024-04-08,R22,1,1,1,0,0,7.1,0.0,52.2
2024-04-09,R22,2,2,2,0,0,21.6,0.0,79.4
2024-04-10,R22,1,1,1,0,0,6.7,0.0,49.3
2024-04-11,R22,2,2,2,0,0,18.8,0.0,69.1
2024-04-12,R22,1,1,1,0,0,4.8,0.0,35.3
2024-04-15,R22,1,1,1,0,0,7.9,0.0,58.1
2024-04-16,R22,2,2,2,0,0,22.1,0.0,81.3
2024-04-17,R22,1,1,1,0,0,5.3,0.0,39.0
2024-04-18,R22,2,2,2,0,0,15.5,0.0,57.0
2024-04-19,R22,1,1,1,0,0,7.2,0.0,52.9
2024-04-22,R22,2,1,2,0,1,10.1,0.0,37.1
2024-04-23,R22,2,2,2,0,0,15.6,0.0,57.4
2024-04-24,R22,1,1,1,0,0,8.8,0.0,64.7
2024-04-25,R22,2,2,2,0,0,21.8,0.0,80.1
2024-04-26,R22,1,2,1,0,0,14.2,1.7,100.0
2024-04-29,R22,1,2,1,1,0,20.8,0.0,76.5
2024-04-30,R22,2,2,2,0,0,24.5,0.0,90.1
2024-05-02,R22,1,2,1,1,0,18.9,0.0,69.5
2024-05-03,R22,2,1,2,0,1,8.4,0.0,30.9
2024-05-06,R22,3,2,3,0,1,13.4,0.0,32.8
2024-05-07,R22,2,3,2,0,0,30.4,5.4,100.0
2024-05-08,R22,1,2,1,0,0,14.4,7.3,100.0
2024-05-10,R22,1,2,1,0,0,7.1,1.9,52.2
2024-05-13,R22,2,2,2,0,0,14.3,0.0,52.6
2024-05-14,R22,3,2,3,0,1,19.8,0.0,48.5
2024-05-15,R22,2,1,2,0,1,8.4,0.0,30.9
2024-05-16,R22,2,2,2,0,0,21.9,0.0,80.5
2024-05-17,R22,1,2,1,0,0,13.5,1.0,99.3
2024-05-21,R22,3,2,3,0,1,22.0,0.0,53.9
2024-05-22,R22,1,1,1,0,0,9.6,0.0,70.6
2024-05-23,R22,2,3,2,0,0,26.4,1.4,97.1
2024-05-24,R22,2,1,2,0,1,9.6,0.0,40.4
2024-05-27,R22,3,1,3,0,2,5.7,0.0,14.0
2024-05-28,R22,2,3,2,0,0,27.6,2.6,100.0
2024-05-29,R22,1,1,1,0,0,9.0,0.0,85.1
2024-05-31,R22,1,1,1,0,0,2.8,0.0,20.6
2024-06-03,R22,1,1,1,0,0,8.0,0.0,58.8
2024-06-04,R22,3,2,3,0,1,16.9,0.0,41.4
2024-06-05,R22,1,1,1,0,0,5.0,0.0,36.8
2024-06-06,R22,3,3,3,0,0,26.4,0.0,64.7
2024-06-07,R22,1,2,1,0,0,13.7,1.2,100.0
2024-06-10,R22,1,1,1,0,0,10.8,0.0,79.4
2024-06-11,R22,3,3,3,0,0,28.1,0.0,68.9
2024-06-12,R22,1,2,1,0,0,17.6,5.1,100.0
2024-06-13,R22,3,3,3,0,0,22.6,0.0,67.9
2024-06-14,R22,1,1,1,0,0,10.4,0.0,76.5
2024-06-17,R22,2,2,2,0,0,16.9,0.0,62.1
2024-06-18,R22,3,2,3,0,1,21.9,0.0,53.7
2024-06-19,R22,1,2,1,0,0,14.7,2.2,100.0
2024-06-20,R22,3,2,3,0,1,19.3,0.0,52.7
2024-06-21,R22,1,1,1,0,0,9.5,0.0,69.9
2024-06-24,R22,1,2,1,0,0,14.9,2.4,100.0
2024-06-25,R22,2,3,2,0,0,25.1,2.5,100.0
2024-06-26,R22,2,2,2,0,0,16.6,0.0,70.1
2024-06-27,R22,2,3,2,0,0,27.4,2.4,100.0
2024-06-28,R22,1,2,1,0,0,11.2,1.1,99.8
2024-07-01,R22,3,1,3,0,2,9.3,0.0,22.8
2024-07-02,R22,2,3,2,0,0,26.0,1.0,95.6
2024-07-03,R22,2,1,2,0,1,10.9,0.0,43.7
2024-07-04,R22,3,3,3,0,0,31.0,0.0,76.0
2024-07-05,R22,2,1,2,0,1,12.1,0.0,44.5
2024-07-08,R22,2,2,2,0,0,15.6,0.0,57.4
2024-07-09,R22,3,2,3,0,1,22.2,0.0,54.4
2024-07-10,R22,1,1,1,0,0,4.5,0.0,33.1
2024-07-11,R22,3,3,3,0,0,25.5,0.0,62.5
2024-07-12,R22,1,1,1,0,0,5.8,0.0,42.6
2024-07-15,R22,2,1,2,0,1,11.7,0.0,43.0
2024-07-16,R22,2,2,2,0,0,20.6,0.0,75.7
2024-07-17,R22,1,1,1,0,0,12.2,0.0,89.7
2024-07-18,R22,3,3,3,0,0,27.4,0.0,67.2
2024-07-19,R22,1,1,1,0,0,6.6,0.0,48.5
2024-07-22,R22,2,1,2,0,1,9.2,0.0,33.8
2024-07-23,R22,3,3,3,0,0,26.1,0.0,64.0
2024-07-24,R22,1,2,1,0,0,16.8,4.3,100.0
2024-07-25,R22,3,3,3,0,0,20.8,0.0,61.5
2024-07-26,R22,1,1,1,0,0,8.3,0.0,61.0
2024-07-29,R22,1,1,1,0,0,7.3,0.0,53.7
2024-07-30,R22,3,2,3,0,1,22.7,0.0,55.6
2024-07-31,R22,1,1,1,0,0,10.9,0.0,80.1
2024-08-01,R22,4,3,4,0,1,36.7,0.0,67.5
2024-08-02,R22,1,1,1,0,0,8.5,0.0,62.5
2024-08-05,R22,1,1,1,0,0,6.4,0.0,47.1
2024-08-06,R22,2,2,2,0,0,23.8,0.0,87.5
2024-08-07,R22,2,1,2,0,1,5.7,0.0,21.0
2024-08-08,R22,3,2,3,0,1,16.7,0.0,40.9
2024-08-09,R22,1,1,1,0,0,12.2,0.0,89.7
2024-08-12,R22,2,1,2,0,1,10.3,0.0,37.9
2024-08-13,R22,2,2,2,0,0,18.4,0.0,67.6
2024-08-14,R22,1,2,1,0,0,14.3,1.8,100.0
2024-08-15,R22,3,3,3,0,0,24.9,0.0,65.4
2024-08-16,R22,1,1,1,0,0,12.1,0.0,89.0
2024-08-19,R22,1,2,1,1,0,19.2,0.0,70.6
2024-08-20,R22,2,2,2,0,0,15.3,0.0,56.2
2024-08-21,R22,2,1,2,0,1,4.2,0.0,15.4
2024-08-22,R22,3,2,3,0,1,14.8,0.0,36.3
2024-08-23,R22,1,1,1,0,0,9.0,0.0,66.2
2024-08-26,R22,2,1,2,0,1,9.3,0.0,34.2
2024-08-27,R22,2,3,2,0,0,26.9,1.9,98.9
2024-08-28,R22,1,1,1,0,0,7.6,0.0,69.7
2024-08-29,R22,2,3,2,1,0,30.5,0.0,74.8
2024-08-30,R22,1,2,1,0,0,13.3,0.8,97.8
2024-09-02,R22,1,1,1,0,0,8.6,0.0,63.2
2024-09-03,R22,3,2,3,0,1,16.1,0.0,39.5
2024-09-04,R22,1,1,1,0,0,6.1,0.0,44.9
2024-09-05,R22,2,1,2,0,1,11.2,0.0,41.2
2024-09-06,R22,1,1,1,0,0,4.2,0.0,30.9
2024-09-09,R22,1,1,1,0,0,9.4,0.0,69.1
2024-09-10,R22,2,3,2,1,0,35.3,0.0,86.5
2024-09-11,R22,1,2,1,0,0,14.5,2.0,100.0
2024-09-12,R22,1,3,1,2,0,31.6,0.0,82.3
2024-09-13,R22,1,1,1,0,0,9.8,0.0,72.1
2024-09-16,R22,2,1,2,0,1,9.1,0.0,33.5
2024-09-17,R22,3,2,3,0,1,13.9,0.0,34.1
2024-09-18,R22,1,1,1,0,0,7.7,0.0,56.6
2024-09-19,R22,2,3,2,1,0,31.8,0.0,77.9
2024-09-20,R22,1,2,1,0,0,12.9,0.4,94.9
2024-09-23,R22,1,1,1,0,0,12.0,0.0,88.2
2024-09-24,R22,2,2,2,0,0,18.6,0.0,68.4
2024-09-25,R22,1,1,1,0,0,9.1,0.0,66.9
2024-09-26,R22,2,3,2,0,0,29.5,4.5,100.0
2024-09-27,R22,1,1,1,0,0,5.8,0.0,75.6
2024-09-30,R22,2,1,2,0,1,8.6,0.0,31.6
2024-10-01,R22,2,2,2,0,0,18.7,0.0,68.7
2024-10-02,R22,1,1,1,0,0,7.1,0.0,52.2
2024-10-04,R22,1,1,1,0,0,6.9,0.0,50.7
2024-10-07,R22,1,1,1,0,0,9.6,0.0,70.6
2024-10-08,R22,2,3,2,0,0,26.1,1.1,96.0
2024-10-09,R22,1,2,1,0,0,12.2,0.8,97.6
2024-10-10,R22,3,2,3,0,1,16.0,0.0,41.1
2024-10-11,R22,1,1,1,0,0,6.5,0.0,47.8
2024-10-14,R22,1,1,1,0,0,10.4,0.0,76.5
2024-10-15,R22,2,3,2,0,0,25.3,0.3,93.0
2024-10-16,R22,2,2,2,0,0,18.7,0.0,69.8
2024-10-17,R22,2,3,2,0,0,28.2,3.2,100.0
2024-10-18,R22,1,2,1,0,0,10.2,0.9,98.4
2024-10-21,R22,1,1,1,0,0,5.9,0.0,43.4
2024-10-22,R22,3,3,3,0,0,28.6,0.0,70.1
2024-10-23,R22,2,1,2,0,1,7.0,0.0,25.7
2024-10-24,R22,3,3,3,0,0,27.2,0.0,66.7
2024-10-25,R22,1,1,1,0,0,3.4,0.0,25.0
2024-10-28,R22,1,1,1,0,0,6.2,0.0,45.6
2024-10-29,R22,4,2,4,0,2,22.8,0.0,41.9
2024-10-30,R22,1,1,1,0,0,6.9,0.0,50.7
2024-10-31,R22,3,3,3,0,0,28.9,0.0,70.8
2024-11-04,R22,2,2,2,0,0,15.7,0.0,57.7
2024-11-05,R22,2,2,2,0,0,22.1,0.0,81.3
2024-11-06,R22,1,1,1,0,0,6.1,0.0,44.9
2024-11-07,R22,3,2,3,0,1,21.3,0.0,52.2
2024-11-08,R22,1,1,1,0,0,11.2,0.0,82.4
2024-11-11,R22,2,1,2,0,1,12.4,0.0,45.6
2024-11-12,R22,2,4,2,0,0,38.2,13.2,100.0
2024-11-13,R22,1,2,1,1,0,10.1,0.0,85.6
2024-11-14,R22,2,1,2,0,1,10.2,0.0,37.5
2024-11-15,R22,1,2,1,0,0,14.5,2.0,100.0
2024-11-18,R22,2,1,2,0,1,8.2,0.0,30.1
2024-11-19,R22,4,2,4,0,2,22.5,0.0,41.4
2024-11-20,R22,1,2,1,0,0,12.6,0.1,92.6
2024-11-21,R22,2,2,2,0,0,17.4,0.0,64.3
2024-11-22,R22,1,1,1,0,0,5.8,0.0,42.6
2024-11-25,R22,1,1,1,0,0,10.8,0.0,79.4
2024-11-26,R22,3,3,3,0,0,27.4,0.0,67.2
2024-11-27,R22,2,1,2,0,1,8.3,0.0,30.5
2024-11-28,R22,2,2,2,0,0,18.2,0.0,66.9
2024-11-29,R22,1,1,1,0,0,4.5,0.0,33.1
2024-12-02,R22,2,2,2,0,0,13.6,0.0,50.0
2024-12-03,R22,3,2,3,0,1,20.9,0.0,51.2
2024-12-04,R22,2,1,2,0,1,10.0,0.0,36.8
2024-12-05,R22,2,2,2,0,0,23.8,0.0,87.5
2024-12-06,R22,1,2,1,0,0,17.3,4.8,100.0
2024-12-09,R22,1,1,1,0,0,7.5,0.0,55.1
2024-12-10,R22,2,2,2,0,0,17.5,0.0,64.3
2024-12-11,R22,2,1,2,0,1,10.8,0.0,39.7
2024-12-12,R22,2,2,2,0,0,21.4,0.0,78.7
2024-12-13,R22,2,1,2,0,1,7.4,0.0,27.2
2024-12-16,R22,1,2,1,1,0,19.8,0.0,72.8
2024-12-17,R22,2,2,2,0,0,15.3,0.0,56.2
2024-12-18,R22,2,2,2,0,0,13.7,0.0,50.4
2024-12-19,R22,2,2,2,0,0,20.6,0.0,75.7
2024-12-20,R22,2,1,2,0,1,5.4,0.0,19.9
2024-12-23,R22,1,1,1,0,0,7.0,0.0,51.5
2024-12-24,R22,1,2,1,1,0,22.1,0.0,81.3
2024-12-27,R22,1,1,1,0,0,9.6,0.0,70.6
2024-12-30,R22,1,1,1,0,0,7.0,0.0,51.5
2024-12-31,R22,1,2,1,0,0,16.5,4.0,100.0
2025-01-02,R22,2,2,2,0,0,13.5,0.0,49.6
2025-01-03,R22,1,1,1,0,0,8.9,0.0,65.4
2025-01-07,R22,2,2,2,0,0,16.2,0.0,59.6
2025-01-08,R22,2,2,2,0,0,16.1,0.0,59.2
2025-01-09,R22,3,2,3,0,1,16.6,0.0,40.7
2025-01-10,R22,1,1,1,0,0,4.9,0.0,36.0
2025-01-13,R22,1,1,1,0,0,8.1,0.0,59.6
2025-01-14,R22,3,2,3,0,1,21.2,0.0,52.0
2025-01-15,R22,2,1,2,0,1,4.5,0.0,16.5
2025-01-16,R22,2,2,2,0,0,19.2,0.0,70.6
2025-01-17,R22,2,2,2,0,0,13.4,0.0,49.3
2025-01-20,R22,2,1,2,0,1,5.6,0.0,20.6
2025-01-21,R22,2,2,2,0,0,15.4,0.0,56.6
2025-01-22,R22,2,1,2,0,1,5.2,0.0,19.1
2025-01-23,R22,2,1,2,0,1,11.0,0.0,40.4
2025-01-24,R22,2,1,2,0,1,3.8,0.0,14.0
2025-01-27,R22,2,1,2,0,1,4.5,0.0,16.5
2025-01-28,R22,2,2,2,0,0,13.0,0.0,47.8
2025-01-29,R22,1,1,1,0,0,7.5,0.0,55.1
2025-01-30,R22,1,2,1,1,0,19.9,0.0,73.2
2025-01-31,R22,1,1,1,0,0,8.2,0.0,60.3
2025-02-03,R22,2,1,2,0,1,8.2,0.0,30.1
2025-02-04,R22,2,2,2,0,0,20.4,0.0,75.0
2025-02-05,R22,1,1,1,0,0,9.1,0.0,66.9
2025-02-06,R22,2,2,2,0,0,16.2,0.0,59.6
2025-02-07,R22,1,2,1,0,0,16.2,3.7,100.0
2025-02-10,R22,1,2,1,0,0,10.2,1.4,75.0
2025-02-11,R22,2,3,2,0,0,24.3,0.7,94.4
2025-02-12,R22,1,1,1,0,0,10.7,0.0,83.5
2025-02-13,R22,2,2,2,0,0,13.7,0.0,50.4
2025-02-14,R22,1,1,1,0,0,6.3,0.0,46.3
2025-02-17,R22,3,1,3,0,2,6.9,0.0,16.9
2025-02-18,R22,2,2,2,0,0,16.2,0.0,59.6
2025-02-19,R22,1,1,1,0,0,3.9,0.0,28.7
2025-02-20,R22,2,2,2,0,0,25.0,0.0,91.9
2025-02-21,R22,1,1,1,0,0,5.6,0.0,41.2
2025-02-24,R22,2,1,2,0,1,5.0,0.0,18.4
2025-02-25,R22,2,2,2,0,0,17.9,0.0,65.8
2025-02-26,R22,2,1,2,0,1,7.6,0.0,27.9
2025-02-27,R22,2,2,2,0,0,19.0,0.0,69.9
2025-02-28,R22,1,1,1,0,0,7.1,0.0,52.2
2025-03-03,R22,2,1,2,0,1,12.0,0.0,44.1
2025-03-04,R22,3,2,3,0,1,22.1,0.0,54.2
2025-03-05,R22,2,2,2,0,0,15.0,0.0,55.1
2025-03-06,R22,3,3,3,0,0,26.6,0.0,65.2
2025-03-07,R22,1,1,1,0,0,10.4,0.0,76.5
2025-03-10,R22,1,2,1,0,0,16.3,3.8,100.0
2025-03-11,R22,3,3,3,0,0,24.5,0.0,69.3
2025-03-12,R22,1,2,1,0,0,14.4,1.9,100.0
2025-03-13,R22,2,2,2,0,0,18.1,0.0,73.5
2025-03-14,R22,1,1,1,0,0,7.1,0.0,52.2
2025-03-17,R22,2,1,2,0,1,7.0,0.0,25.7
2025-03-18,R22,2,1,2,0,1,11.8,0.0,43.4
2025-03-19,R22,1,1,1,0,0,9.5,0.0,69.9
2025-03-20,R22,2,2,2,0,0,14.9,0.0,54.8
2025-03-21,R22,1,1,1,0,0,6.5,0.0,47.8
2025-03-24,R22,2,1,2,0,1,10.7,0.0,39.3
2025-03-25,R22,2,2,2,0,0,24.3,0.0,89.3
2025-03-26,R22,1,1,1,0,0,11.5,0.0,84.6
2025-03-27,R22,2,2,2,0,0,16.1,0.0,59.2
2025-03-28,R22,0,2,0,1,0,15.0,2.5,100.0
2025-03-31,R22,1,2,1,0,0,12.8,2.8,94.1
2025-04-01,R22,3,3,3,0,0,22.9,0.0,62.9
2025-04-02,R22,1,1,1,0,0,4.4,0.0,32.4
2025-04-03,R22,3,2,3,0,1,16.0,0.0,39.2
2025-04-04,R22,1,1,1,0,0,8.0,0.0,58.8
2025-04-07,R22,2,2,2,0,0,14.8,0.0,54.4
2025-04-08,R22,3,3,3,0,0,31.8,0.0,77.9
2025-04-09,R22,1,1,1,0,0,8.9,0.0,65.4
2025-04-10,R22,2,2,2,0,0,20.3,0.0,74.6
2025-04-11,R22,1,1,1,0,0,9.2,0.0,67.6
2025-04-14,R22,2,1,2,0,1,10.8,0.0,39.7
2025-04-15,R22,2,2,2,0,0,21.5,0.0,79.0
2025-04-16,R22,1,2,1,0,0,13.1,0.6,96.3
2025-04-17,R22,1,3,1,1,0,25.1,0.7,94.4
2025-04-22,R22,2,3,2,0,0,28.4,4.0,100.0
2025-04-23,R22,1,1,1,0,0,8.4,0.0,91.5
2025-04-24,R22,3,2,3,0,1,16.9,0.0,41.4
2025-04-25,R22,2,1,2,0,1,7.3,0.0,26.8
2025-04-28,R22,2,1,2,0,1,7.5,0.0,27.6
2025-04-29,R22,3,2,3,0,1,22.8,0.0,55.9
2025-04-30,R22,1,1,1,0,0,11.0,0.0,80.9
2025-05-02,R22,1,1,1,0,0,5.8,0.0,42.6
2025-05-05,R22,2,1,2,0,1,5.9,0.0,21.7
2025-05-06,R22,2,2,2,0,0,18.6,0.0,68.4
2025-05-07,R22,2,1,2,0,1,8.9,0.0,32.7
2025-05-08,R22,2,2,2,0,0,18.4,0.0,67.6
2025-05-09,R22,1,1,1,0,0,4.4,0.0,32.4
2025-05-12,R22,2,2,2,0,0,15.9,0.0,58.5
2025-05-13,R22,3,2,3,0,1,23.6,0.0,57.8
2025-05-14,R22,1,1,1,0,0,7.4,0.0,54.4
2025-05-15,R22,2,2,2,0,0,18.3,0.0,67.3
2025-05-16,R22,1,1,1,0,0,5.8,0.0,42.6
2025-05-19,R22,2,1,2,0,1,7.1,0.0,26.1
2025-05-20,R22,2,3,2,1,0,32.7,0.0,80.1
2025-05-21,R22,1,1,1,0,0,5.0,0.0,36.8
2025-05-22,R22,3,2,3,0,1,18.3,0.0,44.9
2025-05-23,R22,1,1,1,0,0,4.2,0.0,30.9
2025-05-26,R22,2,1,2,0,1,10.1,0.0,37.1
2025-05-27,R22,2,2,2,0,0,23.9,0.0,87.9
2025-05-28,R22,1,2,1,0,0,14.5,2.0,100.0
2025-05-30,R22,1,1,1,0,0,2.4,0.0,17.6
2025-06-02,R22,1,2,1,0,0,15.6,3.1,100.0
2025-06-03,R22,2,3,2,0,0,26.4,4.5,100.0
2025-06-04,R22,1,1,1,0,0,4.7,0.0,67.4
2025-06-05,R22,2,2,2,0,0,19.0,0.0,69.9
2025-06-06,R22,1,2,1,0,0,14.4,1.9,100.0
2025-06-10,R22,2,3,2,1,0,34.3,0.0,84.1
2025-06-11,R22,2,1,2,0,1,12.4,0.0,45.6
2025-06-12,R22,2,3,2,0,0,28.0,3.0,100.0
2025-06-13,R22,2,2,2,0,0,11.6,0.0,53.6
2025-06-16,R22,2,1,2,0,1,11.6,0.0,42.6
2025-06-17,R22,3,2,3,0,1,24.5,0.0,60.0
2025-06-18,R22,2,1,2,0,1,9.0,0.0,33.1
2025-06-20,R22,1,1,1,0,0,6.0,0.0,44.1
2025-06-23,R22,1,2,1,0,0,16.4,3.9,100.0
2025-06-24,R22,2,3,2,0,0,26.0,4.9,100.0
2025-06-25,R22,1,2,1,0,0,8.4,0.8,97.5
2025-06-26,R22,3,3,3,0,0,30.7,0.0,77.1
2025-06-27,R22,1,1,1,0,0,9.0,0.0,66.2
2025-06-30,R22,2,1,2,0,1,10.3,0.0,37.9
2025-07-01,R22,3,2,3,0,1,25.0,0.0,61.3
2025-07-02,R22,2,2,2,0,0,14.5,0.0,53.3
2025-07-03,R22,3,3,3,0,0,32.8,0.0,80.4
2025-07-04,R22,1,2,1,1,0,20.5,0.0,75.4
2025-07-07,R22,2,2,2,0,0,15.8,0.0,58.1
2025-07-08,R22,2,2,2,0,0,17.1,0.0,62.9
2025-07-09,R22,2,1,2,0,1,5.4,0.0,19.9
2025-07-10,R22,3,2,3,0,1,23.5,0.0,57.6
2025-07-11,R22,2,1,2,0,1,11.7,0.0,43.0
2025-07-14,R22,1,1,1,0,0,8.1,0.0,59.6
2025-07-15,R22,2,2,2,0,0,24.0,0.0,88.2
2025-07-16,R22,1,1,1,0,0,11.4,0.0,83.8
2025-07-17,R22,3,3,3,0,0,29.7,0.0,72.8
2025-07-18,R22,1,1,1,0,0,12.1,0.0,89.0
2025-07-21,R22,2,1,2,0,1,6.8,0.0,25.0
2025-07-22,R22,2,2,2,0,0,15.6,0.0,57.4
2025-07-23,R22,1,1,1,0,0,8.1,0.0,59.6
2025-07-24,R22,3,3,3,0,0,25.3,0.0,62.0
2025-07-25,R22,1,1,1,0,0,10.6,0.0,77.9
2025-07-28,R22,2,2,2,0,0,14.3,0.0,52.6
2025-07-29,R22,2,3,2,0,0,27.5,2.5,100.0
2025-07-30,R22,1,1,1,0,0,8.4,0.0,80.0
2025-07-31,R22,3,2,3,0,1,17.3,0.0,42.4
2025-08-01,R22,1,2,1,0,0,15.1,2.6,100.0
2025-08-04,R22,2,2,2,0,0,11.2,0.0,41.2
2025-08-05,R22,2,2,2,0,0,18.9,0.0,69.5
2025-08-06,R22,1,1,1,0,0,4.9,0.0,36.0
2025-08-07,R22,2,2,2,0,0,20.5,0.0,75.4
2025-08-08,R22,2,2,2,0,0,13.1,0.0,48.2
2025-08-11,R22,2,1,2,0,1,5.4,0.0,19.9
2025-08-12,R22,3,2,3,0,1,17.5,0.0,42.9
2025-08-13,R22,1,2,1,0,0,14.4,1.9,100.0
2025-08-14,R22,3,3,3,0,0,25.9,0.0,68.1
2025-08-15,R22,2,2,2,0,0,13.2,0.0,48.5
2025-08-18,R22,1,1,1,0,0,10.2,0.0,75.0
2025-08-19,R22,2,2,2,0,0,13.6,0.0,50.0
2025-08-20,R22,1,1,1,0,0,7.8,0.0,57.4
2025-08-21,R22,2,2,2,0,0,20.3,0.0,74.6
2025-08-22,R22,2,1,2,0,1,8.2,0.0,30.1
2025-08-25,R22,1,1,1,0,0,4.5,0.0,33.1
2025-08-26,R22,2,3,2,0,0,25.6,0.6,94.1
2025-08-27,R22,2,2,2,0,0,15.8,0.0,60.2
2025-08-28,R22,2,2,2,0,0,22.5,0.0,82.7
2025-08-29,R22,1,1,1,0,0,5.8,0.0,42.6
2025-09-01,R22,1,1,1,0,0,5.4,0.0,39.7
2025-09-02,R22,2,2,2,0,0,16.1,0.0,59.2
2025-09-03,R22,1,1,1,0,0,6.9,0.0,50.7
2025-09-04,R22,1,2,1,0,0,20.9,8.4,100.0
2025-09-05,R22,1,1,1,0,0,3.2,0.0,85.2
2025-09-08,R22,1,1,1,0,0,5.7,0.0,41.9
2025-09-09,R22,3,2,3,0,1,24.3,0.0,59.6
2025-09-10,R22,1,1,1,0,0,10.5,0.0,77.2
2025-09-11,R22,2,3,2,0,0,28.2,3.2,100.0
2025-09-12,R22,1,1,1,0,0,4.7,0.0,57.9
2025-09-15,R22,1,1,1,0,0,12.4,0.0,91.2
2025-09-16,R22,2,2,2,0,0,25.0,0.0,91.9
2025-09-17,R22,1,1,1,0,0,8.7,0.0,64.0
2025-09-18,R22,3,2,3,0,1,21.8,0.0,53.4
2025-09-19,R22,1,1,1,0,0,6.0,0.0,44.1
2025-09-22,R22,2,2,2,0,0,14.6,0.0,53.7
2025-09-23,R22,2,2,2,0,0,17.5,0.0,64.3
2025-09-24,R22,1,1,1,0,0,9.8,0.0,72.1
2025-09-25,R22,3,3,3,0,0,29.6,0.0,72.5
2025-09-26,R22,1,1,1,0,0,4.8,0.0,35.3
2025-09-29,R22,2,2,2,0,0,14.3,0.0,52.6
2025-09-30,R22,2,3,2,0,0,28.2,3.2,100.0
2025-10-01,R22,2,2,2,0,0,12.5,0.0,57.6
2025-10-02,R22,2,2,2,0,0,25.0,0.0,91.9
2025-10-06,R22,2,1,2,0,1,9.4,0.0,34.6
2025-10-07,R22,3,3,3,0,0,28.4,0.0,69.6
2025-10-08,R22,2,2,2,0,0,14.1,0.0,51.8
2025-10-09,R22,3,2,3,0,1,21.5,0.0,52.7
2025-10-10,R22,1,2,1,1,0,19.0,0.0,69.9
2025-10-13,R22,1,2,1,0,0,13.3,0.8,97.8
2025-10-14,R22,4,3,4,0,1,25.8,0.0,48.9
2025-10-15,R22,2,1,2,0,1,9.3,0.0,34.2
2025-10-16,R22,2,3,2,0,0,30.9,5.9,100.0
2025-10-17,R22,2,2,2,0,0,9.7,0.0,57.3
2025-10-20,R22,2,1,2,0,1,7.3,0.0,26.8
2025-10-21,R22,4,2,4,0,2,23.7,0.0,43.6
2025-10-22,R22,2,1,2,0,1,6.4,0.0,23.5
2025-10-23,R22,3,3,3,0,0,25.5,0.0,62.5
2025-10-24,R22,1,1,1,0,0,11.4,0.0,83.8
2025-10-27,R22,2,1,2,0,1,7.9,0.0,29.0
2025-10-28,R22,2,2,2,0,0,17.7,0.0,65.1
2025-10-29,R22,1,2,1,1,0,18.6,0.0,68.4
2025-10-30,R22,3,2,3,0,1,15.9,0.0,39.0
2025-10-31,R22,1,1,1,0,0,5.8,0.0,42.6
2025-11-03,R22,2,2,2,0,0,16.2,0.0,59.6
2025-11-04,R22,2,2,2,0,0,19.5,0.0,71.7
2025-11-05,R22,1,1,1,0,0,11.5,0.0,84.6
2025-11-06,R22,2,2,2,0,0,16.0,0.0,58.8
2025-11-07,R22,1,1,1,0,0,8.2,0.0,60.3
2025-11-10,R22,1,1,1,0,0,12.3,0.0,90.4
2025-11-11,R22,3,2,3,0,1,21.5,0.0,52.7
2025-11-12,R22,1,1,1,0,0,7.0,0.0,51.5
2025-11-13,R22,1,3,1,1,0,35.9,10.9,100.0
2025-11-14,R22,1,2,1,0,0,5.9,4.3,100.0
2025-11-17,R22,1,2,1,0,0,11.4,3.2,83.8
2025-11-18,R22,2,3,2,1,0,28.3,0.0,77.1
2025-11-19,R22,2,1,2,0,1,7.4,0.0,27.2
2025-11-20,R22,2,2,2,0,0,13.1,0.0,48.2
2025-11-21,R22,1,1,1,0,0,8.3,0.0,61.0
2025-11-24,R22,2,1,2,0,1,11.8,0.0,43.4
2025-11-25,R22,3,2,3,0,1,17.5,0.0,42.9
2025-11-26,R22,1,1,1,0,0,10.2,0.0,75.0
2025-11-27,R22,2,2,2,0,0,20.4,0.0,75.0
2025-11-28,R22,1,1,1,0,0,4.2,0.0,30.9
2025-12-01,R22,2,1,2,0,1,11.7,0.0,43.0
2025-12-02,R22,3,3,3,0,0,37.4,0.0,91.7
2025-12-03,R22,1,1,1,0,0,11.0,0.0,80.9
2025-12-04,R22,2,2,2,0,0,14.8,0.0,54.4
2025-12-05,R22,1,1,1,0,0,8.6,0.0,63.2
2025-12-08,R22,1,2,1,0,0,13.4,0.9,98.5
2025-12-09,R22,2,3,2,0,0,25.9,1.8,98.5
2025-12-10,R22,1,1,1,0,0,8.8,0.0,77.7
2025-12-11,R22,3,2,3,0,1,16.6,0.0,40.7
2025-12-12,R22,1,1,1,0,0,3.0,0.0,22.1
2025-12-15,R22,2,1,2,0,1,7.2,0.0,26.5
2025-12-16,R22,2,2,2,0,0,19.5,0.0,71.7
2025-12-17,R22,1,2,1,0,0,15.9,3.4,100.0
2025-12-18,R22,2,2,2,0,0,15.7,0.0,70.2
2025-12-19,R22,2,1,2,0,1,5.4,0.0,19.9
2025-12-22,R22,2,1,2,0,1,4.5,0.0,16.5
2025-12-23,R22,2,2,2,0,0,13.9,0.0,51.1
2025-12-24,R22,1,1,1,0,0,7.5,0.0,55.1
2025-12-29,R22,1,2,1,0,0,12.6,0.1,92.6
2025-12-30,R22,2,2,2,0,0,13.5,0.0,50.0
2025-12-31,R22,1,1,1,0,0,5.0,0.0,36.8
2026-01-02,R22,1,1,1,0,0,2.5,0.0,18.4
2026-01-05,R22,2,1,2,0,1,4.5,0.0,16.5
2026-01-07,R22,1,2,1,0,0,12.7,0.2,93.4
2026-01-08,R22,2,2,2,0,0,20.8,0.0,77.2
2026-01-09,R22,0,1,0,1,0,7.2,0.0,52.9
2026-01-12,R22,1,1,1,0,0,3.2,0.0,23.5
2026-01-13,R22,2,2,2,0,0,15.8,0.0,58.1
2026-01-14,R22,1,1,1,0,0,7.4,0.0,54.4
2026-01-15,R22,2,1,2,0,1,12.0,0.0,44.1
2026-01-16,R22,1,1,1,0,0,8.3,0.0,61.0
2026-01-19,R22,1,1,1,0,0,9.6,0.0,70.6
2026-01-20,R22,2,2,2,0,0,19.8,0.0,72.8
2026-01-21,R22,1,1,1,0,0,5.1,0.0,37.5
2026-01-22,R22,1,2,1,0,0,16.1,3.6,100.0
2026-01-23,R22,1,2,1,0,0,9.5,0.6,96.2
2026-01-26,R22,2,1,2,0,1,10.5,0.0,38.6
2026-01-27,R22,2,2,2,0,0,17.4,0.0,64.0
2026-01-28,R22,1,1,1,0,0,11.2,0.0,82.4
2026-01-29,R22,1,2,1,1,0,17.8,0.0,65.4
2026-01-30,R22,1,1,1,0,0,9.8,0.0,72.1
2026-02-02,R22,1,1,1,0,0,11.0,0.0,80.9
2026-02-03,R22,2,2,2,0,0,18.9,0.0,69.5
2026-02-04,R22,1,1,1,0,0,9.1,0.0,66.9
2026-02-05,R22,2,1,2,0,1,11.0,0.0,40.4
2026-02-06,R22,1,1,1,0,0,6.5,0.0,47.8
2026-02-09,R22,1,1,1,0,0,6.0,0.0,44.1
2026-02-10,R22,2,3,2,0,0,27.5,2.5,100.0
2026-02-11,R22,1,1,1,0,0,8.6,0.0,81.4
2026-02-12,R22,2,1,2,0,1,11.2,0.0,41.2
2026-02-13,R22,1,1,1,0,0,4.3,0.0,31.6
2026-02-16,R22,1,2,1,0,0,16.4,3.9,100.0
2026-02-17,R22,2,3,2,0,0,23.0,1.9,98.9
2026-02-18,R22,1,1,1,0,0,9.3,0.0,82.1
2026-02-19,R22,2,3,2,0,0,25.2,0.2,92.6
2026-02-20,R22,1,2,1,0,0,13.7,1.4,100.0
2026-02-23,R22,1,2,1,0,0,16.6,5.5,100.0
2026-02-24,R22,3,2,3,0,1,14.1,0.0,47.9
2026-02-25,R22,1,1,1,0,0,10.4,0.0,76.5
2026-02-26,R22,2,2,2,0,0,21.7,0.0,79.8
2026-02-27,R22,1,1,1,0,0,6.0,0.0,44.1
2026-03-02,R22,3,1,3,0,2,9.9,0.0,24.3
2026-03-03,R22,2,2,2,0,0,18.2,0.0,66.9
2026-03-04,R22,1,1,1,0,0,10.1,0.0,74.3
2026-03-05,R22,2,3,2,0,0,26.9,1.9,98.9
2026-03-06,R22,1,1,1,0,0,10.4,0.0,90.3
2026-03-09,R22,1,1,1,0,0,8.0,0.0,58.8
2026-03-10,R22,2,3,2,0,0,28.6,3.6,100.0
2026-03-11,R22,1,2,1,0,0,9.3,0.4,94.7
2026-03-12,R22,2,3,2,1,0,30.7,0.0,76.1
2026-03-13,R22,1,2,1,0,0,13.2,0.7,97.1
2026-03-16,R22,2,1,2,0,1,9.1,0.0,33.5
2026-03-17,R22,2,3,2,0,0,25.6,0.6,94.1
2026-03-18,R22,2,2,2,0,0,14.0,0.0,53.6
2026-03-19,R22,2,3,2,0,0,31.4,6.4,100.0
2026-03-20,R22,1,2,1,0,0,7.4,1.3,100.0
2026-03-23,R22,2,2,2,0,0,13.3,0.0,48.9
2026-03-24,R22,2,2,2,0,0,23.7,0.0,87.1
2026-03-25,R22,2,1,2,0,1,7.8,0.0,28.7
2026-03-26,R22,3,2,3,0,1,17.4,0.0,42.6
2026-03-27,R22,2,1,2,0,1,7.5,0.0,27.6
2026-03-30,R22,2,1,2,0,1,9.6,0.0,35.3
2026-03-31,R22,3,2,3,0,1,19.3,0.0,47.3
2026-04-01,R22,1,1,1,0,0,5.9,0.0,43.4
2026-04-02,R22,2,2,2,0,0,17.0,0.0,62.5
2026-04-07,R22,2,2,2,0,0,24.2,0.0,89.0
2026-04-08,R22,1,2,1,0,0,13.3,0.8,97.8
2026-04-09,R22,2,2,2,0,0,23.6,0.0,89.7
2026-04-10,R22,1,1,1,0,0,9.1,0.0,66.9
2026-04-13,R22,2,1,2,0,1,7.2,0.0,26.5
2026-04-14,R22,2,3,2,0,0,31.9,6.9,100.0
2026-04-15,R22,1,2,1,1,0,11.0,0.0,65.7
2026-04-16,R22,2,2,2,0,0,13.4,0.0,49.3
2026-04-17,R22,1,2,1,0,0,14.6,2.1,100.0
2026-04-20,R22,2,2,2,0,0,11.4,0.0,41.9
2026-04-21,R22,3,2,3,0,1,19.5,0.0,47.8
2026-04-22,R22,1,1,1,0,0,7.8,0.0,57.4
2026-04-23,R22,2,1,2,0,1,3.0,0.0,11.0
2026-04-24,R22,1,2,1,0,0,14.8,2.3,100.0
2026-04-27,R22,1,2,1,0,0,11.6,1.4,85.3
2026-04-28,R22,3,3,3,0,0,24.7,0.0,63.9
2026-04-29,R22,1,1,1,0,0,5.2,0.0,38.2
2026-04-30,R22,1,3,1,1,0,27.0,2.0,99.3
2026-05-04,R22,2,1,2,0,1,3.4,0.0,12.5
2026-05-05,R22,3,2,3,0,1,22.7,0.0,55.6
2026-05-06,R22,1,1,1,0,0,4.4,0.0,32.4
2026-05-07,R22,3,2,3,0,1,23.1,0.0,56.6
2026-05-08,R22,2,2,2,0,0,13.0,0.0,47.8
2026-05-11,R22,2,1,2,0,1,9.4,0.0,34.6
2026-05-12,R22,2,2,2,0,0,20.8,0.0,76.5
2026-05-13,R22,1,1,1,0,0,12.3,0.0,90.4
2026-05-15,R22,1,1,1,0,0,7.1,0.0,52.2
2026-05-18,R22,1,1,1,0,0,12.5,0.0,91.9
2026-05-19,R22,2,2,2,0,0,13.4,0.0,49.3
2026-05-20,R22,1,1,1,0,0,12.5,0.0,91.9
2026-05-21,R22,2,2,2,0,0,21.1,0.0,77.6
2026-05-22,R22,1,1,1,0,0,7.3,0.0,53.7
2026-05-26,R22,2,4,2,1,0,39.7,2.2,97.3
2026-05-27,R22,1,1,1,0,0,7.2,0.0,68.9
2026-05-28,R22,2,3,2,0,0,27.6,2.6,100.0
2026-05-29,R22,1,2,1,0,0,13.5,3.6,100.0
2026-06-01,R22,2,2,2,0,0,18.2,0.0,66.9
2026-06-02,R22,4,2,4,0,2,24.8,0.0,45.6
2026-06-03,R22,1,2,1,1,0,18.5,0.0,68.0
2026-06-05,R22,2,1,2,0,1,6.4,0.0,23.5
2026-06-08,R22,2,2,2,0,0,18.7,0.0,68.8
2026-06-09,R22,4,3,4,0,1,27.9,0.0,51.3
2026-06-10,R22,2,2,2,0,0,14.2,0.0,52.2
2026-06-11,R22,3,3,3,0,0,33.5,0.0,82.1
2026-06-12,R22,1,1,1,0,0,8.8,0.0,64.7
2026-06-15,R22,2,2,2,0,0,22.7,0.0,83.5
2026-06-16,R22,2,2,2,0,0,21.9,0.0,80.5
2026-06-17,R22,2,1,2,0,1,11.2,0.0,41.2
2026-06-18,R22,2,3,2,0,0,26.8,1.8,98.5
2026-06-19,R22,1,1,1,0,0,6.8,0.0,63.1
2026-06-22,R22,2,1,2,0,1,9.8,0.0,36.0
2026-06-23,R22,2,3,2,0,0,28.6,3.6,100.0
2026-06-24,R22,2,2,2,0,0,16.1,0.0,72.3
2026-06-25,R22,3,2,3,0,1,17.7,0.0,43.4
2026-06-26,R22,1,1,1,0,0,7.4,0.0,54.4
2026-06-29,R22,2,2,2,0,0,17.5,0.0,64.3
2026-06-30,R22,3,3,3,0,0,27.4,0.0,67.2
2026-07-01,R22,2,1,2,0,1,11.9,0.0,43.8
2026-07-02,R22,2,3,2,0,0,27.0,2.0,99.3
2026-07-03,R22,1,1,1,0,0,8.7,0.0,78.5
2026-07-06,R22,2,2,2,0,0,15.4,0.0,56.6
2026-07-07,R22,2,2,2,0,0,24.5,0.0,90.1
2026-07-08,R22,1,1,1,0,0,11.4,0.0,83.8
2026-07-09,R22,2,3,2,0,0,33.2,8.2,100.0
2026-07-10,R22,0,2,0,2,0,11.1,0.0,70.9
2026-07-13,R22,2,1,2,0,1,7.6,0.0,27.9
2026-07-14,R22,3,2,3,0,1,23.7,0.0,58.1
2026-07-15,R22,1,2,1,0,0,14.0,1.5,100.0
2026-07-16,R22,4,2,4,0,2,19.1,0.0,37.8
2026-07-17,R22,2,2,2,0,0,17.1,0.0,62.9
2026-07-20,R22,2,1,2,0,1,9.6,0.0,35.3
2026-07-21,R22,2,2,2,0,0,12.9,0.0,47.4
2026-07-22,R22,1,1,1,0,0,2.0,0.0,14.7
2026-07-23,R22,2,3,2,0,0,25.9,0.9,95.2
2026-07-24,R22,1,1,1,0,0,7.1,0.0,58.6
2026-07-27,R22,1,1,1,0,0,8.8,0.0,64.7
2026-07-28,R22,2,2,2,0,0,24.3,0.0,89.3
2026-07-29,R22,1,1,1,0,0,8.1,0.0,59.6
2026-07-30,R22,2,3,2,0,0,29.1,4.1,100.0
2026-07-31,R22,1,1,1,0,0,5.9,0.0,73.4
2026-08-03,R22,1,2,1,0,0,13.8,1.3,100.0
2026-08-04,R22,3,2,3,0,1,19.3,0.0,50.5
2026-08-05,R22,1,1,1,0,0,9.8,0.0,72.1
2026-08-06,R22,2,1,2,0,1,10.7,0.0,39.3
2026-08-07,R22,1,1,1,0,0,11.0,0.0,80.9
2026-08-10,R22,1,1,1,0,0,5.7,0.0,41.9
2026-08-11,R22,3,2,3,0,1,24.1,0.0,59.1
2026-08-12,R22,1,1,1,0,0,8.7,0.0,64.0
2026-08-13,R22,2,2,2,0,0,22.3,0.0,82.0
2026-08-14,R22,1,1,1,0,0,8.8,0.0,64.7
2026-08-17,R22,1,2,1,0,0,14.4,1.9,100.0
2026-08-18,R22,2,3,2,0,0,24.8,1.7,98.1
2026-08-19,R22,1,1,1,0,0,7.1,0.0,64.4
2026-08-20,R22,2,2,2,0,0,14.2,0.0,52.2
2026-08-21,R22,1,1,1,0,0,10.7,0.0,78.7
2026-08-24,R22,2,1,2,0,1,10.8,0.0,39.7
2026-08-25,R22,3,3,3,0,0,25.8,0.0,63.2
2026-08-26,R22,1,1,1,0,0,8.5,0.0,62.5
2026-08-27,R22,2,2,2,0,0,17.4,0.0,64.0
2026-08-28,R22,1,2,1,0,0,14.4,1.9,100.0
2026-08-31,R22,2,1,2,0,1,8.4,0.0,30.9
2024-01-02,R23,2,2,2,0,0,12.9,0.0,47.4
2024-01-03,R23,1,1,1,0,0,12.4,0.0,91.2
2024-01-04,R23,1,1,1,0,0,8.9,0.0,65.4
2024-01-05,R23,1,2,1,0,0,14.6,2.1,100.0
2024-01-08,R23,2,2,2,0,0,17.2,0.0,63.2
2024-01-09,R23,2,1,2,0,1,12.2,0.0,44.9
2024-01-10,R23,1,1,1,0,0,10.0,0.0,73.5
2024-01-11,R23,1,2,1,0,0,16.6,4.1,100.0
2024-01-12,R23,2,2,2,0,0,12.9,0.0,62.5
2024-01-15,R23,2,3,2,1,0,34.3,0.0,84.1
2024-01-16,R23,1,2,1,0,0,15.6,3.1,100.0
2024-01-17,R23,2,2,2,0,0,13.0,0.0,59.1
2024-01-18,R23,1,1,1,0,0,10.2,0.0,75.0
2024-01-19,R23,2,1,2,0,1,8.9,0.0,32.7
2024-01-22,R23,3,2,3,0,1,13.2,0.0,32.4
2024-01-23,R23,2,1,2,0,1,10.5,0.0,38.6
2024-01-24,R23,1,2,1,0,0,14.4,1.9,100.0
2024-01-25,R23,1,2,1,0,0,14.3,3.7,100.0
2024-01-26,R23,1,2,1,0,0,10.7,1.9,100.0
2024-01-29,R23,3,2,3,0,1,12.1,0.0,29.7
2024-01-30,R23,1,2,1,1,0,18.5,0.0,68.0
2024-01-31,R23,2,2,2,0,0,15.2,0.0,55.9
2024-02-01,R23,2,2,2,0,0,13.8,0.0,50.7
2024-02-02,R23,1,1,1,0,0,9.0,0.0,66.2
2024-02-05,R23,3,2,3,0,1,21.7,0.0,53.2
2024-02-06,R23,2,2,2,0,0,17.4,0.0,64.0
2024-02-07,R23,1,2,1,1,0,23.4,0.0,86.0
2024-02-08,R23,2,1,2,0,1,9.4,0.0,34.6
2024-02-09,R23,2,1,2,0,1,11.1,0.0,40.8
2024-02-12,R23,3,2,3,0,1,17.3,0.0,42.4
2024-02-13,R23,2,2,2,0,0,16.5,0.0,60.7
2024-02-14,R23,2,2,2,0,0,15.2,0.0,55.9
2024-02-15,R23,1,1,1,0,0,7.3,0.0,53.7
2024-02-16,R23,1,1,1,0,0,5.3,0.0,39.0
2024-02-19,R23,2,2,2,0,0,16.8,0.0,61.8
2024-02-20,R23,2,2,2,0,0,13.9,0.0,51.1
2024-02-21,R23,1,1,1,0,0,11.8,0.0,86.8
2024-02-22,R23,1,1,1,0,0,8.4,0.0,61.8
2024-02-23,R23,1,2,1,0,0,13.0,0.5,95.6
2024-02-26,R23,2,1,2,0,1,9.7,0.0,35.7
2024-02-27,R23,2,2,2,0,0,14.3,0.0,52.6
2024-02-28,R23,1,3,1,1,0,25.5,0.5,93.8
2024-02-29,R23,1,1,1,0,0,11.0,0.0,84.4
2024-03-01,R23,1,1,1,0,0,10.2,0.0,75.0
2024-03-04,R23,2,2,2,0,0,16.6,0.0,61.0
2024-03-05,R23,2,2,2,0,0,13.1,0.0,48.2
2024-03-06,R23,2,2,2,0,0,12.7,0.0,46.7
2024-03-07,R23,1,1,1,0,0,11.9,0.0,87.5
2024-03-08,R23,1,1,1,0,0,11.3,0.0,83.1
2024-03-11,R23,2,2,2,0,0,24.7,0.0,90.8
2024-03-12,R23,1,2,1,1,0,24.7,0.0,90.8
2024-03-13,R23,3,3,3,0,0,26.3,0.0,64.5
2024-03-14,R23,1,1,1,0,0,12.1,0.0,89.0
2024-03-15,R23,1,1,1,0,0,11.2,0.0,82.4
2024-03-18,R23,3,1,3,0,2,11.5,0.0,28.2
2024-03-19,R23,2,2,2,0,0,23.5,0.0,86.4
2024-03-20,R23,2,2,2,0,0,18.2,0.0,66.9
2024-03-21,R23,1,1,1,0,0,11.4,0.0,83.8
2024-03-22,R23,1,2,1,0,0,17.0,4.5,100.0
2024-03-25,R23,2,2,2,0,0,13.4,0.0,49.3
2024-03-26,R23,2,2,2,0,0,16.2,0.0,59.6
2024-03-27,R23,2,2,2,0,0,12.8,0.0,47.1
2024-03-28,R23,1,2,1,0,0,16.6,4.1,100.0
2024-04-02,R23,1,2,1,0,0,18.2,9.8,100.0
2024-04-03,R23,2,3,2,0,0,15.8,0.6,94.0
2024-04-04,R23,2,2,2,0,0,16.8,0.0,63.8
2024-04-05,R23,2,1,2,0,1,6.8,0.0,25.0
2024-04-08,R23,3,2,3,0,1,15.9,0.0,39.0
2024-04-09,R23,2,2,2,0,0,20.5,0.0,75.4
2024-04-10,R23,3,2,3,0,1,13.9,0.0,34.1
2024-04-11,R23,2,2,2,0,0,15.1,0.0,55.5
2024-04-12,R23,1,1,1,0,0,9.6,0.0,70.6
2024-04-15,R23,2,2,2,0,0,20.9,0.0,76.8
2024-04-16,R23,2,2,2,0,0,17.9,0.0,65.8
2024-04-17,R23,2,1,2,0,1,11.4,0.0,41.9
2024-04-18,R23,2,2,2,0,0,12.7,0.0,46.7
2024-04-19,R23,1,1,1,0,0,11.1,0.0,81.6
2024-04-22,R23,2,2,2,0,0,16.2,0.0,59.6
2024-04-23,R23,1,1,1,0,0,10.6,0.0,77.9
2024-04-24,R23,1,2,1,1,0,18.6,0.0,68.4
2024-04-25,R23,2,1,2,0,1,8.2,0.0,30.1
2024-04-26,R23,1,2,1,0,0,15.6,3.1,100.0
2024-04-29,R23,2,2,2,0,0,14.7,0.0,54.0
2024-04-30,R23,1,2,1,1,0,19.9,0.0,73.2
2024-05-02,R23,1,2,1,0,0,12.9,0.4,94.9
2024-05-03,R23,1,2,1,1,0,17.4,0.0,65.4
2024-05-06,R23,3,2,3,0,1,20.9,0.0,51.2
2024-05-07,R23,2,2,2,0,0,22.5,0.0,82.7
2024-05-08,R23,1,2,1,0,0,17.3,4.8,100.0
2024-05-10,R23,1,2,1,0,0,9.6,1.9,70.6
2024-05-13,R23,2,2,2,0,0,20.0,0.0,73.5
2024-05-14,R23,1,2,1,0,0,12.6,0.1,92.6
2024-05-15,R23,2,2,2,0,0,16.0,0.0,59.1
2024-05-16,R23,3,1,3,0,2,11.0,0.0,27.0
2024-05-17,R23,1,1,1,0,0,10.3,0.0,75.7
2024-05-21,R23,2,1,2,0,1,11.6,0.0,42.6
2024-05-22,R23,2,1,2,0,1,12.2,0.0,44.9
2024-05-23,R23,1,1,1,0,0,10.8,0.0,79.4
2024-05-24,R23,1,1,1,0,0,8.0,0.0,58.8
2024-05-27,R23,3,2,3,0,1,21.9,0.0,53.7
2024-05-28,R23,2,2,2,0,0,16.4,0.0,60.3
2024-05-29,R23,1,2,1,1,0,17.6,0.0,64.7
2024-05-31,R23,1,1,1,0,0,6.7,0.0,49.3
2024-06-03,R23,2,2,2,0,0,19.2,0.0,70.6
2024-06-04,R23,2,2,2,0,0,18.4,0.0,67.6
2024-06-05,R23,1,2,1,1,0,19.6,0.0,72.1
2024-06-06,R23,1,2,1,0,0,13.7,1.2,100.0
2024-06-07,R23,1,2,1,0,0,12.0,0.7,97.0
2024-06-10,R23,3,1,3,0,2,11.6,0.0,28.4
2024-06-11,R23,2,1,2,0,1,9.4,0.0,34.6
2024-06-12,R23,2,2,2,0,0,19.4,0.0,71.3
2024-06-13,R23,2,1,2,0,1,7.5,0.0,27.6
2024-06-14,R23,1,1,1,0,0,11.8,0.0,86.8
2024-06-17,R23,2,2,2,0,0,23.4,0.0,86.0
2024-06-18,R23,1,2,1,1,0,19.8,0.0,72.8
2024-06-19,R23,2,1,2,0,1,12.1,0.0,44.5
2024-06-20,R23,1,2,1,0,0,16.4,3.9,100.0
2024-06-21,R23,1,2,1,0,0,10.9,2.3,100.0
2024-06-24,R23,2,2,2,0,0,15.2,0.0,55.9
2024-06-25,R23,2,1,2,0,1,11.4,0.0,41.9
2024-06-26,R23,1,2,1,1,0,23.3,0.0,85.7
2024-06-27,R23,2,1,2,0,1,8.5,0.0,31.2
2024-06-28,R23,1,1,1,0,0,8.3,0.0,61.0
2024-07-01,R23,2,2,2,0,0,12.8,0.0,47.1
2024-07-02,R23,1,2,1,0,0,13.5,1.0,99.3
2024-07-03,R23,2,2,2,0,0,12.2,0.0,48.5
2024-07-04,R23,1,2,1,0,0,13.5,1.0,99.3
2024-07-05,R23,1,1,1,0,0,7.8,0.0,64.6
2024-07-08,R23,3,2,3,0,1,19.0,0.0,46.6
2024-07-09,R23,2,2,2,0,0,13.9,0.0,51.1
2024-07-10,R23,2,2,2,0,0,22.0,0.0,80.9
2024-07-11,R23,2,2,2,0,0,15.3,0.0,56.2
2024-07-12,R23,1,1,1,0,0,7.7,0.0,56.6
2024-07-15,R23,2,1,2,0,1,9.7,0.0,35.7
2024-07-16,R23,2,1,2,0,1,10.5,0.0,38.6
2024-07-17,R23,2,2,2,0,0,22.6,0.0,83.1
2024-07-18,R23,2,2,2,0,0,22.9,0.0,84.2
2024-07-19,R23,0,1,0,1,0,7.3,0.0,53.7
2024-07-22,R23,2,2,2,0,0,13.0,0.0,47.8
2024-07-23,R23,1,1,1,0,0,9.9,0.0,72.8
2024-07-24,R23,2,2,2,0,0,14.6,0.0,53.7
2024-07-25,R23,2,2,2,0,0,14.4,0.0,52.9
2024-07-26,R23,1,1,1,0,0,11.0,0.0,80.9
2024-07-29,R23,2,2,2,0,0,15.6,0.0,57.4
2024-07-30,R23,1,1,1,0,0,9.0,0.0,66.2
2024-07-31,R23,2,2,2,0,0,12.7,0.0,46.7
2024-08-01,R23,2,1,2,0,1,4.6,0.0,16.9
2024-08-02,R23,1,1,1,0,0,7.0,0.0,51.5
2024-08-05,R23,2,1,2,0,1,6.4,0.0,23.5
2024-08-06,R23,2,1,2,0,1,8.5,0.0,31.2
2024-08-07,R23,2,1,2,0,1,4.3,0.0,15.8
2024-08-08,R23,2,1,2,0,1,5.0,0.0,18.4
2024-08-09,R23,2,1,2,0,1,3.0,0.0,11.0
2024-08-12,R23,2,1,2,0,1,3.6,0.0,13.2
2024-08-13,R23,1,1,1,0,0,4.8,0.0,35.3
2024-08-14,R23,2,1,2,0,1,2.9,0.0,10.7
2024-08-15,R23,1,1,1,0,0,6.7,0.0,49.3
2024-08-16,R23,1,1,1,0,0,1.3,0.0,9.6
2024-08-19,R23,2,1,2,0,1,8.5,0.0,31.2
2024-08-20,R23,1,1,1,0,0,8.1,0.0,59.6
2024-08-21,R23,1,1,1,0,0,8.7,0.0,64.0
2024-08-22,R23,1,1,1,0,0,12.0,0.0,88.2
2024-08-23,R23,1,1,1,0,0,12.5,0.0,91.9
2024-08-26,R23,1,1,1,0,0,12.5,0.0,91.9
2024-08-27,R23,1,1,1,0,0,12.1,0.0,89.0
2024-08-28,R23,1,2,1,1,0,19.4,0.0,71.3
2024-08-29,R23,1,2,1,0,0,12.6,0.1,92.6
2024-08-30,R23,2,2,2,0,0,14.2,0.0,52.5
2024-09-02,R23,1,2,1,0,0,16.2,3.7,100.0
2024-09-03,R23,1,2,1,1,0,15.9,0.0,72.0
2024-09-04,R23,1,2,1,0,0,13.2,0.7,97.1
2024-09-05,R23,1,1,1,0,0,9.2,0.0,72.7
2024-09-06,R23,1,1,1,0,0,9.3,0.0,68.4
2024-09-09,R23,1,2,1,0,0,17.3,4.8,100.0
2024-09-10,R23,1,2,1,1,0,16.4,0.0,77.9
2024-09-11,R23,2,2,2,0,0,12.7,0.0,46.7
2024-09-12,R23,1,1,1,0,0,9.8,0.0,72.1
2024-09-13,R23,1,1,1,0,0,10.7,0.0,78.7
2024-09-16,R23,3,2,3,0,1,18.1,0.0,44.4
2024-09-17,R23,2,1,2,0,1,11.8,0.0,43.4
2024-09-18,R23,2,2,2,0,0,18.5,0.0,68.0
2024-09-19,R23,1,2,1,0,0,13.9,1.4,100.0
2024-09-20,R23,2,1,2,0,1,10.6,0.0,44.1
2024-09-23,R23,3,2,3,0,1,15.5,0.0,38.0
2024-09-24,R23,2,2,2,0,0,21.9,0.0,80.5
2024-09-25,R23,2,2,2,0,0,20.0,0.0,73.5
2024-09-26,R23,1,2,1,0,0,16.5,4.0,100.0
2024-09-27,R23,1,2,1,0,0,20.0,11.5,100.0
2024-09-30,R23,2,3,2,0,0,18.4,4.9,67.6
2024-10-01,R23,2,2,2,0,0,13.4,0.0,67.1
2024-10-02,R23,1,2,1,0,0,15.1,2.6,100.0
2024-10-04,R23,2,1,2,0,1,2.5,0.0,9.2
2024-10-07,R23,3,1,3,0,2,8.4,0.0,20.6
2024-10-08,R23,1,1,1,0,0,12.4,0.0,91.2
2024-10-09,R23,2,2,2,0,0,13.4,0.0,49.3
2024-10-10,R23,2,2,2,0,0,19.0,0.0,69.9
2024-10-11,R23,2,2,2,0,0,17.2,0.0,63.2
2024-10-14,R23,2,2,2,0,0,13.4,0.0,49.3
2024-10-15,R23,2,2,2,0,0,14.3,0.0,52.6
2024-10-16,R23,2,2,2,0,0,19.4,0.0,71.3
2024-10-17,R23,2,2,2,0,0,15.1,0.0,55.5
2024-10-18,R23,1,1,1,0,0,5.2,0.0,38.2
2024-10-21,R23,2,2,2,0,0,15.2,0.0,55.9
2024-10-22,R23,2,2,2,0,0,14.3,0.0,52.6
2024-10-23,R23,2,2,2,0,0,14.8,0.0,54.4
2024-10-24,R23,2,2,2,0,0,16.9,0.0,62.1
2024-10-25,R23,1,1,1,0,0,5.8,0.0,42.6
2024-10-28,R23,2,2,2,0,0,16.5,0.0,60.7
2024-10-29,R23,2,2,2,0,0,17.1,0.0,62.9
2024-10-30,R23,2,2,2,0,0,17.8,0.0,65.4
2024-10-31,R23,2,2,2,0,0,20.2,0.0,74.3
2024-11-04,R23,3,2,3,0,1,15.8,0.0,38.7
2024-11-05,R23,3,2,3,0,1,17.0,0.0,41.7
2024-11-06,R23,2,1,2,0,1,10.4,0.0,38.2
2024-11-07,R23,1,1,1,0,0,9.7,0.0,71.3
2024-11-08,R23,1,1,1,0,0,5.0,0.0,36.8
2024-11-11,R23,2,2,2,0,0,16.1,0.0,59.2
2024-11-12,R23,2,1,2,0,1,9.6,0.0,35.3
2024-11-13,R23,2,1,2,0,1,11.8,0.0,43.4
2024-11-14,R23,2,1,2,0,1,10.6,0.0,39.0
2024-11-15,R23,2,2,2,0,0,15.5,0.0,57.0
2024-11-18,R23,3,2,3,0,1,17.6,0.0,43.1
2024-11-19,R23,1,2,1,0,0,16.6,4.1,100.0
2024-11-20,R23,1,2,1,0,0,12.0,3.6,100.0
2024-11-21,R23,1,2,1,1,0,14.9,0.0,67.9
2024-11-22,R23,1,1,1,0,0,7.8,0.0,57.4
2024-11-25,R23,2,2,2,0,0,20.7,0.0,76.1
2024-11-26,R23,2,1,2,0,1,11.3,0.0,41.5
2024-11-27,R23,2,2,2,0,0,18.6,0.0,68.4
2024-11-28,R23,1,2,1,0,0,16.8,4.3,100.0
2024-11-29,R23,1,2,1,0,0,9.5,1.3,100.0
2024-12-02,R23,2,2,2,0,0,21.6,0.0,79.4
2024-12-03,R23,1,1,1,0,0,9.0,0.0,66.2
2024-12-04,R23,2,1,2,0,1,10.2,0.0,37.5
2024-12-05,R23,2,1,2,0,1,11.2,0.0,41.2
2024-12-06,R23,1,2,1,1,0,20.1,0.0,73.9
2024-12-09,R23,2,2,2,0,0,15.7,0.0,57.7
2024-12-10,R23,1,1,1,0,0,7.8,0.0,57.4
2024-12-11,R23,2,1,2,0,1,8.8,0.0,32.4
2024-12-12,R23,1,1,1,0,0,11.2,0.0,82.4
2024-12-13,R23,2,2,2,0,0,12.8,0.0,47.1
2024-12-16,R23,3,2,3,0,1,13.3,0.0,32.6
2024-12-17,R23,1,1,1,0,0,8.5,0.0,62.5
2024-12-18,R23,1,2,1,0,0,16.5,4.0,100.0
2024-12-19,R23,1,1,1,0,0,8.5,0.0,91.8
2024-12-20,R23,1,2,1,0,0,14.3,1.8,100.0
2024-12-23,R23,3,1,3,0,2,8.3,0.0,20.3
2024-12-24,R23,1,1,1,0,0,11.1,0.0,81.6
2024-12-27,R23,2,1,2,0,1,2.9,0.0,10.7
2024-12-30,R23,2,1,2,0,1,10.6,0.0,39.0
2024-12-31,R23,1,1,1,0,0,8.4,0.0,61.8
2025-01-02,R23,1,1,1,0,0,9.6,0.0,70.6
2025-01-03,R23,1,1,1,0,0,6.9,0.0,50.7
2025-01-07,R23,1,2,1,0,0,13.7,1.2,100.0
2025-01-08,R23,1,2,1,0,0,14.9,3.6,100.0
2025-01-09,R23,1,2,1,1,0,14.0,0.0,64.6
2025-01-10,R23,1,1,1,0,0,10.4,0.0,76.5
2025-01-13,R23,3,2,3,0,1,23.2,0.0,56.9
2025-01-14,R23,1,1,1,0,0,12.5,0.0,91.9
2025-01-15,R23,2,2,2,0,0,16.1,0.0,59.2
2025-01-16,R23,1,2,1,1,0,20.7,0.0,76.1
2025-01-17,R23,1,1,1,0,0,9.1,0.0,66.9
2025-01-20,R23,2,2,2,0,0,24.4,0.0,89.7
2025-01-21,R23,2,1,2,0,1,12.0,0.0,44.1
2025-01-22,R23,2,2,2,0,0,15.7,0.0,57.7
2025-01-23,R23,2,2,2,0,0,15.4,0.0,56.6
2025-01-24,R23,1,1,1,0,0,7.6,0.0,55.9
2025-01-27,R23,2,2,2,0,0,13.3,0.0,48.9
2025-01-28,R23,1,2,1,1,0,18.3,0.0,67.3
2025-01-29,R23,2,2,2,0,0,15.0,0.0,55.1
2025-01-30,R23,2,1,2,0,1,11.7,0.0,43.0
2025-01-31,R23,1,2,1,0,0,13.6,1.1,100.0
2025-02-03,R23,2,2,2,0,0,19.8,0.0,72.8
2025-02-04,R23,2,2,2,0,0,17.2,0.0,63.2
2025-02-05,R23,2,1,2,0,1,11.6,0.0,42.6
2025-02-06,R23,1,2,1,0,0,14.3,1.8,100.0
2025-02-07,R23,1,2,1,1,0,16.6,0.0,67.6
2025-02-10,R23,2,2,2,0,0,17.6,0.0,64.7
2025-02-11,R23,2,1,2,0,1,6.8,0.0,25.0
2025-02-12,R23,2,2,2,0,0,17.2,0.0,63.2
2025-02-13,R23,1,2,1,1,0,18.5,0.0,68.0
2025-02-14,R23,1,2,1,0,0,13.6,1.1,100.0
2025-02-17,R23,2,2,2,0,0,13.1,0.0,48.2
2025-02-18,R23,2,2,2,0,0,17.9,0.0,65.8
2025-02-19,R23,2,2,2,0,0,24.6,0.0,90.4
2025-02-20,R23,2,2,2,0,0,13.0,0.0,47.8
2025-02-21,R23,1,1,1,0,0,10.3,0.0,75.7
2025-02-24,R23,2,2,2,0,0,19.1,0.0,70.2
2025-02-25,R23,1,1,1,0,0,8.0,0.0,58.8
2025-02-26,R23,3,1,3,0,2,10.7,0.0,26.2
2025-02-27,R23,2,1,2,0,1,10.3,0.0,37.9
2025-02-28,R23,1,1,1,0,0,10.5,0.0,77.2
2025-03-03,R23,1,2,1,1,0,21.5,0.0,79.0
2025-03-04,R23,2,2,2,0,0,13.1,0.0,48.2
2025-03-05,R23,1,2,1,0,0,16.7,4.2,100.0
2025-03-06,R23,2,2,2,0,0,8.7,0.0,47.4
2025-03-07,R23,2,1,2,0,1,11.6,0.0,42.6
2025-03-10,R23,2,2,2,0,0,20.1,0.0,73.9
2025-03-11,R23,2,2,2,0,0,13.1,0.0,48.2
2025-03-12,R23,2,1,2,0,1,12.4,0.0,45.6
2025-03-13,R23,1,1,1,0,0,9.1,0.0,66.9
2025-03-14,R23,1,2,1,0,0,15.4,2.9,100.0
2025-03-17,R23,2,2,2,0,0,11.6,0.0,42.6
2025-03-18,R23,2,2,2,0,0,15.3,0.0,56.2
2025-03-19,R23,1,2,1,0,0,15.2,2.7,100.0
2025-03-20,R23,2,2,2,0,0,14.0,0.0,61.4
2025-03-21,R23,1,1,1,0,0,9.4,0.0,69.1
2025-03-24,R23,2,2,2,0,0,17.9,0.0,65.8
2025-03-25,R23,2,1,2,0,1,10.4,0.0,38.2
2025-03-26,R23,2,2,2,0,0,20.0,0.0,73.5
2025-03-27,R23,2,1,2,0,1,10.9,0.0,40.1
2025-03-28,R23,1,2,1,1,0,17.7,0.0,65.1
2025-03-31,R23,2,2,2,0,0,22.8,0.0,83.8
2025-04-01,R23,1,2,1,1,0,20.9,0.0,76.8
2025-04-02,R23,2,2,2,0,0,17.6,0.0,64.7
2025-04-03,R23,1,2,1,1,0,18.6,0.0,68.4
2025-04-04,R23,1,1,1,0,0,8.0,0.0,58.8
2025-04-07,R23,2,1,2,0,1,11.1,0.0,40.8
2025-04-08,R23,2,2,2,0,0,18.9,0.0,69.5
2025-04-09,R23,2,2,2,0,0,15.5,0.0,57.0
2025-04-10,R23,1,1,1,0,0,9.9,0.0,72.8
2025-04-11,R23,1,2,1,0,0,15.6,3.1,100.0
2025-04-14,R23,2,2,2,0,0,11.3,0.0,41.5
2025-04-15,R23,2,2,2,0,0,13.6,0.0,50.0
2025-04-16,R23,2,2,2,0,0,22.1,0.0,81.2
2025-04-17,R23,2,2,2,0,0,12.6,0.0,46.3
2025-04-22,R23,2,2,2,0,0,18.1,0.0,66.5
2025-04-23,R23,2,2,2,0,0,14.9,0.0,54.8
2025-04-24,R23,1,2,1,0,0,18.2,5.7,100.0
2025-04-25,R23,2,2,2,0,0,11.7,0.0,63.9
2025-04-28,R23,2,2,2,0,0,13.7,0.0,50.4
2025-04-29,R23,2,2,2,0,0,19.1,0.0,70.2
2025-04-30,R23,1,2,1,0,0,15.3,2.8,100.0
2025-05-02,R23,2,1,2,0,1,7.7,0.0,28.3
2025-05-05,R23,3,2,3,0,1,18.5,0.0,45.3
2025-05-06,R23,2,2,2,0,0,20.9,0.0,76.8
2025-05-07,R23,2,1,2,0,1,10.4,0.0,38.2
2025-05-08,R23,2,2,2,0,0,13.3,0.0,48.9
2025-05-09,R23,2,1,2,0,1,7.6,0.0,27.9
2025-05-12,R23,3,2,3,0,1,23.2,0.0,56.9
2025-05-13,R23,2,2,2,0,0,16.7,0.0,61.4
2025-05-14,R23,1,2,1,1,0,20.1,0.0,73.9
2025-05-15,R23,2,1,2,0,1,10.4,0.0,38.2
2025-05-16,R23,1,1,1,0,0,9.1,0.0,66.9
2025-05-19,R23,3,1,3,0,2,11.8,0.0,28.9
2025-05-20,R23,2,2,2,0,0,14.1,0.0,51.8
2025-05-21,R23,1,2,1,0,0,15.0,2.5,100.0
2025-05-22,R23,1,2,1,0,0,13.6,3.6,100.0
2025-05-23,R23,1,2,1,0,0,10.3,1.4,100.0
2025-05-26,R23,3,3,3,0,0,25.1,0.0,61.5
2025-05-27,R23,2,2,2,0,0,14.4,0.0,52.9
2025-05-28,R23,2,2,2,0,0,18.0,0.0,66.2
2025-05-30,R23,1,1,1,0,0,10.1,0.0,74.3
2025-06-02,R23,3,1,3,0,2,8.6,0.0,21.1
2025-06-03,R23,2,1,2,0,1,11.2,0.0,41.2
2025-06-04,R23,2,2,2,0,0,16.9,0.0,62.1
2025-06-05,R23,2,2,2,0,0,14.5,0.0,53.3
2025-06-06,R23,1,1,1,0,0,11.6,0.0,85.3
2025-06-10,R23,2,2,2,0,0,14.9,0.0,54.8
2025-06-11,R23,2,2,2,0,0,19.3,0.0,71.0
2025-06-12,R23,1,1,1,0,0,12.1,0.0,89.0
2025-06-13,R23,1,1,1,0,0,9.7,0.0,71.3
2025-06-16,R23,2,2,2,0,0,15.3,0.0,56.2
2025-06-17,R23,1,1,1,0,0,8.5,0.0,62.5
2025-06-18,R23,1,2,1,0,0,16.4,3.9,100.0
2025-06-20,R23,1,1,1,0,0,4.5,0.0,33.1
2025-06-23,R23,3,1,3,0,2,12.2,0.0,29.9
2025-06-24,R23,1,2,1,0,0,22.2,9.7,100.0
2025-06-25,R23,2,3,2,1,0,23.6,0.0,81.6
2025-06-26,R23,1,2,1,0,0,14.4,1.9,100.0
2025-06-27,R23,1,1,1,0,0,6.0,0.0,58.0
2025-06-30,R23,2,2,2,0,0,18.2,0.0,66.9
2025-07-01,R23,2,1,2,0,1,11.4,0.0,41.9
2025-07-02,R23,2,2,2,0,0,14.0,0.0,51.5
2025-07-03,R23,2,2,2,0,0,14.8,0.0,54.4
2025-07-04,R23,1,1,1,0,0,10.5,0.0,77.2
2025-07-07,R23,2,1,2,0,1,12.4,0.0,45.6
2025-07-08,R23,1,1,1,0,0,12.1,0.0,89.0
2025-07-09,R23,2,2,2,0,0,12.7,0.0,46.7
2025-07-10,R23,2,1,2,0,1,11.7,0.0,43.0
2025-07-11,R23,1,2,1,0,0,15.6,3.1,100.0
2025-07-14,R23,1,2,1,0,0,10.5,1.1,77.2
2025-07-15,R23,1,1,1,0,0,6.4,0.0,55.0
2025-07-16,R23,2,1,2,0,1,5.9,0.0,21.7
2025-07-17,R23,2,1,2,0,1,7.5,0.0,27.6
2025-07-18,R23,1,1,1,0,0,5.7,0.0,41.9
2025-07-21,R23,2,1,2,0,1,12.0,0.0,44.1
2025-07-22,R23,1,1,1,0,0,6.0,0.0,44.1
2025-07-23,R23,1,1,1,0,0,7.4,0.0,54.4
2025-07-24,R23,1,1,1,0,0,8.9,0.0,65.4
2025-07-25,R23,1,1,1,0,0,11.9,0.0,87.5
2025-07-28,R23,2,1,2,0,1,11.5,0.0,42.3
2025-07-29,R23,1,1,1,0,0,10.0,0.0,73.5
2025-07-30,R23,1,1,1,0,0,11.8,0.0,86.8
2025-07-31,R23,1,1,1,0,0,8.5,0.0,62.5
2025-08-01,R23,1,1,1,0,0,6.1,0.0,44.9
2025-08-04,R23,1,1,1,0,0,4.2,0.0,30.9
2025-08-05,R23,1,1,1,0,0,10.9,0.0,80.1
2025-08-06,R23,1,1,1,0,0,2.5,0.0,18.4
2025-08-07,R23,1,1,1,0,0,4.6,0.0,33.8
2025-08-08,R23,1,1,1,0,0,2.2,0.0,16.2
2025-08-11,R23,2,1,2,0,1,2.2,0.0,8.1
2025-08-12,R23,1,1,1,0,0,5.7,0.0,41.9
2025-08-13,R23,1,1,1,0,0,9.6,0.0,70.6
2025-08-14,R23,1,1,1,0,0,4.3,0.0,31.6
2025-08-15,R23,1,1,1,0,0,3.7,0.0,27.2
2025-08-18,R23,1,1,1,0,0,9.5,0.0,69.9
2025-08-19,R23,1,1,1,0,0,5.1,0.0,37.5
2025-08-20,R23,1,1,1,0,0,1.3,0.0,9.6
2025-08-21,R23,1,1,1,0,0,7.7,0.0,56.6
2025-08-22,R23,1,2,1,0,0,13.3,0.8,97.8
2025-08-25,R23,1,1,1,0,0,6.1,0.0,44.9
2025-08-26,R23,1,1,1,0,0,5.2,0.0,38.2
2025-08-27,R23,1,1,1,0,0,10.3,0.0,75.7
2025-08-28,R23,2,1,2,0,1,9.2,0.0,33.8
2025-08-29,R23,2,1,2,0,1,7.8,0.0,28.7
2025-09-01,R23,2,1,2,0,1,4.8,0.0,17.6
2025-09-02,R23,1,1,1,0,0,6.3,0.0,46.3
2025-09-03,R23,1,2,1,0,0,13.1,0.6,96.3
2025-09-04,R23,1,1,1,0,0,9.5,0.0,74.2
2025-09-05,R23,1,1,1,0,0,8.4,0.0,61.8
2025-09-08,R23,2,1,2,0,1,11.1,0.0,40.8
2025-09-09,R23,1,1,1,0,0,6.1,0.0,44.9
2025-09-10,R23,1,1,1,0,0,6.4,0.0,47.1
2025-09-11,R23,1,1,1,0,0,7.5,0.0,55.1
2025-09-12,R23,1,1,1,0,0,6.0,0.0,44.1
2025-09-15,R23,2,1,2,0,1,11.7,0.0,43.0
2025-09-16,R23,1,1,1,0,0,9.4,0.0,69.1
2025-09-17,R23,2,1,2,0,1,7.3,0.0,26.8
2025-09-18,R23,1,1,1,0,0,8.3,0.0,61.0
2025-09-19,R23,1,1,1,0,0,7.9,0.0,58.1
2025-09-22,R23,2,2,2,0,0,14.7,0.0,54.0
2025-09-23,R23,2,1,2,0,1,4.5,0.0,16.5
2025-09-24,R23,1,1,1,0,0,11.4,0.0,83.8
2025-09-25,R23,2,1,2,0,1,10.1,0.0,37.1
2025-09-26,R23,1,1,1,0,0,5.2,0.0,38.2
2025-09-29,R23,2,1,2,0,1,7.9,0.0,29.0
2025-09-30,R23,1,1,1,0,0,7.3,0.0,53.7
2025-10-01,R23,1,2,1,0,0,13.3,0.8,97.8
2025-10-02,R23,1,2,1,0,0,14.2,2.5,100.0
2025-10-06,R23,2,1,2,0,1,4.4,0.0,16.2
2025-10-07,R23,1,1,1,0,0,7.9,0.0,58.1
2025-10-08,R23,1,2,1,0,0,15.1,2.6,100.0
2025-10-09,R23,2,1,2,0,1,8.7,0.0,41.5
2025-10-10,R23,1,1,1,0,0,8.0,0.0,58.8
2025-10-13,R23,2,2,2,0,0,14.8,0.0,54.4
2025-10-14,R23,1,1,1,0,0,7.3,0.0,53.7
2025-10-15,R23,2,2,2,0,0,19.6,0.0,72.1
2025-10-16,R23,2,1,2,0,1,6.3,0.0,23.2
2025-10-17,R23,1,1,1,0,0,5.6,0.0,41.2
2025-10-20,R23,2,1,2,0,1,11.1,0.0,40.8
2025-10-21,R23,1,1,1,0,0,1.8,0.0,13.2
2025-10-22,R23,2,1,2,0,1,11.0,0.0,40.4
2025-10-23,R23,1,1,1,0,0,9.5,0.0,69.9
2025-10-24,R23,1,1,1,0,0,10.0,0.0,73.5
2025-10-27,R23,2,1,2,0,1,9.4,0.0,34.6
2025-10-28,R23,1,2,1,0,0,13.0,0.5,95.6
2025-10-29,R23,2,1,2,0,1,10.4,0.0,40.0
2025-10-30,R23,2,2,2,0,0,15.8,0.0,58.1
2025-10-31,R23,1,1,1,0,0,11.6,0.0,85.3
2025-11-03,R23,2,1,2,0,1,9.8,0.0,36.0
2025-11-04,R23,2,2,2,0,0,14.7,0.0,54.0
2025-11-05,R23,1,1,1,0,0,12.3,0.0,90.4
2025-11-06,R23,2,1,2,0,1,8.7,0.0,32.0
2025-11-07,R23,1,2,1,0,0,15.2,2.7,100.0
2025-11-10,R23,2,2,2,0,0,15.1,0.0,55.5
2025-11-11,R23,2,2,2,0,0,14.1,0.0,51.8
2025-11-12,R23,1,2,1,0,0,18.5,6.0,100.0
2025-11-13,R23,1,2,1,0,0,9.2,2.7,100.0
2025-11-14,R23,1,1,1,0,0,8.6,0.0,82.9
2025-11-17,R23,3,1,3,0,2,11.8,0.0,28.9
2025-11-18,R23,2,1,2,0,1,9.8,0.0,36.0
2025-11-19,R23,1,2,1,0,0,14.6,2.1,100.0
2025-11-20,R23,1,1,1,0,0,9.9,0.0,88.1
2025-11-21,R23,1,1,1,0,0,7.7,0.0,56.6
2025-11-24,R23,2,1,2,0,1,11.6,0.0,42.6
2025-11-25,R23,1,1,1,0,0,8.1,0.0,59.6
2025-11-26,R23,2,1,2,0,1,10.3,0.0,37.9
2025-11-27,R23,2,1,2,0,1,10.8,0.0,39.7
2025-11-28,R23,2,1,2,0,1,5.3,0.0,19.5
2025-12-01,R23,1,2,1,1,0,17.8,0.0,65.4
2025-12-02,R23,1,1,1,0,0,6.6,0.0,48.5
2025-12-03,R23,1,1,1,0,0,12.2,0.0,89.7
2025-12-04,R23,2,1,2,0,1,10.4,0.0,38.2
2025-12-05,R23,1,1,1,0,0,12.3,0.0,90.4
2025-12-08,R23,1,2,1,0,0,15.5,3.0,100.0
2025-12-09,R23,1,1,1,0,0,7.4,0.0,76.4
2025-12-10,R23,1,1,1,0,0,8.5,0.0,62.5
2025-12-11,R23,1,1,1,0,0,5.2,0.0,38.2
2025-12-12,R23,1,1,1,0,0,7.7,0.0,56.6
2025-12-15,R23,2,1,2,0,1,7.2,0.0,26.5
2025-12-16,R23,1,1,1,0,0,12.0,0.0,88.2
2025-12-17,R23,1,2,1,1,0,18.0,0.0,66.2
2025-12-18,R23,1,1,1,0,0,8.6,0.0,63.2
2025-12-19,R23,1,1,1,0,0,6.7,0.0,49.3
2025-12-22,R23,1,1,1,0,0,2.4,0.0,17.6
2025-12-23,R23,1,1,1,0,0,5.2,0.0,38.2
2025-12-24,R23,1,1,1,0,0,5.4,0.0,39.7
2025-12-29,R23,1,1,1,0,0,5.3,0.0,39.0
2025-12-30,R23,1,1,1,0,0,2.6,0.0,19.1
2025-12-31,R23,1,1,1,0,0,8.3,0.0,61.0
2026-01-02,R23,1,1,1,0,0,3.3,0.0,24.3
2026-01-05,R23,1,1,1,0,0,5.8,0.0,42.6
2026-01-07,R23,1,2,1,0,0,15.8,3.3,100.0
2026-01-08,R23,2,2,2,0,0,12.5,0.0,58.0
2026-01-09,R23,2,1,2,0,1,4.7,0.0,17.3
2026-01-12,R23,1,1,1,0,0,10.4,0.0,76.5
2026-01-13,R23,1,1,1,0,0,2.1,0.0,15.4
2026-01-14,R23,2,2,2,0,0,18.9,0.0,69.5
2026-01-15,R23,2,1,2,0,1,10.6,0.0,39.0
2026-01-16,R23,1,1,1,0,0,8.9,0.0,65.4
2026-01-19,R23,1,2,1,0,0,14.2,1.7,100.0
2026-01-20,R23,0,1,0,1,0,10.7,0.0,91.1
2026-01-21,R23,3,1,3,0,2,12.4,0.0,30.4
2026-01-22,R23,2,2,2,0,0,12.9,0.0,47.4
2026-01-23,R23,1,1,1,0,0,7.0,0.0,51.5
2026-01-26,R23,2,1,2,0,1,7.4,0.0,27.2
2026-01-27,R23,1,1,1,0,0,12.4,0.0,91.2
2026-01-28,R23,2,1,2,0,1,8.1,0.0,29.8
2026-01-29,R23,2,1,2,0,1,8.3,0.0,30.5
2026-01-30,R23,1,1,1,0,0,10.6,0.0,77.9
2026-02-02,R23,2,1,2,0,1,12.4,0.0,45.6
2026-02-03,R23,1,2,1,0,0,13.1,0.6,96.3
2026-02-04,R23,1,1,1,0,0,7.1,0.0,56.5
2026-02-05,R23,2,1,2,0,1,7.5,0.0,27.6
2026-02-06,R23,1,1,1,0,0,7.3,0.0,53.7
2026-02-09,R23,2,2,2,0,0,13.0,0.0,47.8
2026-02-10,R23,2,1,2,0,1,6.5,0.0,23.9
2026-02-11,R23,2,2,2,0,0,13.3,0.0,48.9
2026-02-12,R23,1,1,1,0,0,11.9,0.0,87.5
2026-02-13,R23,1,1,1,0,0,7.3,0.0,53.7
2026-02-16,R23,2,1,2,0,1,9.1,0.0,33.5
2026-02-17,R23,2,1,2,0,1,5.7,0.0,21.0
2026-02-18,R23,1,2,1,1,0,17.6,0.0,64.7
2026-02-19,R23,2,1,2,0,1,7.2,0.0,26.5
2026-02-20,R23,1,1,1,0,0,6.5,0.0,47.8
2026-02-23,R23,2,2,2,0,0,12.9,0.0,47.4
2026-02-24,R23,1,1,1,0,0,5.8,0.0,42.6
2026-02-25,R23,1,2,1,0,0,13.3,0.8,97.8
2026-02-26,R23,1,2,1,0,0,14.1,2.4,100.0
2026-02-27,R23,1,1,1,0,0,7.1,0.0,69.7
2026-03-02,R23,2,1,2,0,1,11.5,0.0,42.3
2026-03-03,R23,2,1,2,0,1,12.1,0.0,44.5
2026-03-04,R23,2,1,2,0,1,8.7,0.0,32.0
2026-03-05,R23,2,1,2,0,1,6.4,0.0,23.5
2026-03-06,R23,1,1,1,0,0,4.7,0.0,34.6
2026-03-09,R23,2,2,2,0,0,15.4,0.0,56.6
2026-03-10,R23,1,2,1,0,0,13.3,0.8,97.8
2026-03-11,R23,2,1,2,0,1,3.4,0.0,15.4
2026-03-12,R23,2,1,2,0,1,11.7,0.0,43.0
2026-03-13,R23,1,1,1,0,0,8.6,0.0,63.2
2026-03-16,R23,2,1,2,0,1,8.0,0.0,29.4
2026-03-17,R23,2,1,2,0,1,9.8,0.0,36.0
2026-03-18,R23,1,1,1,0,0,7.3,0.0,53.7
2026-03-19,R23,2,1,2,0,1,10.7,0.0,39.3
2026-03-20,R23,1,2,1,0,0,13.3,0.8,97.8
2026-03-23,R23,2,1,2,0,1,9.4,0.0,34.6
2026-03-24,R23,1,1,1,0,0,9.8,0.0,72.1
2026-03-25,R23,2,1,2,0,1,9.1,0.0,33.5
2026-03-26,R23,1,2,1,0,0,14.0,1.5,100.0
2026-03-27,R23,1,1,1,0,0,9.0,0.0,77.1
2026-03-30,R23,2,2,2,0,0,12.6,0.0,46.3
2026-03-31,R23,1,1,1,0,0,5.9,0.0,43.4
2026-04-01,R23,1,1,1,0,0,8.3,0.0,61.0
2026-04-02,R23,2,1,2,0,1,7.4,0.0,27.2
2026-04-07,R23,1,1,1,0,0,12.5,0.0,91.9
2026-04-08,R23,1,2,1,0,0,13.0,0.5,95.6
2026-04-09,R23,1,1,1,0,0,9.8,0.0,75.6
2026-04-10,R23,1,1,1,0,0,5.2,0.0,38.2
2026-04-13,R23,2,1,2,0,1,9.6,0.0,35.3
2026-04-14,R23,2,1,2,0,1,7.3,0.0,26.8
2026-04-15,R23,2,2,2,0,0,17.4,0.0,64.0
2026-04-16,R23,1,1,1,0,0,8.9,0.0,65.4
2026-04-17,R23,1,1,1,0,0,8.5,0.0,62.5
2026-04-20,R23,1,1,1,0,0,5.9,0.0,43.4
2026-04-21,R23,1,1,1,0,0,8.2,0.0,60.3
2026-04-22,R23,1,1,1,0,0,8.8,0.0,64.7
2026-04-23,R23,1,1,1,0,0,4.0,0.0,29.4
2026-04-24,R23,1,2,1,0,0,14.3,1.8,100.0
2026-04-27,R23,1,2,1,1,0,18.0,0.0,66.2
2026-04-28,R23,1,1,1,0,0,10.2,0.0,75.0
2026-04-29,R23,2,2,2,0,0,14.1,0.0,51.8
2026-04-30,R23,1,1,1,0,0,8.9,0.0,65.4
2026-05-04,R23,2,2,2,0,0,13.5,0.0,49.6
2026-05-05,R23,1,1,1,0,0,9.4,0.0,69.1
2026-05-06,R23,1,1,1,0,0,9.1,0.0,66.9
2026-05-07,R23,2,1,2,0,1,11.4,0.0,41.9
2026-05-08,R23,1,1,1,0,0,9.9,0.0,72.8
2026-05-11,R23,2,2,2,0,0,14.2,0.0,52.2
2026-05-12,R23,1,2,1,0,0,13.5,1.0,99.3
2026-05-13,R23,2,2,2,0,0,18.6,0.0,72.0
2026-05-15,R23,1,1,1,0,0,7.4,0.0,54.4
2026-05-18,R23,2,1,2,0,1,9.8,0.0,36.0
2026-05-19,R23,2,1,2,0,1,4.5,0.0,16.5
2026-05-20,R23,1,2,1,0,0,14.6,2.1,100.0
2026-05-21,R23,1,1,1,0,0,7.3,0.0,69.0
2026-05-22,R23,1,1,1,0,0,5.0,0.0,36.8
2026-05-26,R23,2,1,2,0,1,8.4,0.0,30.9
2026-05-27,R23,2,2,2,0,0,19.8,0.0,72.8
2026-05-28,R23,1,1,1,0,0,9.3,0.0,68.4
2026-05-29,R23,1,1,1,0,0,8.5,0.0,62.5
2026-06-01,R23,1,1,1,0,0,7.4,0.0,54.4
2026-06-02,R23,1,1,1,0,0,6.9,0.0,50.7
2026-06-03,R23,2,2,2,0,0,17.2,0.0,63.2
2026-06-05,R23,1,1,1,0,0,2.8,0.0,20.6
2026-06-08,R23,1,1,1,0,0,6.0,0.0,44.1
2026-06-09,R23,1,2,1,0,0,17.0,4.5,100.0
2026-06-10,R23,1,2,1,0,0,11.7,3.7,100.0
2026-06-11,R23,1,2,1,0,0,13.2,4.4,100.0
2026-06-12,R23,1,1,1,0,0,4.7,0.0,66.6
2026-06-15,R23,2,1,2,0,1,9.9,0.0,36.4
2026-06-16,R23,1,1,1,0,0,11.1,0.0,81.6
2026-06-17,R23,2,1,2,0,1,10.2,0.0,37.5
2026-06-18,R23,2,2,2,0,0,13.0,0.0,47.8
2026-06-19,R23,1,1,1,0,0,10.3,0.0,75.7
2026-06-22,R23,2,2,2,0,0,12.9,0.0,47.4
2026-06-23,R23,1,1,1,0,0,7.0,0.0,51.5
2026-06-24,R23,2,1,2,0,1,12.2,0.0,44.9
2026-06-25,R23,2,1,2,0,1,7.5,0.0,27.6
2026-06-26,R23,0,2,0,1,0,15.1,2.6,100.0
2026-06-29,R23,2,2,2,0,0,16.7,0.0,61.4
2026-06-30,R23,1,2,1,0,0,13.3,0.8,97.8
2026-07-01,R23,2,2,2,0,0,12.9,0.0,50.3
2026-07-02,R23,1,1,1,0,0,11.9,0.0,87.5
2026-07-03,R23,1,1,1,0,0,4.0,0.0,29.4
2026-07-06,R23,2,2,2,0,0,12.6,0.0,46.3
2026-07-07,R23,1,1,1,0,0,5.0,0.0,36.8
2026-07-08,R23,2,2,2,0,0,14.5,0.0,53.3
2026-07-09,R23,1,2,1,0,0,15.0,2.5,100.0
2026-07-10,R23,1,1,1,0,0,6.5,0.0,66.1
2026-07-13,R23,3,2,3,0,1,12.8,0.0,31.4
2026-07-14,R23,1,2,1,0,0,14.0,1.5,100.0
2026-07-15,R23,2,2,2,0,0,14.9,0.0,60.2
2026-07-16,R23,2,1,2,0,1,5.3,0.0,19.5
2026-07-17,R23,1,1,1,0,0,12.0,0.0,88.2
2026-07-20,R23,2,1,2,0,1,6.0,0.0,22.1
2026-07-21,R23,2,1,2,0,1,9.0,0.0,33.1
2026-07-22,R23,2,2,2,0,0,17.5,0.0,64.3
2026-07-23,R23,1,1,1,0,0,8.1,0.0,59.6
2026-07-24,R23,0,1,0,1,0,6.0,0.0,44.1
2026-07-27,R23,1,2,1,0,0,15.2,2.7,100.0
2026-07-28,R23,1,2,1,0,0,13.2,3.4,100.0
2026-07-29,R23,2,2,2,0,0,12.4,0.0,58.0
2026-07-30,R23,1,1,1,0,0,12.3,0.0,90.4
2026-07-31,R23,1,1,1,0,0,5.6,0.0,41.2
2026-08-03,R23,2,2,2,0,0,15.7,0.0,57.7
2026-08-04,R23,2,1,2,0,1,11.9,0.0,43.8
2026-08-05,R23,2,1,2,0,1,3.8,0.0,14.0
2026-08-06,R23,1,1,1,0,0,5.3,0.0,39.0
2026-08-07,R23,1,1,1,0,0,3.8,0.0,27.9
2026-08-10,R23,2,1,2,0,1,8.2,0.0,30.1
2026-08-11,R23,1,1,1,0,0,8.8,0.0,64.7
2026-08-12,R23,1,1,1,0,0,4.1,0.0,30.1
2026-08-13,R23,1,1,1,0,0,6.7,0.0,49.3
2026-08-14,R23,1,1,1,0,0,1.4,0.0,10.3
2026-08-17,R23,1,1,1,0,0,5.0,0.0,36.8
2026-08-18,R23,2,1,2,0,1,7.7,0.0,28.3
2026-08-19,R23,1,1,1,0,0,2.6,0.0,19.1
2026-08-20,R23,1,1,1,0,0,3.6,0.0,26.5
2026-08-21,R23,1,1,1,0,0,1.9,0.0,14.0
2026-08-24,R23,1,1,1,0,0,9.3,0.0,68.4
2026-08-25,R23,0,1,0,1,0,12.0,0.0,88.2
2026-08-26,R23,1,1,1,0,0,7.4,0.0,54.4
2026-08-27,R23,1,1,1,0,0,7.0,0.0,51.5
2026-08-28,R23,1,1,1,0,0,6.9,0.0,50.7
2026-08-31,R23,1,1,1,0,0,11.3,0.0,83.1
2024-01-02,R24,1,1,1,0,0,4.5,0.0,33.1
2024-01-03,R24,1,1,1,0,0,3.1,0.0,22.8
2024-01-04,R24,1,1,1,0,0,5.0,0.0,36.8
2024-01-05,R24,1,1,1,0,0,8.6,0.0,63.2
2024-01-08,R24,1,1,1,0,0,8.6,0.0,63.2
2024-01-09,R24,1,1,1,0,0,3.6,0.0,26.5
2024-01-10,R24,1,1,1,0,0,7.7,0.0,56.6
2024-01-11,R24,1,1,1,0,0,5.7,0.0,41.9
2024-01-12,R24,1,1,1,0,0,3.7,0.0,27.2
2024-01-15,R24,2,1,2,0,1,6.5,0.0,23.9
2024-01-16,R24,1,1,1,0,0,2.4,0.0,17.6
2024-01-17,R24,1,1,1,0,0,0.5,0.0,3.7
2024-01-18,R24,2,1,2,0,1,5.7,0.0,21.0
2024-01-19,R24,1,1,1,0,0,3.7,0.0,27.2
2024-01-22,R24,1,1,1,0,0,4.6,0.0,33.8
2024-01-23,R24,1,1,1,0,0,5.4,0.0,39.7
2024-01-24,R24,1,1,1,0,0,3.4,0.0,25.0
2024-01-25,R24,1,1,1,0,0,4.6,0.0,33.8
2024-01-26,R24,1,1,1,0,0,5.0,0.0,36.8
2024-01-29,R24,1,1,1,0,0,6.5,0.0,47.8
2024-01-30,R24,1,1,1,0,0,6.9,0.0,50.7
2024-01-31,R24,1,1,1,0,0,9.5,0.0,69.9
2024-02-01,R24,1,1,1,0,0,3.4,0.0,25.0
2024-02-02,R24,1,1,1,0,0,7.1,0.0,52.2
2024-02-05,R24,1,1,1,0,0,5.7,0.0,41.9
2024-02-06,R24,1,1,1,0,0,4.0,0.0,29.4
2024-02-07,R24,1,1,1,0,0,8.7,0.0,64.0
2024-02-08,R24,1,1,1,0,0,4.3,0.0,31.6
2024-02-09,R24,1,1,1,0,0,4.9,0.0,36.0
2024-02-12,R24,1,1,1,0,0,6.0,0.0,44.1
2024-02-13,R24,1,1,1,0,0,3.4,0.0,25.0
2024-02-14,R24,1,1,1,0,0,3.7,0.0,27.2
2024-02-15,R24,1,1,1,0,0,6.5,0.0,47.8
2024-02-16,R24,1,1,1,0,0,8.6,0.0,63.2
2024-02-19,R24,2,1,2,0,1,7.5,0.0,27.6
2024-02-20,R24,1,1,1,0,0,5.7,0.0,41.9
2024-02-21,R24,1,1,1,0,0,5.4,0.0,39.7
2024-02-22,R24,1,1,1,0,0,3.0,0.0,22.1
2024-02-23,R24,1,1,1,0,0,6.0,0.0,44.1
2024-02-26,R24,2,1,2,0,1,7.4,0.0,27.2
2024-02-27,R24,1,1,1,0,0,12.0,0.0,88.2
2024-02-28,R24,1,1,1,0,0,5.4,0.0,39.7
2024-02-29,R24,1,1,1,0,0,4.7,0.0,34.6
2024-03-01,R24,1,1,1,0,0,3.7,0.0,27.2
2024-03-04,R24,1,1,1,0,0,7.0,0.0,51.5
2024-03-05,R24,1,1,1,0,0,3.4,0.0,25.0
2024-03-06,R24,1,1,1,0,0,6.4,0.0,47.1
2024-03-07,R24,1,1,1,0,0,2.3,0.0,16.9
2024-03-08,R24,0,1,0,0,0,1.5,1.5,0.0
2024-03-11,R24,1,1,1,0,0,5.6,0.0,41.2
2024-03-12,R24,1,1,1,0,0,6.3,0.0,46.3
2024-03-13,R24,1,1,1,0,0,3.5,0.0,25.7
2024-03-14,R24,1,1,1,0,0,5.8,0.0,42.6
2024-03-15,R24,1,1,1,0,0,3.2,0.0,23.5
2024-03-18,R24,2,1,2,0,1,1.4,0.0,5.1
2024-03-19,R24,1,1,1,0,0,8.2,0.0,60.3
2024-03-20,R24,1,1,1,0,0,6.8,0.0,50.0
2024-03-21,R24,1,1,1,0,0,9.0,0.0,66.2
2024-03-22,R24,1,1,1,0,0,7.0,0.0,51.5
2024-03-25,R24,2,1,2,0,1,8.3,0.0,30.5
2024-03-26,R24,1,1,1,0,0,6.4,0.0,47.1
2024-03-27,R24,1,1,1,0,0,4.9,0.0,36.0
2024-03-28,R24,1,1,1,0,0,4.8,0.0,35.3
2024-04-02,R24,2,1,2,0,1,4.9,0.0,18.0
2024-04-03,R24,1,1,1,0,0,7.3,0.0,53.7
2024-04-04,R24,1,1,1,0,0,7.8,0.0,57.4
2024-04-05,R24,1,1,1,0,0,3.4,0.0,25.0
2024-04-08,R24,1,1,1,0,0,7.0,0.0,51.5
2024-04-09,R24,1,1,1,0,0,3.6,0.0,26.5
2024-04-10,R24,1,1,1,0,0,5.5,0.0,40.4
2024-04-11,R24,1,1,1,0,0,7.9,0.0,58.1
2024-04-12,R24,1,1,1,0,0,2.6,0.0,19.1
2024-04-15,R24,1,1,1,0,0,9.3,0.0,68.4
2024-04-16,R24,1,1,1,0,0,6.2,0.0,45.6
2024-04-17,R24,1,1,1,0,0,6.1,0.0,44.9
2024-04-18,R24,1,1,1,0,0,11.7,0.0,86.0
2024-04-19,R24,1,1,1,0,0,3.2,0.0,23.5
2024-04-22,R24,1,1,1,0,0,3.7,0.0,27.2
2024-04-23,R24,1,1,1,0,0,6.1,0.0,44.9
2024-04-24,R24,1,1,1,0,0,5.8,0.0,42.6
2024-04-25,R24,0,1,0,0,0,10.1,10.1,0.0
2024-04-26,R24,1,2,1,0,0,3.0,0.6,96.3
2024-04-29,R24,1,1,1,0,0,5.8,0.0,42.6
2024-04-30,R24,1,1,1,0,0,5.8,0.0,42.6
2024-05-02,R24,1,1,1,0,0,3.7,0.0,27.2
2024-05-03,R24,1,1,1,0,0,1.4,0.0,10.3
2024-05-06,R24,2,1,2,0,1,7.2,0.0,26.5
2024-05-07,R24,1,1,1,0,0,6.0,0.0,44.1
2024-05-08,R24,1,1,1,0,0,5.5,0.0,40.4
2024-05-10,R24,1,1,1,0,0,6.1,0.0,44.9
2024-05-13,R24,2,1,2,0,1,7.1,0.0,26.1
2024-05-14,R24,1,1,1,0,0,5.0,0.0,36.8
2024-05-15,R24,1,1,1,0,0,7.8,0.0,57.4
2024-05-16,R24,1,1,1,0,0,1.7,0.0,12.5
2024-05-17,R24,1,1,1,0,0,2.2,0.0,16.2
2024-05-21,R24,1,1,1,0,0,5.9,0.0,43.4
2024-05-22,R24,1,1,1,0,0,4.9,0.0,36.0
2024-05-23,R24,1,1,1,0,0,4.2,0.0,30.9
2024-05-24,R24,1,1,1,0,0,2.7,0.0,19.9
2024-05-27,R24,1,1,1,0,0,8.4,0.0,61.8
2024-05-28,R24,1,1,1,0,0,5.0,0.0,36.8
2024-05-29,R24,1,1,1,0,0,5.3,0.0,39.0
2024-05-31,R24,1,1,1,0,0,5.2,0.0,38.2
2024-06-03,R24,1,1,1,0,0,10.1,0.0,74.3
2024-06-04,R24,1,1,1,0,0,7.0,0.0,51.5
2024-06-05,R24,1,1,1,0,0,4.0,0.0,29.4
2024-06-06,R24,1,1,1,0,0,2.8,0.0,20.6
2024-06-07,R24,1,1,1,0,0,4.2,0.0,30.9
2024-06-10,R24,1,1,1,0,0,8.0,0.0,58.8
2024-06-11,R24,1,1,1,0,0,6.6,0.0,48.5
2024-06-12,R24,2,1,2,0,1,4.4,0.0,16.2
2024-06-13,R24,1,1,1,0,0,5.6,0.0,41.2
2024-06-14,R24,1,1,1,0,0,2.8,0.0,20.6
2024-06-17,R24,1,1,1,0,0,10.3,0.0,75.7
2024-06-18,R24,1,1,1,0,0,10.3,0.0,75.7
2024-06-19,R24,1,1,1,0,0,4.3,0.0,31.6
2024-06-20,R24,1,1,1,0,0,9.0,0.0,66.2
2024-06-21,R24,1,1,1,0,0,7.0,0.0,51.5
2024-06-24,R24,1,1,1,0,0,5.9,0.0,43.4
2024-06-25,R24,1,1,1,0,0,7.1,0.0,52.2
2024-06-26,R24,1,1,1,0,0,4.0,0.0,29.4
2024-06-27,R24,1,1,1,0,0,4.0,0.0,29.4
2024-06-28,R24,1,1,1,0,0,5.3,0.0,39.0
2024-07-01,R24,2,1,2,0,1,7.3,0.0,26.8
2024-07-02,R24,2,1,2,0,1,8.2,0.0,30.1
2024-07-03,R24,2,1,2,0,1,3.7,0.0,13.6
2024-07-04,R24,1,1,1,0,0,1.9,0.0,14.0
2024-07-05,R24,1,1,1,0,0,1.5,0.0,11.0
2024-07-08,R24,2,1,2,0,1,8.7,0.0,32.0
2024-07-09,R24,1,1,1,0,0,5.2,0.0,38.2
2024-07-10,R24,1,1,1,0,0,4.1,0.0,30.1
2024-07-11,R24,1,1,1,0,0,3.6,0.0,26.5
2024-07-12,R24,1,1,1,0,0,3.7,0.0,27.2
2024-07-15,R24,2,1,2,0,1,8.0,0.0,29.4
2024-07-16,R24,1,1,1,0,0,10.1,0.0,74.3
2024-07-17,R24,1,1,1,0,0,4.2,0.0,30.9
2024-07-18,R24,2,1,2,0,1,6.2,0.0,22.8
2024-07-19,R24,1,1,1,0,0,3.7,0.0,27.2
2024-07-22,R24,2,1,2,0,1,8.9,0.0,32.7
2024-07-23,R24,1,1,1,0,0,4.7,0.0,34.6
2024-07-24,R24,1,1,1,0,0,4.3,0.0,31.6
2024-07-25,R24,1,1,1,0,0,4.7,0.0,34.6
2024-07-26,R24,1,1,1,0,0,2.0,0.0,14.7
2024-07-29,R24,2,1,2,0,1,5.7,0.0,21.0
2024-07-30,R24,1,1,1,0,0,2.5,0.0,18.4
2024-07-31,R24,2,1,2,0,1,4.5,0.0,16.5
2024-08-01,R24,1,1,1,0,0,2.7,0.0,19.9
2024-08-02,R24,1,1,1,0,0,3.1,0.0,22.8
2024-08-05,R24,1,1,1,0,0,5.4,0.0,39.7
2024-08-06,R24,2,1,2,0,1,3.1,0.0,11.4
2024-08-07,R24,0,1,0,0,0,3.3,3.3,0.0
2024-08-08,R24,1,1,1,0,0,3.0,0.0,46.3
2024-08-09,R24,1,1,1,0,0,4.0,0.0,29.4
2024-08-12,R24,2,1,2,0,1,8.1,0.0,29.8
2024-08-13,R24,2,1,2,0,1,3.6,0.0,13.2
2024-08-14,R24,2,1,2,0,1,2.9,0.0,10.7
2024-08-15,R24,1,1,1,0,0,9.1,0.0,66.9
2024-08-16,R24,1,1,1,0,0,2.6,0.0,19.1
2024-08-19,R24,2,1,2,0,1,6.6,0.0,24.3
2024-08-20,R24,2,1,2,0,1,3.3,0.0,12.1
2024-08-21,R24,2,1,2,0,1,5.3,0.0,19.5
2024-08-22,R24,2,1,2,0,1,2.6,0.0,9.6
2024-08-23,R24,1,1,1,0,0,3.4,0.0,25.0
2024-08-26,R24,2,1,2,0,1,4.6,0.0,16.9
2024-08-27,R24,2,1,2,0,1,3.1,0.0,11.4
2024-08-28,R24,2,1,2,0,1,9.3,0.0,34.2
2024-08-29,R24,2,1,2,0,1,6.5,0.0,23.9
2024-08-30,R24,1,1,1,0,0,4.6,0.0,33.8
2024-09-02,R24,1,1,1,0,0,4.4,0.0,32.4
2024-09-03,R24,1,1,1,0,0,5.1,0.0,37.5
2024-09-04,R24,1,1,1,0,0,4.6,0.0,33.8
2024-09-05,R24,1,1,1,0,0,8.1,0.0,59.6
2024-09-06,R24,0,1,0,0,0,4.0,4.0,0.0
2024-09-09,R24,1,2,1,0,0,8.7,0.2,64.0
2024-09-10,R24,1,1,1,0,0,3.3,0.0,25.6
2024-09-11,R24,1,1,1,0,0,7.8,0.0,57.4
2024-09-12,R24,1,1,1,0,0,7.5,0.0,55.1
2024-09-13,R24,1,1,1,0,0,3.1,0.0,22.8
2024-09-16,R24,2,1,2,0,1,4.4,0.0,16.2
2024-09-17,R24,1,1,1,0,0,4.5,0.0,33.1
2024-09-18,R24,1,2,1,0,0,13.8,1.3,100.0
2024-09-19,R24,1,1,1,0,0,2.8,0.0,30.1
2024-09-20,R24,1,1,1,0,0,1.9,0.0,14.0
2024-09-23,R24,1,1,1,0,0,3.8,0.0,27.9
2024-09-24,R24,1,1,1,0,0,3.7,0.0,27.2
2024-09-25,R24,1,1,1,0,0,6.1,0.0,44.9
2024-09-26,R24,1,1,1,0,0,9.2,0.0,67.6
2024-09-27,R24,1,1,1,0,0,3.8,0.0,27.9
2024-09-30,R24,1,1,1,0,0,5.8,0.0,42.6
2024-10-01,R24,2,1,2,0,1,7.3,0.0,26.8
2024-10-02,R24,1,1,1,0,0,7.1,0.0,52.2
2024-10-04,R24,1,1,1,0,0,7.7,0.0,56.6
2024-10-07,R24,1,1,1,0,0,6.8,0.0,50.0
2024-10-08,R24,1,1,1,0,0,6.5,0.0,47.8
2024-10-09,R24,1,1,1,0,0,7.1,0.0,52.2
2024-10-10,R24,1,1,1,0,0,6.2,0.0,45.6
2024-10-11,R24,1,1,1,0,0,1.4,0.0,10.3
2024-10-14,R24,1,1,1,0,0,7.2,0.0,52.9
2024-10-15,R24,1,1,1,0,0,3.4,0.0,25.0
2024-10-16,R24,1,1,1,0,0,3.3,0.0,24.3
2024-10-17,R24,1,1,1,0,0,4.3,0.0,31.6
2024-10-18,R24,1,1,1,0,0,5.0,0.0,36.8
2024-10-21,R24,2,1,2,0,1,4.2,0.0,15.4
2024-10-22,R24,1,1,1,0,0,5.8,0.0,42.6
2024-10-23,R24,1,1,1,0,0,2.1,0.0,15.4
2024-10-24,R24,1,1,1,0,0,4.8,0.0,35.3
2024-10-25,R24,1,1,1,0,0,2.5,0.0,18.4
2024-10-28,R24,2,1,2,0,1,7.2,0.0,26.5
2024-10-29,R24,1,1,1,0,0,8.7,0.0,64.0
2024-10-30,R24,1,1,1,0,0,5.2,0.0,38.2
2024-10-31,R24,1,1,1,0,0,2.5,0.0,18.4
2024-11-04,R24,2,1,2,0,1,6.2,0.0,22.8
2024-11-05,R24,1,1,1,0,0,1.6,0.0,11.8
2024-11-06,R24,1,1,1,0,0,10.2,0.0,75.0
2024-11-07,R24,1,1,1,0,0,7.7,0.0,56.6
2024-11-08,R24,1,1,1,0,0,7.1,0.0,52.2
2024-11-11,R24,1,1,1,0,0,8.6,0.0,63.2
2024-11-12,R24,1,1,1,0,0,2.6,0.0,19.1
2024-11-13,R24,1,1,1,0,0,4.2,0.0,30.9
2024-11-14,R24,1,1,1,0,0,2.4,0.0,17.6
2024-11-15,R24,1,1,1,0,0,4.5,0.0,33.1
2024-11-18,R24,1,1,1,0,0,6.8,0.0,50.0
2024-11-19,R24,1,1,1,0,0,6.1,0.0,44.9
2024-11-20,R24,1,1,1,0,0,5.6,0.0,41.2
2024-11-21,R24,1,1,1,0,0,6.1,0.0,44.9
2024-11-22,R24,1,1,1,0,0,4.2,0.0,30.9
2024-11-25,R24,1,1,1,0,0,3.2,0.0,23.5
2024-11-26,R24,0,1,0,0,0,4.4,4.4,0.0
2024-11-27,R24,1,1,1,0,0,5.6,0.0,73.5
2024-11-28,R24,1,1,1,0,0,6.2,0.0,45.6
2024-11-29,R24,1,1,1,0,0,3.2,0.0,23.5
2024-12-02,R24,2,1,2,0,1,5.8,0.0,21.3
2024-12-03,R24,2,1,2,0,1,4.1,0.0,15.1
2024-12-04,R24,1,1,1,0,0,7.1,0.0,52.2
2024-12-05,R24,1,1,1,0,0,5.4,0.0,39.7
2024-12-06,R24,1,1,1,0,0,1.7,0.0,12.5
2024-12-09,R24,1,1,1,0,0,3.7,0.0,27.2
2024-12-10,R24,1,1,1,0,0,8.2,0.0,60.3
2024-12-11,R24,1,1,1,0,0,7.8,0.0,57.4
2024-12-12,R24,1,1,1,0,0,5.6,0.0,41.2
2024-12-13,R24,1,1,1,0,0,3.3,0.0,24.3
2024-12-16,R24,1,1,1,0,0,10.0,0.0,73.5
2024-12-17,R24,1,1,1,0,0,3.2,0.0,23.5
2024-12-18,R24,1,1,1,0,0,3.9,0.0,28.7
2024-12-19,R24,2,1,2,0,1,4.2,0.0,15.4
2024-12-20,R24,1,1,1,0,0,3.6,0.0,26.5
2024-12-23,R24,1,1,1,0,0,1.9,0.0,14.0
2024-12-24,R24,1,1,1,0,0,2.3,0.0,16.9
2024-12-27,R24,1,1,1,0,0,1.5,0.0,11.0
2024-12-30,R24,1,1,1,0,0,4.2,0.0,30.9
2024-12-31,R24,1,1,1,0,0,4.2,0.0,30.9
2025-01-02,R24,1,1,1,0,0,4.0,0.0,29.4
2025-01-03,R24,1,1,1,0,0,4.1,0.0,30.1
2025-01-07,R24,1,1,1,0,0,9.0,0.0,66.2
2025-01-08,R24,2,1,2,0,1,7.2,0.0,26.5
2025-01-09,R24,1,2,1,1,0,18.6,0.0,68.4
2025-01-10,R24,1,1,1,0,0,4.1,0.0,30.1
2025-01-13,R24,1,1,1,0,0,5.6,0.0,41.2
2025-01-14,R24,1,1,1,0,0,3.4,0.0,25.0
2025-01-15,R24,1,1,1,0,0,7.4,0.0,54.4
2025-01-16,R24,1,1,1,0,0,4.2,0.0,30.9
2025-01-17,R24,1,1,1,0,0,6.1,0.0,44.9
2025-01-20,R24,2,1,2,0,1,10.9,0.0,40.1
2025-01-21,R24,1,1,1,0,0,7.2,0.0,52.9
2025-01-22,R24,1,1,1,0,0,2.9,0.0,21.3
2025-01-23,R24,1,1,1,0,0,6.5,0.0,47.8
2025-01-24,R24,1,1,1,0,0,1.9,0.0,14.0
2025-01-27,R24,1,1,1,0,0,7.5,0.0,55.1
2025-01-28,R24,1,1,1,0,0,6.9,0.0,50.7
2025-01-29,R24,1,1,1,0,0,7.5,0.0,55.1
2025-01-30,R24,1,1,1,0,0,5.7,0.0,41.9
2025-01-31,R24,1,1,1,0,0,5.4,0.0,39.7
2025-02-03,R24,2,1,2,0,1,8.2,0.0,30.1
2025-02-04,R24,1,1,1,0,0,4.2,0.0,30.9
2025-02-05,R24,1,1,1,0,0,4.1,0.0,30.1
2025-02-06,R24,1,1,1,0,0,8.9,0.0,65.4
2025-02-07,R24,1,1,1,0,0,2.8,0.0,20.6
2025-02-10,R24,1,1,1,0,0,7.6,0.0,55.9
2025-02-11,R24,1,1,1,0,0,3.5,0.0,25.7
2025-02-12,R24,1,1,1,0,0,3.6,0.0,26.5
2025-02-13,R24,1,1,1,0,0,3.0,0.0,22.1
2025-02-14,R24,1,1,1,0,0,3.5,0.0,25.7
2025-02-17,R24,1,1,1,0,0,8.0,0.0,58.8
2025-02-18,R24,1,1,1,0,0,4.4,0.0,32.4
2025-02-19,R24,1,1,1,0,0,9.7,0.0,71.3
2025-02-20,R24,1,1,1,0,0,5.1,0.0,37.5
2025-02-21,R24,0,1,0,0,0,3.8,3.8,0.0
2025-02-24,R24,2,2,2,0,0,10.5,0.0,38.6
2025-02-25,R24,1,1,1,0,0,8.9,0.0,65.4
2025-02-26,R24,1,1,1,0,0,6.9,0.0,50.7
2025-02-27,R24,1,1,1,0,0,6.3,0.0,46.3
2025-02-28,R24,1,1,1,0,0,4.6,0.0,33.8
2025-03-03,R24,2,1,2,0,1,6.5,0.0,23.9
2025-03-04,R24,1,1,1,0,0,8.5,0.0,62.5
2025-03-05,R24,1,1,1,0,0,6.4,0.0,47.1
2025-03-06,R24,1,1,1,0,0,8.1,0.0,59.6
2025-03-07,R24,1,1,1,0,0,5.7,0.0,41.9
2025-03-10,R24,1,1,1,0,0,10.3,0.0,75.7
2025-03-11,R24,1,1,1,0,0,2.2,0.0,16.2
2025-03-12,R24,1,1,1,0,0,8.8,0.0,64.7
2025-03-13,R24,1,1,1,0,0,3.0,0.0,22.1
2025-03-14,R24,1,1,1,0,0,4.9,0.0,36.0
2025-03-17,R24,2,1,2,0,1,9.6,0.0,35.3
2025-03-18,R24,1,1,1,0,0,5.5,0.0,40.4
2025-03-19,R24,1,1,1,0,0,10.4,0.0,76.5
2025-03-20,R24,1,1,1,0,0,5.8,0.0,42.6
2025-03-21,R24,1,1,1,0,0,1.5,0.0,11.0
2025-03-24,R24,2,1,2,0,1,3.5,0.0,12.9
2025-03-25,R24,2,1,2,0,1,5.6,0.0,20.6
2025-03-26,R24,1,1,1,0,0,9.2,0.0,67.6
2025-03-27,R24,1,1,1,0,0,7.2,0.0,52.9
2025-03-28,R24,1,1,1,0,0,5.2,0.0,38.2
2025-03-31,R24,1,1,1,0,0,3.8,0.0,27.9
2025-04-01,R24,1,1,1,0,0,11.7,0.0,86.0
2025-04-02,R24,1,1,1,0,0,7.4,0.0,54.4
2025-04-03,R24,1,1,1,0,0,3.0,0.0,22.1
2025-04-04,R24,1,1,1,0,0,3.7,0.0,27.2
2025-04-07,R24,1,1,1,0,0,6.9,0.0,50.7
2025-04-08,R24,1,1,1,0,0,5.8,0.0,42.6
2025-04-09,R24,1,1,1,0,0,8.0,0.0,58.8
2025-04-10,R24,1,1,1,0,0,3.9,0.0,28.7
2025-04-11,R24,1,1,1,0,0,3.2,0.0,23.5
2025-04-14,R24,1,1,1,0,0,3.4,0.0,25.0
2025-04-15,R24,1,1,1,0,0,5.6,0.0,41.2
2025-04-16,R24,1,1,1,0,0,3.4,0.0,25.0
2025-04-17,R24,1,1,1,0,0,8.8,0.0,64.7
2025-04-22,R24,1,1,1,0,0,5.8,0.0,42.6
2025-04-23,R24,1,1,1,0,0,6.5,0.0,47.8
2025-04-24,R24,1,1,1,0,0,3.0,0.0,22.1
2025-04-25,R24,1,1,1,0,0,3.5,0.0,25.7
2025-04-28,R24,1,1,1,0,0,3.4,0.0,25.0
2025-04-29,R24,2,1,2,0,1,9.8,0.0,36.0
2025-04-30,R24,1,1,1,0,0,7.9,0.0,58.1
2025-05-02,R24,1,1,1,0,0,2.5,0.0,18.4
2025-05-05,R24,1,1,1,0,0,5.1,0.0,37.5
2025-05-06,R24,1,1,1,0,0,10.4,0.0,76.5
2025-05-07,R24,1,1,1,0,0,6.2,0.0,45.6
2025-05-08,R24,1,1,1,0,0,5.0,0.0,36.8
2025-05-09,R24,1,1,1,0,0,3.2,0.0,23.5
2025-05-12,R24,2,1,2,0,1,7.4,0.0,27.2
2025-05-13,R24,1,1,1,0,0,7.3,0.0,53.7
2025-05-14,R24,1,1,1,0,0,3.6,0.0,26.5
2025-05-15,R24,1,1,1,0,0,5.3,0.0,39.0
2025-05-16,R24,1,1,1,0,0,3.2,0.0,23.5
2025-05-19,R24,1,1,1,0,0,4.8,0.0,35.3
2025-05-20,R24,0,1,0,0,0,5.1,5.1,0.0
2025-05-21,R24,1,1,1,0,0,5.5,0.0,77.9
2025-05-22,R24,1,1,1,0,0,7.0,0.0,51.5
2025-05-23,R24,1,1,1,0,0,5.7,0.0,41.9
2025-05-26,R24,2,1,2,0,1,12.4,0.0,45.6
2025-05-27,R24,1,1,1,0,0,5.3,0.0,39.0
2025-05-28,R24,1,1,1,0,0,7.2,0.0,52.9
2025-05-30,R24,1,1,1,0,0,2.0,0.0,14.7
2025-06-02,R24,2,1,2,0,1,4.8,0.0,17.6
2025-06-03,R24,1,1,1,0,0,4.1,0.0,30.1
2025-06-04,R24,1,1,1,0,0,3.2,0.0,23.5
2025-06-05,R24,1,1,1,0,0,9.2,0.0,67.6
2025-06-06,R24,1,1,1,0,0,3.8,0.0,27.9
2025-06-10,R24,1,1,1,0,0,5.1,0.0,37.5
2025-06-11,R24,1,1,1,0,0,3.2,0.0,23.5
2025-06-12,R24,1,1,1,0,0,6.5,0.0,47.8
2025-06-13,R24,1,1,1,0,0,5.9,0.0,43.4
2025-06-16,R24,2,1,2,0,1,4.0,0.0,14.7
2025-06-17,R24,1,1,1,0,0,5.1,0.0,37.5
2025-06-18,R24,1,1,1,0,0,8.5,0.0,62.5
2025-06-20,R24,1,1,1,0,0,1.5,0.0,11.0
2025-06-23,R24,1,1,1,0,0,5.2,0.0,38.2
2025-06-24,R24,1,1,1,0,0,8.3,0.0,61.0
2025-06-25,R24,1,1,1,0,0,5.6,0.0,41.2
2025-06-26,R24,1,1,1,0,0,5.3,0.0,39.0
2025-06-27,R24,1,1,1,0,0,4.4,0.0,32.4
2025-06-30,R24,1,1,1,0,0,10.9,0.0,80.1
2025-07-01,R24,2,1,2,0,1,6.8,0.0,25.0
2025-07-02,R24,1,1,1,0,0,5.1,0.0,37.5
2025-07-03,R24,1,1,1,0,0,6.8,0.0,50.0
2025-07-04,R24,1,1,1,0,0,6.3,0.0,46.3
2025-07-07,R24,2,1,2,0,1,6.8,0.0,25.0
2025-07-08,R24,1,1,1,0,0,10.7,0.0,78.7
2025-07-09,R24,2,1,2,0,1,5.0,0.0,18.4
2025-07-10,R24,1,1,1,0,0,3.9,0.0,28.7
2025-07-11,R24,1,1,1,0,0,5.6,0.0,41.2
2025-07-14,R24,2,1,2,0,1,3.7,0.0,13.6
2025-07-15,R24,2,1,2,0,1,3.2,0.0,11.8
2025-07-16,R24,2,1,2,0,1,7.8,0.0,28.7
2025-07-17,R24,1,1,1,0,0,9.0,0.0,66.2
2025-07-18,R24,1,1,1,0,0,5.3,0.0,39.0
2025-07-21,R24,1,1,1,0,0,6.5,0.0,47.8
2025-07-22,R24,1,1,1,0,0,6.2,0.0,45.6
2025-07-23,R24,1,1,1,0,0,10.7,0.0,78.7
2025-07-24,R24,2,1,2,0,1,5.3,0.0,19.5
2025-07-25,R24,1,1,1,0,0,7.1,0.0,52.2
2025-07-28,R24,1,1,1,0,0,5.8,0.0,42.6
2025-07-29,R24,2,1,2,0,1,4.7,0.0,17.3
2025-07-30,R24,1,1,1,0,0,2.3,0.0,16.9
2025-07-31,R24,2,1,2,0,1,6.6,0.0,24.3
2025-08-01,R24,1,1,1,0,0,2.5,0.0,18.4
2025-08-04,R24,1,1,1,0,0,5.0,0.0,36.8
2025-08-05,R24,2,1,2,0,1,4.5,0.0,16.5
2025-08-06,R24,1,1,1,0,0,5.7,0.0,41.9
2025-08-07,R24,1,1,1,0,0,2.6,0.0,19.1
2025-08-08,R24,1,1,1,0,0,10.8,0.0,79.4
2025-08-11,R24,2,1,2,0,1,4.7,0.0,17.3
2025-08-12,R24,1,1,1,0,0,4.2,0.0,30.9
2025-08-13,R24,2,1,2,0,1,6.0,0.0,22.1
2025-08-14,R24,1,1,1,0,0,8.3,0.0,61.0
2025-08-15,R24,1,1,1,0,0,2.5,0.0,18.4
2025-08-18,R24,1,1,1,0,0,4.3,0.0,31.6
2025-08-19,R24,2,1,2,0,1,3.3,0.0,12.1
2025-08-20,R24,2,1,2,0,1,5.0,0.0,18.4
2025-08-21,R24,1,1,1,0,0,3.4,0.0,25.0
2025-08-22,R24,1,1,1,0,0,2.9,0.0,21.3
2025-08-25,R24,2,1,2,0,1,5.1,0.0,18.7
2025-08-26,R24,1,1,1,0,0,3.4,0.0,25.0
2025-08-27,R24,1,1,1,0,0,7.8,0.0,57.4
2025-08-28,R24,1,1,1,0,0,4.9,0.0,36.0
2025-08-29,R24,1,1,1,0,0,0.9,0.0,6.6
2025-09-01,R24,1,1,1,0,0,5.1,0.0,37.5
2025-09-02,R24,0,1,0,0,0,4.6,4.6,0.0
2025-09-03,R24,1,1,1,0,0,4.3,0.0,65.4
2025-09-04,R24,1,1,1,0,0,1.8,0.0,13.2
2025-09-05,R24,1,1,1,0,0,2.9,0.0,21.3
2025-09-08,R24,1,1,1,0,0,8.4,0.0,61.8
2025-09-09,R24,1,1,1,0,0,5.3,0.0,39.0
2025-09-10,R24,1,1,1,0,0,3.5,0.0,25.7
2025-09-11,R24,1,1,1,0,0,6.2,0.0,45.6
2025-09-12,R24,1,1,1,0,0,2.6,0.0,19.1
2025-09-15,R24,2,1,2,0,1,5.1,0.0,18.8
2025-09-16,R24,1,1,1,0,0,0.9,0.0,6.6
2025-09-17,R24,1,1,1,0,0,5.8,0.0,42.6
2025-09-18,R24,1,1,1,0,0,4.9,0.0,36.0
2025-09-19,R24,1,1,1,0,0,3.0,0.0,22.1
2025-09-22,R24,1,1,1,0,0,8.8,0.0,64.7
2025-09-23,R24,1,1,1,0,0,4.7,0.0,34.6
2025-09-24,R24,1,1,1,0,0,2.7,0.0,19.9
2025-09-25,R24,2,1,2,0,1,5.0,0.0,18.4
2025-09-26,R24,0,1,0,1,0,6.0,0.0,44.1
2025-09-29,R24,1,1,1,0,0,7.5,0.0,55.1
2025-09-30,R24,1,1,1,0,0,5.3,0.0,39.0
2025-10-01,R24,1,1,1,0,0,2.7,0.0,19.9
2025-10-02,R24,1,1,1,0,0,7.0,0.0,51.5
2025-10-06,R24,1,1,1,0,0,6.3,0.0,46.3
2025-10-07,R24,1,1,1,0,0,6.9,0.0,50.7
2025-10-08,R24,2,1,2,0,1,6.9,0.0,25.4
2025-10-09,R24,1,1,1,0,0,5.1,0.0,37.5
2025-10-10,R24,1,1,1,0,0,5.4,0.0,39.7
2025-10-13,R24,1,1,1,0,0,5.4,0.0,39.7
2025-10-14,R24,1,1,1,0,0,5.9,0.0,43.4
2025-10-15,R24,1,1,1,0,0,3.9,0.0,28.7
2025-10-16,R24,1,1,1,0,0,2.9,0.0,21.3
2025-10-17,R24,1,1,1,0,0,3.5,0.0,25.7
2025-10-20,R24,1,1,1,0,0,5.8,0.0,42.6
2025-10-21,R24,1,1,1,0,0,4.7,0.0,34.6
2025-10-22,R24,1,1,1,0,0,2.9,0.0,21.3
2025-10-23,R24,1,1,1,0,0,12.2,0.0,89.7
2025-10-24,R24,1,1,1,0,0,7.4,0.0,54.4
2025-10-27,R24,1,1,1,0,0,9.1,0.0,66.9
2025-10-28,R24,1,1,1,0,0,9.6,0.0,70.6
2025-10-29,R24,1,1,1,0,0,7.7,0.0,56.6
2025-10-30,R24,1,1,1,0,0,3.7,0.0,27.2
2025-10-31,R24,1,1,1,0,0,7.2,0.0,52.9
2025-11-03,R24,2,1,2,0,1,6.0,0.0,22.1
2025-11-04,R24,1,1,1,0,0,6.3,0.0,46.3
2025-11-05,R24,1,1,1,0,0,4.6,0.0,33.8
2025-11-06,R24,2,1,2,0,1,5.5,0.0,20.2
2025-11-07,R24,1,1,1,0,0,5.1,0.0,37.5
2025-11-10,R24,2,1,2,0,1,4.5,0.0,16.5
2025-11-11,R24,1,1,1,0,0,7.4,0.0,54.4
2025-11-12,R24,1,1,1,0,0,7.5,0.0,55.1
2025-11-13,R24,1,1,1,0,0,10.5,0.0,77.2
2025-11-14,R24,1,1,1,0,0,8.0,0.0,58.8
2025-11-17,R24,2,1,2,0,1,6.5,0.0,23.9
2025-11-18,R24,1,1,1,0,0,8.0,0.0,58.8
2025-11-19,R24,1,1,1,0,0,10.4,0.0,76.5
2025-11-20,R24,1,1,1,0,0,6.5,0.0,47.8
2025-11-21,R24,1,1,1,0,0,3.6,0.0,26.5
2025-11-24,R24,1,1,1,0,0,8.8,0.0,64.7
2025-11-25,R24,1,1,1,0,0,10.0,0.0,73.5
2025-11-26,R24,1,1,1,0,0,4.7,0.0,34.6
2025-11-27,R24,1,1,1,0,0,6.0,0.0,44.1
2025-11-28,R24,1,1,1,0,0,4.4,0.0,32.4
2025-12-01,R24,2,1,2,0,1,10.1,0.0,37.1
2025-12-02,R24,1,1,1,0,0,4.6,0.0,33.8
2025-12-03,R24,1,1,1,0,0,6.0,0.0,44.1
2025-12-04,R24,1,1,1,0,0,3.7,0.0,27.2
2025-12-05,R24,1,1,1,0,0,2.8,0.0,20.6
2025-12-08,R24,1,1,1,0,0,6.7,0.0,49.3
2025-12-09,R24,1,1,1,0,0,8.8,0.0,64.7
2025-12-10,R24,1,1,1,0,0,5.0,0.0,36.8
2025-12-11,R24,2,1,2,0,1,3.2,0.0,11.8
2025-12-12,R24,1,1,1,0,0,7.9,0.0,58.1
2025-12-15,R24,2,1,2,0,1,9.3,0.0,34.2
2025-12-16,R24,1,1,1,0,0,4.2,0.0,30.9
2025-12-17,R24,1,1,1,0,0,6.0,0.0,44.1
2025-12-18,R24,1,1,1,0,0,6.7,0.0,49.3
2025-12-19,R24,1,1,1,0,0,3.6,0.0,26.5
2025-12-22,R24,1,1,1,0,0,2.1,0.0,15.4
2025-12-23,R24,1,1,1,0,0,2.5,0.0,18.4
2025-12-24,R24,1,1,1,0,0,5.0,0.0,36.8
2025-12-29,R24,2,1,2,0,1,5.7,0.0,21.0
2025-12-30,R24,1,1,1,0,0,4.1,0.0,30.1
2025-12-31,R24,0,1,0,0,0,3.4,3.4,0.0
2026-01-02,R24,1,1,1,0,0,1.4,0.0,10.3
2026-01-05,R24,1,1,1,0,0,5.5,0.0,40.4
2026-01-07,R24,2,1,2,0,1,7.4,0.0,27.2
2026-01-08,R24,2,1,2,0,1,2.7,0.0,9.9
2026-01-09,R24,1,1,1,0,0,4.9,0.0,36.0
2026-01-12,R24,1,1,1,0,0,2.2,0.0,16.2
2026-01-13,R24,1,1,1,0,0,2.3,0.0,16.9
2026-01-14,R24,1,1,1,0,0,9.1,0.0,66.9
2026-01-15,R24,1,1,1,0,0,7.9,0.0,58.1
2026-01-16,R24,1,1,1,0,0,3.2,0.0,23.5
2026-01-19,R24,2,1,2,0,1,7.0,0.0,25.7
2026-01-20,R24,1,1,1,0,0,4.9,0.0,36.0
2026-01-21,R24,1,1,1,0,0,3.3,0.0,24.3
2026-01-22,R24,1,1,1,0,0,5.6,0.0,41.2
2026-01-23,R24,1,1,1,0,0,3.4,0.0,25.0
2026-01-26,R24,2,1,2,0,1,9.2,0.0,33.8
2026-01-27,R24,1,1,1,0,0,6.9,0.0,50.7
2026-01-28,R24,1,1,1,0,0,4.6,0.0,33.8
2026-01-29,R24,1,1,1,0,0,9.1,0.0,66.9
2026-01-30,R24,1,1,1,0,0,3.1,0.0,22.8
2026-02-02,R24,1,1,1,0,0,5.5,0.0,40.4
2026-02-03,R24,2,1,2,0,1,3.8,0.0,14.0
2026-02-04,R24,1,1,1,0,0,3.0,0.0,22.1
2026-02-05,R24,2,1,2,0,1,6.7,0.0,24.6
2026-02-06,R24,1,1,1,0,0,4.9,0.0,36.0
2026-02-09,R24,1,1,1,0,0,7.2,0.0,52.9
2026-02-10,R24,1,1,1,0,0,7.0,0.0,51.5
2026-02-11,R24,1,1,1,0,0,4.3,0.0,31.6
2026-02-12,R24,1,1,1,0,0,5.9,0.0,43.4
2026-02-13,R24,1,1,1,0,0,8.9,0.0,65.4
2026-02-16,R24,2,1,2,0,1,5.6,0.0,20.6
2026-02-17,R24,1,1,1,0,0,5.6,0.0,41.2
2026-02-18,R24,1,1,1,0,0,2.5,0.0,18.4
2026-02-19,R24,1,1,1,0,0,4.5,0.0,33.1
2026-02-20,R24,1,1,1,0,0,3.5,0.0,25.7
2026-02-23,R24,1,1,1,0,0,8.6,0.0,63.2
2026-02-24,R24,1,1,1,0,0,4.9,0.0,36.0
2026-02-25,R24,1,1,1,0,0,10.0,0.0,73.5
2026-02-26,R24,1,1,1,0,0,5.0,0.0,36.8
2026-02-27,R24,1,1,1,0,0,2.0,0.0,14.7
2026-03-02,R24,1,1,1,0,0,2.9,0.0,21.3
2026-03-03,R24,1,1,1,0,0,3.4,0.0,25.0
2026-03-04,R24,1,1,1,0,0,5.2,0.0,38.2
2026-03-05,R24,1,1,1,0,0,3.2,0.0,23.5
2026-03-06,R24,1,1,1,0,0,5.3,0.0,39.0
2026-03-09,R24,2,1,2,0,1,4.1,0.0,15.1
2026-03-10,R24,2,1,2,0,1,8.5,0.0,31.2
2026-03-11,R24,1,1,1,0,0,5.4,0.0,39.7
2026-03-12,R24,1,1,1,0,0,3.1,0.0,22.8
2026-03-13,R24,1,1,1,0,0,3.1,0.0,22.8
2026-03-16,R24,1,1,1,0,0,5.9,0.0,43.4
2026-03-17,R24,1,2,1,0,0,13.2,0.7,97.1
2026-03-18,R24,1,1,1,0,0,5.0,0.0,41.8
2026-03-19,R24,1,1,1,0,0,6.3,0.0,46.3
2026-03-20,R24,1,1,1,0,0,4.5,0.0,33.1
2026-03-23,R24,1,1,1,0,0,7.5,0.0,55.1
2026-03-24,R24,1,1,1,0,0,6.9,0.0,50.7
2026-03-25,R24,1,1,1,0,0,2.6,0.0,19.1
2026-03-26,R24,1,1,1,0,0,3.1,0.0,22.8
2026-03-27,R24,1,1,1,0,0,2.2,0.0,16.2
2026-03-30,R24,1,1,1,0,0,3.9,0.0,28.7
2026-03-31,R24,1,1,1,0,0,6.2,0.0,45.6
2026-04-01,R24,2,1,2,0,1,5.5,0.0,20.2
2026-04-02,R24,1,1,1,0,0,3.3,0.0,24.3
2026-04-07,R24,1,1,1,0,0,6.3,0.0,46.3
2026-04-08,R24,1,1,1,0,0,3.6,0.0,26.5
2026-04-09,R24,1,1,1,0,0,8.0,0.0,58.8
2026-04-10,R24,0,1,0,0,0,2.7,2.7,0.0
2026-04-13,R24,1,1,1,0,0,7.3,0.0,53.7
2026-04-14,R24,1,1,1,0,0,5.3,0.0,39.0
2026-04-15,R24,1,1,1,0,0,7.3,0.0,53.7
2026-04-16,R24,1,1,1,0,0,6.2,0.0,45.6
2026-04-17,R24,1,1,1,0,0,6.0,0.0,44.1
2026-04-20,R24,0,1,0,1,0,5.9,0.0,43.4
2026-04-21,R24,1,1,1,0,0,2.8,0.0,20.6
2026-04-22,R24,1,1,1,0,0,12.2,0.0,89.7
2026-04-23,R24,1,1,1,0,0,3.2,0.0,23.5
2026-04-24,R24,1,1,1,0,0,5.6,0.0,41.2
2026-04-27,R24,1,1,1,0,0,2.5,0.0,18.4
2026-04-28,R24,1,1,1,0,0,3.5,0.0,25.7
2026-04-29,R24,1,1,1,0,0,8.4,0.0,61.8
2026-04-30,R24,1,1,1,0,0,3.8,0.0,27.9
2026-05-04,R24,1,1,1,0,0,6.1,0.0,44.9
2026-05-05,R24,1,1,1,0,0,5.5,0.0,40.4
2026-05-06,R24,0,1,0,1,0,5.5,0.0,40.4
2026-05-07,R24,1,1,1,0,0,4.0,0.0,29.4
2026-05-08,R24,1,1,1,0,0,2.3,0.0,16.9
2026-05-11,R24,1,1,1,0,0,8.6,0.0,63.2
2026-05-12,R24,1,1,1,0,0,7.8,0.0,57.4
2026-05-13,R24,1,1,1,0,0,8.9,0.0,65.4
2026-05-15,R24,1,1,1,0,0,3.5,0.0,25.7
2026-05-18,R24,1,1,1,0,0,6.7,0.0,49.3
2026-05-19,R24,1,1,1,0,0,8.2,0.0,60.3
2026-05-20,R24,2,1,2,0,1,6.3,0.0,23.2
2026-05-21,R24,1,1,1,0,0,6.4,0.0,47.1
2026-05-22,R24,1,1,1,0,0,4.0,0.0,29.4
2026-05-26,R24,1,1,1,0,0,4.6,0.0,33.8
2026-05-27,R24,1,1,1,0,0,5.7,0.0,41.9
2026-05-28,R24,1,1,1,0,0,3.6,0.0,26.5
2026-05-29,R24,1,1,1,0,0,2.2,0.0,16.2
2026-06-01,R24,1,1,1,0,0,6.3,0.0,46.3
2026-06-02,R24,2,1,2,0,1,4.1,0.0,15.1
2026-06-03,R24,1,1,1,0,0,3.7,0.0,27.2
2026-06-05,R24,1,1,1,0,0,4.8,0.0,35.3
2026-06-08,R24,2,1,2,0,1,7.3,0.0,26.8
2026-06-09,R24,1,1,1,0,0,4.1,0.0,30.1
2026-06-10,R24,1,1,1,0,0,4.9,0.0,36.0
2026-06-11,R24,1,1,1,0,0,4.0,0.0,29.4
2026-06-12,R24,1,1,1,0,0,5.9,0.0,43.4
2026-06-15,R24,2,1,2,0,1,6.6,0.0,24.3
2026-06-16,R24,2,1,2,0,1,9.4,0.0,34.6
2026-06-17,R24,1,1,1,0,0,8.6,0.0,63.2
2026-06-18,R24,1,1,1,0,0,7.5,0.0,55.1
2026-06-19,R24,0,1,0,0,0,5.2,5.2,0.0
2026-06-22,R24,2,1,2,0,1,3.2,0.0,11.8
2026-06-23,R24,1,1,1,0,0,8.9,0.0,65.4
2026-06-24,R24,1,1,1,0,0,3.8,0.0,27.9
2026-06-25,R24,1,1,1,0,0,4.0,0.0,29.4
2026-06-26,R24,1,1,1,0,0,1.9,0.0,14.0
2026-06-29,R24,1,1,1,0,0,2.6,0.0,19.1
2026-06-30,R24,1,1,1,0,0,8.4,0.0,61.8
2026-07-01,R24,1,1,1,0,0,7.2,0.0,52.9
2026-07-02,R24,2,1,2,0,1,7.7,0.0,28.3
2026-07-03,R24,1,1,1,0,0,2.7,0.0,19.9
2026-07-06,R24,2,1,2,0,1,11.4,0.0,41.9
2026-07-07,R24,2,1,2,0,1,6.2,0.0,22.8
2026-07-08,R24,1,1,1,0,0,5.7,0.0,41.9
2026-07-09,R24,2,1,2,0,1,4.4,0.0,16.2
2026-07-10,R24,1,1,1,0,0,2.2,0.0,16.2
2026-07-13,R24,2,1,2,0,1,8.8,0.0,32.4
2026-07-14,R24,1,1,1,0,0,5.0,0.0,36.8
2026-07-15,R24,2,1,2,0,1,8.0,0.0,29.4
2026-07-16,R24,1,1,1,0,0,5.2,0.0,38.2
2026-07-17,R24,1,1,1,0,0,6.0,0.0,44.1
2026-07-20,R24,1,1,1,0,0,3.4,0.0,25.0
2026-07-21,R24,1,1,1,0,0,4.1,0.0,30.1
2026-07-22,R24,1,1,1,0,0,4.3,0.0,31.6
2026-07-23,R24,1,1,1,0,0,4.3,0.0,31.6
2026-07-24,R24,1,1,1,0,0,10.9,0.0,80.1
2026-07-27,R24,1,1,1,0,0,9.1,0.0,66.9
2026-07-28,R24,1,1,1,0,0,8.7,0.0,64.0
2026-07-29,R24,2,1,2,0,1,4.6,0.0,16.9
2026-07-30,R24,1,1,1,0,0,3.1,0.0,22.8
2026-07-31,R24,2,1,2,0,1,4.1,0.0,15.1
2026-08-03,R24,1,1,1,0,0,4.8,0.0,35.3
2026-08-04,R24,1,1,1,0,0,2.6,0.0,19.1
2026-08-05,R24,1,1,1,0,0,3.0,0.0,22.1
2026-08-06,R24,2,1,2,0,1,7.5,0.0,27.6
2026-08-07,R24,1,1,1,0,0,3.7,0.0,27.2
2026-08-10,R24,1,1,1,0,0,2.6,0.0,19.1
2026-08-11,R24,2,1,2,0,1,5.3,0.0,19.5
2026-08-12,R24,2,1,2,0,1,3.2,0.0,11.8
2026-08-13,R24,2,1,2,0,1,7.6,0.0,27.9
2026-08-14,R24,1,1,1,0,0,2.4,0.0,17.6
2026-08-17,R24,2,1,2,0,1,3.7,0.0,13.6
2026-08-18,R24,2,1,2,0,1,6.1,0.0,22.4
2026-08-19,R24,1,1,1,0,0,2.0,0.0,14.7
2026-08-20,R24,1,1,1,0,0,6.8,0.0,50.0
2026-08-21,R24,1,1,1,0,0,1.3,0.0,9.6
2026-08-24,R24,2,1,2,0,1,7.0,0.0,25.7
2026-08-25,R24,2,1,2,0,1,4.9,0.0,18.0
2026-08-26,R24,1,1,1,0,0,4.5,0.0,33.1
2026-08-27,R24,1,1,1,0,0,4.6,0.0,33.8
2026-08-28,R24,1,1,1,0,0,4.2,0.0,30.9
2026-08-31,R24,1,1,1,0,0,4.7,0.0,34.6
2024-01-02,R25,1,1,1,0,0,5.8,0.0,42.6
2024-01-03,R25,1,1,1,0,0,4.5,0.0,33.1
2024-01-04,R25,1,1,1,0,0,2.4,0.0,17.6
2024-01-05,R25,1,1,1,0,0,5.5,0.0,40.4
2024-01-08,R25,1,1,1,0,0,4.1,0.0,30.1
2024-01-09,R25,1,1,1,0,0,6.5,0.0,47.8
2024-01-10,R25,1,1,1,0,0,7.6,0.0,55.9
2024-01-11,R25,1,1,1,0,0,4.3,0.0,31.6
2024-01-12,R25,0,1,0,0,0,1.7,1.7,0.0
2024-01-15,R25,2,1,2,0,1,6.9,0.0,25.4
2024-01-16,R25,1,1,1,0,0,6.1,0.0,44.9
2024-01-17,R25,1,1,1,0,0,1.2,0.0,8.8
2024-01-18,R25,1,1,1,0,0,5.0,0.0,36.8
2024-01-19,R25,1,1,1,0,0,10.2,0.0,75.0
2024-01-22,R25,1,1,1,0,0,2.5,0.0,18.4
2024-01-23,R25,1,1,1,0,0,12.4,0.0,91.2
2024-01-24,R25,1,1,1,0,0,3.9,0.0,28.7
2024-01-25,R25,1,1,1,0,0,10.1,0.0,74.3
2024-01-26,R25,1,1,1,0,0,2.5,0.0,18.4
2024-01-29,R25,2,1,2,0,1,9.2,0.0,33.8
2024-01-30,R25,1,1,1,0,0,7.8,0.0,57.4
2024-01-31,R25,1,1,1,0,0,4.4,0.0,32.4
2024-02-01,R25,1,1,1,0,0,9.9,0.0,72.8
2024-02-02,R25,1,1,1,0,0,3.5,0.0,25.7
2024-02-05,R25,1,1,1,0,0,8.7,0.0,64.0
2024-02-06,R25,1,1,1,0,0,12.4,0.0,91.2
2024-02-07,R25,1,1,1,0,0,2.3,0.0,16.9
2024-02-08,R25,1,1,1,0,0,6.0,0.0,44.1
2024-02-09,R25,1,1,1,0,0,2.4,0.0,17.6
2024-02-12,R25,1,1,1,0,0,7.6,0.0,55.9
2024-02-13,R25,1,1,1,0,0,5.5,0.0,40.4
2024-02-14,R25,1,1,1,0,0,4.0,0.0,29.4
2024-02-15,R25,1,1,1,0,0,4.8,0.0,35.3
2024-02-16,R25,1,1,1,0,0,4.1,0.0,30.1
2024-02-19,R25,1,1,1,0,0,5.0,0.0,36.8
2024-02-20,R25,1,1,1,0,0,7.0,0.0,51.5
2024-02-21,R25,1,1,1,0,0,6.6,0.0,48.5
2024-02-22,R25,1,1,1,0,0,3.3,0.0,24.3
2024-02-23,R25,1,1,1,0,0,4.2,0.0,30.9
2024-02-26,R25,1,1,1,0,0,6.0,0.0,44.1
2024-02-27,R25,1,1,1,0,0,5.8,0.0,42.6
2024-02-28,R25,1,1,1,0,0,9.3,0.0,68.4
2024-02-29,R25,1,1,1,0,0,3.3,0.0,24.3
2024-03-01,R25,1,1,1,0,0,4.3,0.0,31.6
2024-03-04,R25,2,1,2,0,1,4.8,0.0,17.6
2024-03-05,R25,1,1,1,0,0,9.2,0.0,67.6
2024-03-06,R25,1,1,1,0,0,5.6,0.0,41.2
2024-03-07,R25,1,1,1,0,0,3.5,0.0,25.7
2024-03-08,R25,1,1,1,0,0,9.4,0.0,69.1
2024-03-11,R25,1,1,1,0,0,8.4,0.0,61.8
2024-03-12,R25,1,1,1,0,0,6.8,0.0,50.0
2024-03-13,R25,0,1,0,0,0,5.6,5.6,0.0
2024-03-14,R25,1,1,1,0,0,6.7,0.0,90.4
2024-03-15,R25,1,1,1,0,0,4.0,0.0,29.4
2024-03-18,R25,1,1,1,0,0,7.6,0.0,55.9
2024-03-19,R25,1,1,1,0,0,5.8,0.0,42.6
2024-03-20,R25,1,1,1,0,0,2.9,0.0,21.3
2024-03-21,R25,1,1,1,0,0,7.5,0.0,55.1
2024-03-22,R25,1,1,1,0,0,5.5,0.0,40.4
2024-03-25,R25,2,1,2,0,1,1.9,0.0,7.0
2024-03-26,R25,1,1,1,0,0,6.4,0.0,47.1
2024-03-27,R25,1,1,1,0,0,10.4,0.0,76.5
2024-03-28,R25,1,1,1,0,0,6.0,0.0,44.1
2024-04-02,R25,1,1,1,0,0,6.8,0.0,50.0
2024-04-03,R25,1,1,1,0,0,5.7,0.0,41.9
2024-04-04,R25,1,1,1,0,0,8.7,0.0,64.0
2024-04-05,R25,1,1,1,0,0,2.4,0.0,17.6
2024-04-08,R25,1,1,1,0,0,6.8,0.0,50.0
2024-04-09,R25,1,2,1,0,0,13.8,1.3,100.0
2024-04-10,R25,1,1,1,0,0,9.4,0.0,78.6
2024-04-11,R25,1,1,1,0,0,12.4,0.0,91.2
2024-04-12,R25,1,1,1,0,0,5.6,0.0,41.2
2024-04-15,R25,1,1,1,0,0,7.3,0.0,53.7
2024-04-16,R25,1,1,1,0,0,2.2,0.0,16.2
2024-04-17,R25,1,1,1,0,0,4.7,0.0,34.6
2024-04-18,R25,1,1,1,0,0,2.8,0.0,20.6
2024-04-19,R25,1,1,1,0,0,5.2,0.0,38.2
2024-04-22,R25,1,1,1,0,0,6.1,0.0,44.9
2024-04-23,R25,2,1,2,0,1,10.4,0.0,38.2
2024-04-24,R25,1,1,1,0,0,3.6,0.0,26.5
2024-04-25,R25,2,2,2,0,0,16.3,0.0,59.9
2024-04-26,R25,1,1,1,0,0,5.2,0.0,38.2
2024-04-29,R25,2,1,2,0,1,8.4,0.0,30.9
2024-04-30,R25,1,1,1,0,0,6.4,0.0,47.1
2024-05-02,R25,2,1,2,0,1,8.8,0.0,32.4
2024-05-03,R25,1,1,1,0,0,2.8,0.0,20.6
2024-05-06,R25,1,1,1,0,0,5.2,0.0,38.2
2024-05-07,R25,1,1,1,0,0,3.1,0.0,22.8
2024-05-08,R25,1,1,1,0,0,6.5,0.0,47.8
2024-05-10,R25,0,1,0,0,0,3.7,3.7,0.0
2024-05-13,R25,1,2,1,0,0,10.1,1.3,74.3
2024-05-14,R25,2,1,2,0,1,2.2,0.0,12.8
2024-05-15,R25,1,1,1,0,0,3.6,0.0,26.5
2024-05-16,R25,1,1,1,0,0,8.7,0.0,64.0
2024-05-17,R25,0,1,0,1,0,6.8,0.0,50.0
2024-05-21,R25,1,1,1,0,0,8.7,0.0,64.0
2024-05-22,R25,1,1,1,0,0,2.8,0.0,20.6
2024-05-23,R25,1,1,1,0,0,6.6,0.0,48.5
2024-05-24,R25,1,1,1,0,0,4.7,0.0,34.6
2024-05-27,R25,2,1,2,0,1,7.3,0.0,26.8
2024-05-28,R25,1,1,1,0,0,8.7,0.0,64.0
2024-05-29,R25,1,2,1,0,0,13.6,1.1,100.0
2024-05-31,R25,1,1,1,0,0,6.3,0.0,46.3
2024-06-03,R25,1,1,1,0,0,6.5,0.0,47.8
2024-06-04,R25,1,1,1,0,0,4.7,0.0,34.6
2024-06-05,R25,2,1,2,0,1,4.7,0.0,17.3
2024-06-06,R25,1,1,1,0,0,10.9,0.0,80.1
2024-06-07,R25,1,1,1,0,0,3.7,0.0,27.2
2024-06-10,R25,1,1,1,0,0,2.7,0.0,19.9
2024-06-11,R25,1,1,1,0,0,3.3,0.0,24.3
2024-06-12,R25,1,1,1,0,0,6.7,0.0,49.3
2024-06-13,R25,1,1,1,0,0,7.3,0.0,53.7
2024-06-14,R25,1,1,1,0,0,3.7,0.0,27.2
2024-06-17,R25,2,1,2,0,1,9.4,0.0,34.6
2024-06-18,R25,1,1,1,0,0,4.2,0.0,30.9
2024-06-19,R25,1,1,1,0,0,8.6,0.0,63.2
2024-06-20,R25,1,1,1,0,0,6.7,0.0,49.3
2024-06-21,R25,1,1,1,0,0,7.5,0.0,55.1
2024-06-24,R25,1,2,1,0,0,14.3,1.8,100.0
2024-06-25,R25,1,2,1,0,0,11.4,0.7,97.0
2024-06-26,R25,1,1,1,0,0,5.6,0.0,46.1
2024-06-27,R25,1,1,1,0,0,4.2,0.0,30.9
2024-06-28,R25,1,1,1,0,0,4.4,0.0,32.4
2024-07-01,R25,2,2,2,0,0,22.4,0.0,82.4
2024-07-02,R25,1,1,1,0,0,2.8,0.0,20.6
2024-07-03,R25,2,1,2,0,1,6.7,0.0,24.6
2024-07-04,R25,1,1,1,0,0,7.2,0.0,52.9
2024-07-05,R25,1,1,1,0,0,7.0,0.0,51.5
2024-07-08,R25,3,1,3,0,2,7.6,0.0,18.6
2024-07-09,R25,2,1,2,0,1,6.6,0.0,24.3
2024-07-10,R25,2,1,2,0,1,8.2,0.0,30.1
2024-07-11,R25,2,1,2,0,1,4.5,0.0,16.5
2024-07-12,R25,1,1,1,0,0,4.8,0.0,35.3
2024-07-15,R25,3,1,3,0,2,11.2,0.0,27.5
2024-07-16,R25,1,1,1,0,0,7.3,0.0,53.7
2024-07-17,R25,1,1,1,0,0,5.1,0.0,37.5
2024-07-18,R25,2,1,2,0,1,8.2,0.0,30.1
2024-07-19,R25,1,1,1,0,0,6.1,0.0,44.9
2024-07-22,R25,2,1,2,0,1,7.4,0.0,27.2
2024-07-23,R25,1,1,1,0,0,9.4,0.0,69.1
2024-07-24,R25,1,1,1,0,0,4.3,0.0,31.6
2024-07-25,R25,1,1,1,0,0,9.5,0.0,69.9
2024-07-26,R25,1,1,1,0,0,3.0,0.0,22.1
2024-07-29,R25,1,1,1,0,0,6.9,0.0,50.7
2024-07-30,R25,1,1,1,0,0,6.7,0.0,49.3
2024-07-31,R25,1,1,1,0,0,6.3,0.0,46.3
2024-08-01,R25,1,1,1,0,0,4.4,0.0,32.4
2024-08-02,R25,1,1,1,0,0,4.2,0.0,30.9
2024-08-05,R25,1,1,1,0,0,7.7,0.0,56.6
2024-08-06,R25,2,1,2,0,1,11.8,0.0,43.4
2024-08-07,R25,1,1,1,0,0,4.9,0.0,36.0
2024-08-08,R25,2,1,2,0,1,4.3,0.0,15.8
2024-08-09,R25,1,1,1,0,0,8.3,0.0,61.0
2024-08-12,R25,1,1,1,0,0,10.3,0.0,75.7
2024-08-13,R25,1,1,1,0,0,4.5,0.0,33.1
2024-08-14,R25,1,1,1,0,0,4.0,0.0,29.4
2024-08-15,R25,1,1,1,0,0,9.5,0.0,69.9
2024-08-16,R25,1,1,1,0,0,8.0,0.0,58.8
2024-08-19,R25,1,1,1,0,0,8.7,0.0,64.0
2024-08-20,R25,1,1,1,0,0,10.3,0.0,75.7
2024-08-21,R25,1,1,1,0,0,3.1,0.0,22.8
2024-08-22,R25,1,1,1,0,0,8.6,0.0,63.2
2024-08-23,R25,1,1,1,0,0,5.6,0.0,41.2
2024-08-26,R25,2,1,2,0,1,6.2,0.0,22.8
2024-08-27,R25,1,1,1,0,0,4.9,0.0,36.0
2024-08-28,R25,1,1,1,0,0,8.8,0.0,64.7
2024-08-29,R25,1,1,1,0,0,8.3,0.0,61.0
2024-08-30,R25,1,1,1,0,0,6.2,0.0,45.6
2024-09-02,R25,1,2,1,0,0,14.0,1.5,100.0
2024-09-03,R25,1,2,1,0,0,12.2,1.2,100.0
2024-09-04,R25,1,1,1,0,0,4.9,0.0,44.7
2024-09-05,R25,1,1,1,0,0,11.1,0.0,81.6
2024-09-06,R25,1,1,1,0,0,3.1,0.0,22.8
2024-09-09,R25,1,1,1,0,0,9.0,0.0,66.2
2024-09-10,R25,1,1,1,0,0,5.7,0.0,41.9
2024-09-11,R25,1,2,1,0,0,16.1,3.6,100.0
2024-09-12,R25,1,2,1,0,0,11.7,2.8,100.0
2024-09-13,R25,1,1,1,0,0,4.3,0.0,52.0
2024-09-16,R25,2,1,2,0,1,7.5,0.0,27.6
2024-09-17,R25,1,1,1,0,0,9.3,0.0,68.4
2024-09-18,R25,1,1,1,0,0,3.1,0.0,22.8
2024-09-19,R25,1,1,1,0,0,6.1,0.0,44.9
2024-09-20,R25,1,1,1,0,0,4.5,0.0,33.1
2024-09-23,R25,2,1,2,0,1,6.1,0.0,22.4
2024-09-24,R25,1,1,1,0,0,10.3,0.0,75.7
2024-09-25,R25,1,1,1,0,0,6.3,0.0,46.3
2024-09-26,R25,1,1,1,0,0,5.3,0.0,39.0
2024-09-27,R25,1,1,1,0,0,2.3,0.0,16.9
2024-09-30,R25,1,2,1,0,0,13.8,1.3,100.0
2024-10-01,R25,1,1,1,0,0,4.9,0.0,45.5
2024-10-02,R25,1,1,1,0,0,5.7,0.0,41.9
2024-10-04,R25,1,1,1,0,0,3.6,0.0,26.5
2024-10-07,R25,2,1,2,0,1,5.4,0.0,19.9
2024-10-08,R25,1,1,1,0,0,5.4,0.0,39.7
2024-10-09,R25,0,1,0,0,0,4.5,4.5,0.0
2024-10-10,R25,1,1,1,0,0,7.0,0.0,84.6
2024-10-11,R25,1,1,1,0,0,3.8,0.0,27.9
2024-10-14,R25,2,2,2,0,0,20.8,0.0,76.5
2024-10-15,R25,1,1,1,0,0,7.8,0.0,57.4
2024-10-16,R25,1,1,1,0,0,6.4,0.0,47.1
2024-10-17,R25,1,1,1,0,0,11.7,0.0,86.0
2024-10-18,R25,1,1,1,0,0,6.4,0.0,47.1
2024-10-21,R25,2,1,2,0,1,10.1,0.0,37.1
2024-10-22,R25,1,1,1,0,0,8.6,0.0,63.2
2024-10-23,R25,1,1,1,0,0,4.1,0.0,30.1
2024-10-24,R25,1,1,1,0,0,10.6,0.0,77.9
2024-10-25,R25,1,1,1,0,0,3.5,0.0,25.7
2024-10-28,R25,2,2,2,0,0,13.5,0.0,49.6
2024-10-29,R25,2,1,2,0,1,9.8,0.0,36.0
2024-10-30,R25,1,1,1,0,0,3.2,0.0,23.5
2024-10-31,R25,1,1,1,0,0,2.1,0.0,15.4
2024-11-04,R25,2,1,2,0,1,3.6,0.0,13.2
2024-11-05,R25,1,1,1,0,0,6.3,0.0,46.3
2024-11-06,R25,1,1,1,0,0,7.6,0.0,55.9
2024-11-07,R25,1,1,1,0,0,4.7,0.0,34.6
2024-11-08,R25,1,1,1,0,0,3.6,0.0,26.5
2024-11-11,R25,2,2,2,0,0,12.6,0.0,46.3
2024-11-12,R25,1,1,1,0,0,7.0,0.0,51.5
2024-11-13,R25,1,1,1,0,0,4.9,0.0,36.0
2024-11-14,R25,1,1,1,0,0,1.5,0.0,11.0
2024-11-15,R25,1,1,1,0,0,3.4,0.0,25.0
2024-11-18,R25,2,1,2,0,1,8.0,0.0,29.4
2024-11-19,R25,1,1,1,0,0,5.1,0.0,37.5
2024-11-20,R25,1,1,1,0,0,5.0,0.0,36.8
2024-11-21,R25,1,1,1,0,0,8.6,0.0,63.2
2024-11-22,R25,1,1,1,0,0,9.7,0.0,71.3
2024-11-25,R25,1,1,1,0,0,5.4,0.0,39.7
2024-11-26,R25,2,1,2,0,1,8.2,0.0,30.1
2024-11-27,R25,1,1,1,0,0,7.6,0.0,55.9
2024-11-28,R25,1,1,1,0,0,6.1,0.0,44.9
2024-11-29,R25,1,1,1,0,0,1.1,0.0,8.1
2024-12-02,R25,1,1,1,0,0,3.9,0.0,28.7
2024-12-03,R25,1,1,1,0,0,5.1,0.0,37.5
2024-12-04,R25,1,1,1,0,0,2.2,0.0,16.2
2024-12-05,R25,1,1,1,0,0,5.0,0.0,36.8
2024-12-06,R25,1,1,1,0,0,7.3,0.0,53.7
2024-12-09,R25,2,1,2,0,1,7.8,0.0,28.7
2024-12-10,R25,1,1,1,0,0,5.6,0.0,41.2
2024-12-11,R25,1,1,1,0,0,5.3,0.0,39.0
2024-12-12,R25,1,1,1,0,0,4.6,0.0,33.8
2024-12-13,R25,1,1,1,0,0,2.2,0.0,16.2
2024-12-16,R25,1,1,1,0,0,8.9,0.0,65.4
2024-12-17,R25,1,1,1,0,0,7.7,0.0,56.6
2024-12-18,R25,1,1,1,0,0,2.8,0.0,20.6
2024-12-19,R25,1,1,1,0,0,3.3,0.0,24.3
2024-12-20,R25,1,1,1,0,0,4.8,0.0,35.3
2024-12-23,R25,1,1,1,0,0,2.5,0.0,18.4
2024-12-24,R25,1,1,1,0,0,3.9,0.0,28.7
2024-12-27,R25,1,1,1,0,0,2.7,0.0,19.9
2024-12-30,R25,1,1,1,0,0,5.6,0.0,41.2
2024-12-31,R25,1,1,1,0,0,6.5,0.0,47.8
2025-01-02,R25,1,1,1,0,0,5.7,0.0,41.9
2025-01-03,R25,1,1,1,0,0,3.8,0.0,27.9
2025-01-07,R25,1,1,1,0,0,3.5,0.0,25.7
2025-01-08,R25,1,1,1,0,0,4.5,0.0,33.1
2025-01-09,R25,1,1,1,0,0,3.9,0.0,28.7
2025-01-10,R25,1,1,1,0,0,6.1,0.0,44.9
2025-01-13,R25,1,1,1,0,0,7.6,0.0,55.9
2025-01-14,R25,0,1,0,0,0,3.9,3.9,0.0
2025-01-15,R25,1,1,1,0,0,2.9,0.0,50.0
2025-01-16,R25,1,1,1,0,0,3.3,0.0,24.3
2025-01-17,R25,1,1,1,0,0,4.0,0.0,29.4
2025-01-20,R25,1,1,1,0,0,7.9,0.0,58.1
2025-01-21,R25,1,1,1,0,0,6.6,0.0,48.5
2025-01-22,R25,1,1,1,0,0,3.6,0.0,26.5
2025-01-23,R25,1,1,1,0,0,6.9,0.0,50.7
2025-01-24,R25,1,1,1,0,0,2.9,0.0,21.3
2025-01-27,R25,1,1,1,0,0,7.4,0.0,54.4
2025-01-28,R25,1,1,1,0,0,10.0,0.0,73.5
2025-01-29,R25,1,1,1,0,0,3.9,0.0,28.7
2025-01-30,R25,1,1,1,0,0,11.8,0.0,86.8
2025-01-31,R25,1,1,1,0,0,12.4,0.0,91.2
2025-02-03,R25,2,1,2,0,1,11.0,0.0,40.4
2025-02-04,R25,1,1,1,0,0,6.7,0.0,49.3
2025-02-05,R25,1,1,1,0,0,5.7,0.0,41.9
2025-02-06,R25,1,1,1,0,0,7.5,0.0,55.1
2025-02-07,R25,1,1,1,0,0,1.2,0.0,8.8
2025-02-10,R25,1,1,1,0,0,7.3,0.0,53.7
2025-02-11,R25,1,1,1,0,0,1.5,0.0,11.0
2025-02-12,R25,1,1,1,0,0,8.0,0.0,58.8
2025-02-13,R25,1,1,1,0,0,4.8,0.0,35.3
2025-02-14,R25,1,1,1,0,0,4.4,0.0,32.4
2025-02-17,R25,1,1,1,0,0,8.0,0.0,58.8
2025-02-18,R25,1,1,1,0,0,8.6,0.0,63.2
2025-02-19,R25,1,1,1,0,0,4.2,0.0,30.9
2025-02-20,R25,1,1,1,0,0,3.9,0.0,28.7
2025-02-21,R25,1,1,1,0,0,2.2,0.0,16.2
2025-02-24,R25,1,1,1,0,0,7.7,0.0,56.6
2025-02-25,R25,1,1,1,0,0,3.8,0.0,27.9
2025-02-26,R25,1,1,1,0,0,10.4,0.0,76.5
2025-02-27,R25,1,1,1,0,0,5.5,0.0,40.4
2025-02-28,R25,1,2,1,0,0,13.0,0.5,95.6
2025-03-03,R25,1,1,1,0,0,4.7,0.0,34.6
2025-03-04,R25,1,1,1,0,0,8.2,0.0,60.3
2025-03-05,R25,1,1,1,0,0,11.3,0.0,83.1
2025-03-06,R25,1,1,1,0,0,4.7,0.0,34.6
2025-03-07,R25,2,1,2,0,1,2.9,0.0,10.7
2025-03-10,R25,2,2,2,0,0,13.8,0.0,50.7
2025-03-11,R25,1,1,1,0,0,3.7,0.0,27.2
2025-03-12,R25,1,1,1,0,0,2.6,0.0,19.1
2025-03-13,R25,1,1,1,0,0,5.9,0.0,43.4
2025-03-14,R25,1,1,1,0,0,4.2,0.0,30.9
2025-03-17,R25,2,1,2,0,1,6.4,0.0,23.5
2025-03-18,R25,1,1,1,0,0,4.6,0.0,33.8
2025-03-19,R25,1,1,1,0,0,1.9,0.0,14.0
2025-03-20,R25,1,1,1,0,0,12.0,0.0,88.2
2025-03-21,R25,1,1,1,0,0,4.0,0.0,29.4
2025-03-24,R25,2,1,2,0,1,7.0,0.0,25.7
2025-03-25,R25,1,1,1,0,0,9.4,0.0,69.1
2025-03-26,R25,2,1,2,0,1,9.9,0.0,36.4
2025-03-27,R25,1,1,1,0,0,4.8,0.0,35.3
2025-03-28,R25,1,1,1,0,0,7.3,0.0,53.7
2025-03-31,R25,1,1,1,0,0,4.8,0.0,35.3
2025-04-01,R25,1,1,1,0,0,8.8,0.0,64.7
2025-04-02,R25,1,1,1,0,0,6.1,0.0,44.9
2025-04-03,R25,1,1,1,0,0,4.7,0.0,34.6
2025-04-04,R25,1,1,1,0,0,5.0,0.0,36.8
2025-04-07,R25,1,1,1,0,0,10.2,0.0,75.0
2025-04-08,R25,1,1,1,0,0,5.7,0.0,41.9
2025-04-09,R25,1,1,1,0,0,3.0,0.0,22.1
2025-04-10,R25,1,1,1,0,0,5.1,0.0,37.5
2025-04-11,R25,1,1,1,0,0,4.2,0.0,30.9
2025-04-14,R25,2,1,2,0,1,11.7,0.0,43.0
2025-04-15,R25,1,1,1,0,0,9.7,0.0,71.3
2025-04-16,R25,1,1,1,0,0,4.5,0.0,33.1
2025-04-17,R25,1,1,1,0,0,10.1,0.0,74.3
2025-04-22,R25,1,1,1,0,0,9.2,0.0,67.6
2025-04-23,R25,1,1,1,0,0,2.9,0.0,21.3
2025-04-24,R25,1,1,1,0,0,3.0,0.0,22.1
2025-04-25,R25,1,1,1,0,0,6.7,0.0,49.3
2025-04-28,R25,1,1,1,0,0,10.5,0.0,77.2
2025-04-29,R25,1,1,1,0,0,11.5,0.0,84.6
2025-04-30,R25,0,1,0,1,0,11.9,0.0,87.5
2025-05-02,R25,1,1,1,0,0,4.9,0.0,36.0
2025-05-05,R25,1,1,1,0,0,4.5,0.0,33.1
2025-05-06,R25,1,1,1,0,0,8.1,0.0,59.6
2025-05-07,R25,1,1,1,0,0,3.6,0.0,26.5
2025-05-08,R25,1,1,1,0,0,7.4,0.0,54.4
2025-05-09,R25,1,1,1,0,0,5.8,0.0,42.6
2025-05-12,R25,1,1,1,0,0,7.6,0.0,55.9
2025-05-13,R25,1,1,1,0,0,7.4,0.0,54.4
2025-05-14,R25,1,1,1,0,0,9.4,0.0,69.1
2025-05-15,R25,1,1,1,0,0,7.7,0.0,56.6
2025-05-16,R25,1,1,1,0,0,6.9,0.0,50.7
2025-05-19,R25,2,2,2,0,0,16.6,0.0,61.0
2025-05-20,R25,1,1,1,0,0,8.4,0.0,61.8
2025-05-21,R25,2,2,2,0,0,14.9,0.0,54.8
2025-05-22,R25,1,1,1,0,0,8.0,0.0,58.8
2025-05-23,R25,1,1,1,0,0,7.7,0.0,56.6
2025-05-26,R25,1,2,1,0,0,13.2,0.7,97.1
2025-05-27,R25,2,1,2,0,1,8.9,0.0,35.2
2025-05-28,R25,1,1,1,0,0,6.8,0.0,50.0
2025-05-30,R25,1,1,1,0,0,3.1,0.0,22.8
2025-06-02,R25,3,1,3,0,2,9.5,0.0,23.3
2025-06-03,R25,1,1,1,0,0,10.4,0.0,76.5
2025-06-04,R25,1,1,1,0,0,7.5,0.0,55.1
2025-06-05,R25,1,1,1,0,0,5.4,0.0,39.7
2025-06-06,R25,1,2,1,0,0,13.8,1.3,100.0
2025-06-10,R25,1,1,1,0,0,8.0,0.0,58.8
2025-06-11,R25,1,1,1,0,0,8.8,0.0,64.7
2025-06-12,R25,1,1,1,0,0,9.4,0.0,69.1
2025-06-13,R25,1,1,1,0,0,6.3,0.0,46.3
2025-06-16,R25,1,1,1,0,0,9.0,0.0,66.2
2025-06-17,R25,1,1,1,0,0,6.9,0.0,50.7
2025-06-18,R25,1,1,1,0,0,9.4,0.0,69.1
2025-06-20,R25,1,1,1,0,0,2.5,0.0,18.4
2025-06-23,R25,2,2,2,0,0,13.2,0.0,48.5
2025-06-24,R25,2,2,2,0,0,16.4,0.0,60.3
2025-06-25,R25,1,1,1,0,0,2.5,0.0,18.4
2025-06-26,R25,1,1,1,0,0,9.6,0.0,70.6
2025-06-27,R25,1,1,1,0,0,8.1,0.0,59.6
2025-06-30,R25,2,2,2,0,0,18.8,0.0,69.1
2025-07-01,R25,1,1,1,0,0,6.1,0.0,44.9
2025-07-02,R25,1,1,1,0,0,6.7,0.0,49.3
2025-07-03,R25,1,1,1,0,0,7.1,0.0,52.2
2025-07-04,R25,1,1,1,0,0,4.5,0.0,33.1
2025-07-07,R25,2,2,2,0,0,14.2,0.0,52.2
2025-07-08,R25,1,1,1,0,0,7.0,0.0,51.5
2025-07-09,R25,1,1,1,0,0,9.9,0.0,72.8
2025-07-10,R25,1,1,1,0,0,8.8,0.0,64.7
2025-07-11,R25,1,1,1,0,0,5.4,0.0,39.7
2025-07-14,R25,3,1,3,0,2,6.1,0.0,15.0
2025-07-15,R25,1,1,1,0,0,9.6,0.0,70.6
2025-07-16,R25,1,1,1,0,0,8.6,0.0,63.2
2025-07-17,R25,1,1,1,0,0,8.6,0.0,63.2
2025-07-18,R25,1,1,1,0,0,7.1,0.0,52.2
2025-07-21,R25,2,1,2,0,1,4.2,0.0,15.4
2025-07-22,R25,1,1,1,0,0,5.4,0.0,39.7
2025-07-23,R25,1,1,1,0,0,10.0,0.0,73.5
2025-07-24,R25,1,1,1,0,0,4.7,0.0,34.6
2025-07-25,R25,1,2,1,0,0,14.1,1.6,100.0
2025-07-28,R25,2,1,2,0,1,6.7,0.0,24.6
2025-07-29,R25,1,1,1,0,0,10.7,0.0,78.7
2025-07-30,R25,1,1,1,0,0,6.7,0.0,49.3
2025-07-31,R25,2,1,2,0,1,3.2,0.0,11.8
2025-08-01,R25,1,1,1,0,0,6.9,0.0,50.7
2025-08-04,R25,2,1,2,0,1,7.2,0.0,26.5
2025-08-05,R25,1,1,1,0,0,5.5,0.0,40.4
2025-08-06,R25,1,1,1,0,0,6.3,0.0,46.3
2025-08-07,R25,1,1,1,0,0,2.4,0.0,17.6
2025-08-08,R25,2,1,2,0,1,2.0,0.0,7.4
2025-08-11,R25,2,1,2,0,1,11.6,0.0,42.6
2025-08-12,R25,1,1,1,0,0,4.5,0.0,33.1
2025-08-13,R25,1,1,1,0,0,4.3,0.0,31.6
2025-08-14,R25,1,1,1,0,0,6.4,0.0,47.1
2025-08-15,R25,1,1,1,0,0,4.4,0.0,32.4
2025-08-18,R25,2,1,2,0,1,3.5,0.0,12.9
2025-08-19,R25,1,1,1,0,0,7.4,0.0,54.4
2025-08-20,R25,1,1,1,0,0,5.3,0.0,39.0
2025-08-21,R25,1,1,1,0,0,4.2,0.0,30.9
2025-08-22,R25,1,1,1,0,0,6.7,0.0,49.3
2025-08-25,R25,2,1,2,0,1,5.2,0.0,19.1
2025-08-26,R25,1,1,1,0,0,5.5,0.0,40.4
2025-08-27,R25,2,1,2,0,1,4.4,0.0,16.2
2025-08-28,R25,1,1,1,0,0,11.7,0.0,86.0
2025-08-29,R25,1,1,1,0,0,8.5,0.0,62.5
2025-09-01,R25,1,1,1,0,0,10.3,0.0,75.7
2025-09-02,R25,1,1,1,0,0,6.1,0.0,44.9
2025-09-03,R25,1,1,1,0,0,3.5,0.0,25.7
2025-09-04,R25,1,1,1,0,0,4.7,0.0,34.6
2025-09-05,R25,1,1,1,0,0,8.7,0.0,64.0
2025-09-08,R25,1,1,1,0,0,4.2,0.0,30.9
2025-09-09,R25,2,1,2,0,1,3.7,0.0,13.6
2025-09-10,R25,1,1,1,0,0,2.8,0.0,20.6
2025-09-11,R25,1,1,1,0,0,2.2,0.0,16.2
2025-09-12,R25,1,1,1,0,0,4.8,0.0,35.3
2025-09-15,R25,2,1,2,0,1,9.2,0.0,33.8
2025-09-16,R25,1,1,1,0,0,3.2,0.0,23.5
2025-09-17,R25,1,1,1,0,0,4.5,0.0,33.1
2025-09-18,R25,1,1,1,0,0,10.8,0.0,79.4
2025-09-19,R25,1,1,1,0,0,4.7,0.0,34.6
2025-09-22,R25,2,1,2,0,1,5.3,0.0,19.5
2025-09-23,R25,1,1,1,0,0,8.7,0.0,64.0
2025-09-24,R25,1,1,1,0,0,2.4,0.0,17.6
2025-09-25,R25,1,1,1,0,0,8.3,0.0,61.0
2025-09-26,R25,0,1,0,0,0,3.1,3.1,0.0
2025-09-29,R25,2,2,2,0,0,15.0,0.0,55.1
2025-09-30,R25,2,1,2,0,1,4.4,0.0,16.2
2025-10-01,R25,1,1,1,0,0,5.3,0.0,39.0
2025-10-02,R25,1,1,1,0,0,7.0,0.0,51.5
2025-10-06,R25,1,1,1,0,0,12.1,0.0,89.0
2025-10-07,R25,1,1,1,0,0,7.4,0.0,54.4
2025-10-08,R25,1,1,1,0,0,4.8,0.0,35.3
2025-10-09,R25,1,1,1,0,0,3.7,0.0,27.2
2025-10-10,R25,0,1,0,0,0,4.5,4.5,0.0
2025-10-13,R25,2,1,2,0,1,1.4,0.0,5.1
2025-10-14,R25,1,1,1,0,0,9.0,0.0,66.2
2025-10-15,R25,1,1,1,0,0,7.1,0.0,52.2
2025-10-16,R25,1,1,1,0,0,5.7,0.0,41.9
2025-10-17,R25,1,1,1,0,0,5.0,0.0,36.8
2025-10-20,R25,2,1,2,0,1,9.5,0.0,34.9
2025-10-21,R25,2,1,2,0,1,3.5,0.0,12.9
2025-10-22,R25,1,1,1,0,0,9.0,0.0,66.2
2025-10-23,R25,1,1,1,0,0,2.3,0.0,16.9
2025-10-24,R25,1,1,1,0,0,8.2,0.0,60.3
2025-10-27,R25,2,2,2,0,0,13.4,0.0,49.3
2025-10-28,R25,1,1,1,0,0,2.5,0.0,18.4
2025-10-29,R25,1,1,1,0,0,3.9,0.0,28.7
2025-10-30,R25,1,1,1,0,0,2.9,0.0,21.3
2025-10-31,R25,1,2,1,0,0,13.4,0.9,98.5
2025-11-03,R25,1,1,1,0,0,8.6,0.0,63.2
2025-11-04,R25,1,1,1,0,0,9.8,0.0,72.1
2025-11-05,R25,1,1,1,0,0,6.7,0.0,49.3
2025-11-06,R25,1,1,1,0,0,8.6,0.0,63.2
2025-11-07,R25,1,1,1,0,0,8.1,0.0,59.6
2025-11-10,R25,3,1,3,0,2,5.7,0.0,14.0
2025-11-11,R25,1,1,1,0,0,5.4,0.0,39.7
2025-11-12,R25,1,1,1,0,0,1.5,0.0,11.0
2025-11-13,R25,1,1,1,0,0,6.1,0.0,44.9
2025-11-14,R25,1,1,1,0,0,6.0,0.0,44.1
2025-11-17,R25,2,2,2,0,0,13.6,0.0,50.0
2025-11-18,R25,1,1,1,0,0,8.6,0.0,63.2
2025-11-19,R25,1,1,1,0,0,4.0,0.0,29.4
2025-11-20,R25,1,2,1,0,0,15.1,2.6,100.0
2025-11-21,R25,1,1,1,0,0,2.3,0.0,35.9
2025-11-24,R25,1,1,1,0,0,6.8,0.0,50.0
2025-11-25,R25,1,1,1,0,0,6.4,0.0,47.1
2025-11-26,R25,1,1,1,0,0,2.7,0.0,19.9
2025-11-27,R25,1,1,1,0,0,6.8,0.0,50.0
2025-11-28,R25,1,1,1,0,0,3.7,0.0,27.2
2025-12-01,R25,1,1,1,0,0,6.6,0.0,48.5
2025-12-02,R25,1,1,1,0,0,8.2,0.0,60.3
2025-12-03,R25,1,1,1,0,0,3.1,0.0,22.8
2025-12-04,R25,1,1,1,0,0,2.4,0.0,17.6
2025-12-05,R25,1,1,1,0,0,1.4,0.0,10.3
2025-12-08,R25,1,1,1,0,0,10.7,0.0,78.7
2025-12-09,R25,1,1,1,0,0,3.6,0.0,26.5
2025-12-10,R25,1,1,1,0,0,10.0,0.0,73.5
2025-12-11,R25,1,1,1,0,0,6.0,0.0,44.1
2025-12-12,R25,1,1,1,0,0,4.3,0.0,31.6
2025-12-15,R25,1,1,1,0,0,5.6,0.0,41.2
2025-12-16,R25,1,1,1,0,0,6.0,0.0,44.1
2025-12-17,R25,1,1,1,0,0,2.1,0.0,15.4
2025-12-18,R25,1,1,1,0,0,7.9,0.0,58.1
2025-12-19,R25,1,1,1,0,0,5.5,0.0,40.4
2025-12-22,R25,1,1,1,0,0,3.0,0.0,22.1
2025-12-23,R25,1,1,1,0,0,3.0,0.0,22.1
2025-12-24,R25,1,1,1,0,0,1.0,0.0,7.4
2025-12-29,R25,1,1,1,0,0,1.0,0.0,7.4
2025-12-30,R25,1,1,1,0,0,9.5,0.0,69.9
2025-12-31,R25,1,1,1,0,0,4.0,0.0,29.4
2026-01-02,R25,1,1,1,0,0,1.5,0.0,11.0
2026-01-05,R25,1,1,1,0,0,7.5,0.0,55.1
2026-01-07,R25,2,1,2,0,1,1.0,0.0,3.7
2026-01-08,R25,1,1,1,0,0,4.8,0.0,35.3
2026-01-09,R25,1,1,1,0,0,1.4,0.0,10.3
2026-01-12,R25,1,1,1,0,0,7.7,0.0,56.6
2026-01-13,R25,1,1,1,0,0,2.3,0.0,16.9
2026-01-14,R25,1,1,1,0,0,3.2,0.0,23.5
2026-01-15,R25,1,1,1,0,0,3.6,0.0,26.5
2026-01-16,R25,1,1,1,0,0,2.4,0.0,17.6
2026-01-19,R25,2,1,2,0,1,7.0,0.0,25.7
2026-01-20,R25,1,1,1,0,0,4.8,0.0,35.3
2026-01-21,R25,1,1,1,0,0,4.7,0.0,34.6
2026-01-22,R25,1,1,1,0,0,3.6,0.0,26.5
2026-01-23,R25,1,1,1,0,0,6.2,0.0,45.6
2026-01-26,R25,2,1,2,0,1,3.4,0.0,12.5
2026-01-27,R25,2,1,2,0,1,5.5,0.0,20.2
2026-01-28,R25,1,1,1,0,0,6.6,0.0,48.5
2026-01-29,R25,1,1,1,0,0,3.4,0.0,25.0
2026-01-30,R25,0,1,0,0,0,4.1,4.1,0.0
2026-02-02,R25,1,2,1,0,0,11.0,2.6,80.9
2026-02-03,R25,1,1,1,0,0,6.3,0.0,65.4
2026-02-04,R25,1,1,1,0,0,5.0,0.0,36.8
2026-02-05,R25,1,1,1,0,0,2.5,0.0,18.4
2026-02-06,R25,1,1,1,0,0,3.3,0.0,24.3
2026-02-09,R25,1,1,1,0,0,3.9,0.0,28.7
2026-02-10,R25,1,1,1,0,0,3.7,0.0,27.2
2026-02-11,R25,1,1,1,0,0,6.9,0.0,50.7
2026-02-12,R25,1,1,1,0,0,3.7,0.0,27.2
2026-02-13,R25,1,1,1,0,0,2.0,0.0,14.7
2026-02-16,R25,1,1,1,0,0,8.5,0.0,62.5
2026-02-17,R25,1,1,1,0,0,5.5,0.0,40.4
2026-02-18,R25,1,1,1,0,0,4.3,0.0,31.6
2026-02-19,R25,1,1,1,0,0,11.7,0.0,86.0
2026-02-20,R25,1,1,1,0,0,6.8,0.0,50.0
2026-02-23,R25,2,1,2,0,1,7.0,0.0,25.7
2026-02-24,R25,1,1,1,0,0,3.7,0.0,27.2
2026-02-25,R25,1,1,1,0,0,3.9,0.0,28.7
2026-02-26,R25,1,1,1,0,0,10.1,0.0,74.3
2026-02-27,R25,1,1,1,0,0,3.4,0.0,25.0
2026-03-02,R25,2,1,2,0,1,9.7,0.0,35.7
2026-03-03,R25,2,1,2,0,1,3.3,0.0,12.1
2026-03-04,R25,1,1,1,0,0,3.9,0.0,28.7
2026-03-05,R25,1,1,1,0,0,7.3,0.0,53.7
2026-03-06,R25,1,1,1,0,0,9.4,0.0,69.1
2026-03-09,R25,2,1,2,0,1,10.1,0.0,37.1
2026-03-10,R25,1,1,1,0,0,8.1,0.0,59.6
2026-03-11,R25,1,1,1,0,0,3.1,0.0,22.8
2026-03-12,R25,1,1,1,0,0,8.8,0.0,64.7
2026-03-13,R25,1,1,1,0,0,2.6,0.0,19.1
2026-03-16,R25,1,1,1,0,0,7.1,0.0,52.2
2026-03-17,R25,1,1,1,0,0,7.5,0.0,55.1
2026-03-18,R25,1,1,1,0,0,4.9,0.0,36.0
2026-03-19,R25,1,1,1,0,0,2.8,0.0,20.6
2026-03-20,R25,1,1,1,0,0,5.1,0.0,37.5
2026-03-23,R25,1,1,1,0,0,3.4,0.0,25.0
2026-03-24,R25,1,1,1,0,0,5.4,0.0,39.7
2026-03-25,R25,1,1,1,0,0,5.8,0.0,42.6
2026-03-26,R25,1,1,1,0,0,5.3,0.0,39.0
2026-03-27,R25,1,1,1,0,0,4.3,0.0,31.6
2026-03-30,R25,1,1,1,0,0,5.8,0.0,42.6
2026-03-31,R25,1,1,1,0,0,11.7,0.0,86.0
2026-04-01,R25,1,1,1,0,0,2.7,0.0,19.9
2026-04-02,R25,1,1,1,0,0,6.5,0.0,47.8
2026-04-07,R25,1,1,1,0,0,5.8,0.0,42.6
2026-04-08,R25,1,1,1,0,0,4.5,0.0,33.1
2026-04-09,R25,1,1,1,0,0,9.1,0.0,66.9
2026-04-10,R25,1,1,1,0,0,7.0,0.0,51.5
2026-04-13,R25,2,1,2,0,1,10.3,0.0,37.9
2026-04-14,R25,1,1,1,0,0,7.1,0.0,52.2
2026-04-15,R25,1,1,1,0,0,2.6,0.0,19.1
2026-04-16,R25,1,1,1,0,0,3.5,0.0,25.7
2026-04-17,R25,1,1,1,0,0,1.9,0.0,14.0
2026-04-20,R25,2,1,2,0,1,11.1,0.0,40.8
2026-04-21,R25,1,1,1,0,0,6.4,0.0,47.1
2026-04-22,R25,1,1,1,0,0,7.2,0.0,52.9
2026-04-23,R25,1,1,1,0,0,4.0,0.0,29.4
2026-04-24,R25,1,1,1,0,0,9.5,0.0,69.9
2026-04-27,R25,2,1,2,0,1,8.6,0.0,31.6
2026-04-28,R25,1,1,1,0,0,8.1,0.0,59.6
2026-04-29,R25,1,1,1,0,0,7.1,0.0,52.2
2026-04-30,R25,1,1,1,0,0,3.6,0.0,26.5
2026-05-04,R25,1,1,1,0,0,7.1,0.0,52.2
2026-05-05,R25,1,1,1,0,0,5.2,0.0,38.2
2026-05-06,R25,1,1,1,0,0,5.9,0.0,43.4
2026-05-07,R25,1,1,1,0,0,8.3,0.0,61.0
2026-05-08,R25,1,1,1,0,0,10.1,0.0,74.3
2026-05-11,R25,1,1,1,0,0,5.7,0.0,41.9
2026-05-12,R25,1,1,1,0,0,10.5,0.0,77.2
2026-05-13,R25,1,1,1,0,0,6.5,0.0,47.8
2026-05-15,R25,1,1,1,0,0,5.5,0.0,40.4
2026-05-18,R25,2,2,2,0,0,13.4,0.0,49.3
2026-05-19,R25,1,1,1,0,0,5.7,0.0,41.9
2026-05-20,R25,1,1,1,0,0,5.3,0.0,39.0
2026-05-21,R25,2,1,2,0,1,11.7,0.0,43.0
2026-05-22,R25,1,1,1,0,0,4.0,0.0,29.4
2026-05-26,R25,1,1,1,0,0,6.0,0.0,44.1
2026-05-27,R25,1,1,1,0,0,4.4,0.0,32.4
2026-05-28,R25,1,1,1,0,0,9.5,0.0,69.9
2026-05-29,R25,1,1,1,0,0,4.2,0.0,30.9
2026-06-01,R25,2,2,2,0,0,17.6,0.0,64.7
2026-06-02,R25,1,1,1,0,0,12.4,0.0,91.2
2026-06-03,R25,1,1,1,0,0,4.8,0.0,35.3
2026-06-05,R25,1,1,1,0,0,3.4,0.0,25.0
2026-06-08,R25,2,1,2,0,1,10.9,0.0,40.1
2026-06-09,R25,1,2,1,1,0,22.7,0.0,83.5
2026-06-10,R25,1,1,1,0,0,10.4,0.0,76.5
2026-06-11,R25,1,1,1,0,0,4.5,0.0,33.1
2026-06-12,R25,1,1,1,0,0,7.2,0.0,52.9
2026-06-15,R25,1,2,1,0,0,15.7,3.2,100.0
2026-06-16,R25,2,1,2,0,1,9.2,0.0,45.5
2026-06-17,R25,1,1,1,0,0,8.8,0.0,64.7
2026-06-18,R25,1,1,1,0,0,6.5,0.0,47.8
2026-06-19,R25,0,1,0,0,0,5.1,5.1,0.0
2026-06-22,R25,2,2,2,0,0,17.4,0.0,64.0
2026-06-23,R25,1,1,1,0,0,8.2,0.0,60.3
2026-06-24,R25,2,1,2,0,1,5.6,0.0,20.6
2026-06-25,R25,1,1,1,0,0,10.8,0.0,79.4
2026-06-26,R25,1,1,1,0,0,6.2,0.0,45.6
2026-06-29,R25,2,1,2,0,1,5.1,0.0,18.8
2026-06-30,R25,1,1,1,0,0,9.4,0.0,69.1
2026-07-01,R25,1,1,1,0,0,7.3,0.0,53.7
2026-07-02,R25,2,1,2,0,1,8.3,0.0,30.5
2026-07-03,R25,1,1,1,0,0,5.3,0.0,39.0
2026-07-06,R25,2,1,2,0,1,6.9,0.0,25.4
2026-07-07,R25,2,1,2,0,1,7.2,0.0,26.5
2026-07-08,R25,2,1,2,0,1,8.1,0.0,29.8
2026-07-09,R25,1,1,1,0,0,8.6,0.0,63.2
2026-07-10,R25,1,1,1,0,0,1.1,0.0,8.1
2026-07-13,R25,2,2,2,0,0,14.0,0.0,51.5
2026-07-14,R25,1,1,1,0,0,5.2,0.0,38.2
2026-07-15,R25,1,1,1,0,0,7.4,0.0,54.4
2026-07-16,R25,1,1,1,0,0,5.1,0.0,37.5
2026-07-17,R25,1,1,1,0,0,6.7,0.0,49.3
2026-07-20,R25,2,1,2,0,1,10.8,0.0,39.7
2026-07-21,R25,1,1,1,0,0,5.7,0.0,41.9
2026-07-22,R25,1,1,1,0,0,6.3,0.0,46.3
2026-07-23,R25,1,1,1,0,0,4.4,0.0,32.4
2026-07-24,R25,1,1,1,0,0,4.8,0.0,35.3
2026-07-27,R25,2,1,2,0,1,12.5,0.0,46.0
2026-07-28,R25,1,1,1,0,0,5.9,0.0,43.4
2026-07-29,R25,1,1,1,0,0,5.4,0.0,39.7
2026-07-30,R25,1,1,1,0,0,3.9,0.0,28.7
2026-07-31,R25,1,1,1,0,0,2.4,0.0,17.6
2026-08-03,R25,2,1,2,0,1,7.6,0.0,27.9
2026-08-04,R25,1,1,1,0,0,2.3,0.0,16.9
2026-08-05,R25,2,1,2,0,1,4.9,0.0,18.0
2026-08-06,R25,2,1,2,0,1,2.4,0.0,8.8
2026-08-07,R25,1,1,1,0,0,3.3,0.0,24.3
2026-08-10,R25,2,2,2,0,0,15.0,0.0,55.1
2026-08-11,R25,1,1,1,0,0,2.6,0.0,19.1
2026-08-12,R25,1,1,1,0,0,2.5,0.0,18.4
2026-08-13,R25,1,1,1,0,0,2.0,0.0,14.7
2026-08-14,R25,1,1,1,0,0,6.5,0.0,47.8
2026-08-17,R25,2,1,2,0,1,8.5,0.0,31.2
2026-08-18,R25,1,1,1,0,0,5.3,0.0,39.0
2026-08-19,R25,1,1,1,0,0,6.0,0.0,44.1
2026-08-20,R25,1,1,1,0,0,5.0,0.0,36.8
2026-08-21,R25,1,1,1,0,0,2.1,0.0,15.4
2026-08-24,R25,2,1,2,0,1,7.0,0.0,25.7
2026-08-25,R25,2,1,2,0,1,7.3,0.0,26.8
2026-08-26,R25,1,1,1,0,0,6.4,0.0,47.1
2026-08-27,R25,2,1,2,0,1,5.1,0.0,18.8
2026-08-28,R25,1,1,1,0,0,5.8,0.0,42.6
2026-08-31,R25,2,1,2,0,1,5.7,0.0,21.0
2024-01-02,R26,2,2,2,0,0,16.4,0.0,60.3
2024-01-03,R26,1,1,1,0,0,9.6,0.0,70.6
2024-01-04,R26,1,1,1,0,0,11.2,0.0,82.4
2024-01-05,R26,1,2,1,0,0,13.4,0.9,98.5
2024-01-08,R26,3,2,3,0,1,20.1,0.0,49.3
2024-01-09,R26,2,2,2,0,0,15.2,0.0,55.9
2024-01-10,R26,1,1,1,0,0,11.9,0.0,87.5
2024-01-11,R26,1,2,1,0,0,14.0,1.5,100.0
2024-01-12,R26,1,2,1,1,0,21.8,0.0,85.6
2024-01-15,R26,2,2,2,0,0,21.8,0.0,80.1
2024-01-16,R26,2,2,2,0,0,22.7,0.0,83.5
2024-01-17,R26,1,2,1,0,0,18.2,5.7,100.0
2024-01-18,R26,3,3,3,0,0,20.2,0.0,63.5
2024-01-19,R26,2,2,2,0,0,21.5,0.0,79.0
2024-01-22,R26,2,2,2,0,0,21.4,0.0,78.7
2024-01-23,R26,2,2,2,0,0,23.2,0.0,85.3
2024-01-24,R26,2,2,2,0,0,15.4,0.0,56.6
2024-01-25,R26,3,3,3,0,0,30.8,0.0,75.5
2024-01-26,R26,2,2,2,0,0,14.0,0.0,51.5
2024-01-29,R26,2,2,2,0,0,17.9,0.0,65.8
2024-01-30,R26,1,2,1,0,0,19.2,6.7,100.0
2024-01-31,R26,2,2,2,0,0,8.8,0.0,56.9
2024-02-01,R26,2,2,2,0,0,25.0,0.0,91.9
2024-02-02,R26,2,2,2,0,0,15.4,0.0,56.6
2024-02-05,R26,3,2,3,0,1,21.1,0.0,51.7
2024-02-06,R26,2,2,2,0,0,16.9,0.0,62.1
2024-02-07,R26,2,3,2,0,0,25.1,0.1,92.3
2024-02-08,R26,2,2,2,0,0,22.7,0.0,83.7
2024-02-09,R26,2,2,2,0,0,13.1,0.0,48.2
2024-02-12,R26,3,2,3,0,1,23.0,0.0,56.4
2024-02-13,R26,2,2,2,0,0,17.3,0.0,63.6
2024-02-14,R26,2,2,2,0,0,22.1,0.0,81.3
2024-02-15,R26,2,2,2,0,0,23.4,0.0,86.0
2024-02-16,R26,1,2,1,1,0,18.7,0.0,68.7
2024-02-19,R26,3,2,3,0,1,25.0,0.0,61.3
2024-02-20,R26,2,2,2,0,0,19.2,0.0,70.6
2024-02-21,R26,2,2,2,0,0,20.6,0.0,75.7
2024-02-22,R26,2,2,2,0,0,15.1,0.0,55.5
2024-02-23,R26,1,1,1,0,0,11.7,0.0,86.0
2024-02-26,R26,3,2,3,0,1,22.2,0.0,54.4
2024-02-27,R26,2,2,2,0,0,18.5,0.0,68.0
2024-02-28,R26,2,2,2,0,0,22.0,0.0,80.9
2024-02-29,R26,2,3,2,0,0,29.0,4.0,100.0
2024-03-01,R26,1,2,1,0,0,15.9,7.4,100.0
2024-03-04,R26,3,3,3,0,0,22.9,0.0,56.1
2024-03-05,R26,2,2,2,0,0,16.4,0.0,60.3
2024-03-06,R26,1,2,1,0,0,13.6,1.1,100.0
2024-03-07,R26,3,2,3,0,1,22.3,0.0,57.3
2024-03-08,R26,1,1,1,0,0,12.3,0.0,90.4
2024-03-11,R26,2,2,2,0,0,16.7,0.0,61.4
2024-03-12,R26,2,2,2,0,0,17.9,0.0,65.8
2024-03-13,R26,1,2,1,0,0,15.4,2.9,100.0
2024-03-14,R26,2,2,2,0,0,20.2,0.0,84.9
2024-03-15,R26,1,2,1,0,0,17.5,5.0,100.0
2024-03-18,R26,3,3,3,0,0,25.4,0.0,62.3
2024-03-19,R26,2,2,2,0,0,20.7,0.0,76.1
2024-03-20,R26,3,2,3,0,1,18.9,0.0,46.3
2024-03-21,R26,2,2,2,0,0,20.1,0.0,73.9
2024-03-22,R26,1,2,1,0,0,14.8,2.3,100.0
2024-03-25,R26,3,2,3,0,1,16.8,0.0,41.2
2024-03-26,R26,2,2,2,0,0,22.2,0.0,81.6
2024-03-27,R26,2,2,2,0,0,18.7,0.0,68.8
2024-03-28,R26,2,2,2,0,0,13.6,0.0,50.0
2024-04-02,R26,2,2,2,0,0,22.3,0.0,82.0
2024-04-03,R26,3,2,3,0,1,19.2,0.0,47.1
2024-04-04,R26,2,2,2,0,0,21.9,0.0,80.5
2024-04-05,R26,2,1,2,0,1,9.3,0.0,34.2
2024-04-08,R26,3,2,3,0,1,19.4,0.0,47.5
2024-04-09,R26,2,2,2,0,0,16.3,0.0,59.9
2024-04-10,R26,2,2,2,0,0,16.0,0.0,58.8
2024-04-11,R26,2,2,2,0,0,16.2,0.0,59.6
2024-04-12,R26,1,2,1,0,0,15.4,2.9,100.0
2024-04-15,R26,2,2,2,0,0,13.3,0.0,48.9
2024-04-16,R26,2,2,2,0,0,22.0,0.0,80.9
2024-04-17,R26,2,2,2,0,0,21.7,0.0,79.8
2024-04-18,R26,2,2,2,0,0,18.4,0.0,67.6
2024-04-19,R26,1,2,1,0,0,14.0,1.5,100.0
2024-04-22,R26,2,2,2,0,0,21.8,0.0,80.1
2024-04-23,R26,2,2,2,0,0,16.3,0.0,59.9
2024-04-24,R26,3,2,3,0,1,13.5,0.0,33.1
2024-04-25,R26,2,2,2,0,0,17.3,0.0,63.6
2024-04-26,R26,2,2,2,0,0,16.0,0.0,58.8
2024-04-29,R26,2,2,2,0,0,13.2,0.0,48.5
2024-04-30,R26,1,2,1,0,0,23.7,11.2,100.0
2024-05-02,R26,2,3,2,1,0,20.7,0.0,50.7
2024-05-03,R26,1,2,1,1,0,19.3,0.0,71.0
2024-05-06,R26,3,2,3,0,1,20.2,0.0,49.5
2024-05-07,R26,2,3,2,0,0,26.4,1.4,97.1
2024-05-08,R26,2,2,2,0,0,13.0,0.0,52.9
2024-05-10,R26,2,1,2,0,1,10.3,0.0,37.9
2024-05-13,R26,3,2,3,0,1,18.6,0.0,45.6
2024-05-14,R26,3,1,3,0,2,10.1,0.0,24.8
2024-05-15,R26,2,2,2,0,0,17.6,0.0,64.7
2024-05-16,R26,3,2,3,0,1,15.8,0.0,38.7
2024-05-17,R26,1,2,1,0,0,17.3,4.8,100.0
2024-05-21,R26,2,3,2,0,0,22.0,1.8,80.9
2024-05-22,R26,2,2,2,0,0,18.7,0.0,75.2
2024-05-23,R26,2,2,2,0,0,21.6,0.0,79.4
2024-05-24,R26,1,2,1,1,0,18.3,0.0,67.3
2024-05-27,R26,2,2,2,0,0,17.2,0.0,63.2
2024-05-28,R26,2,2,2,0,0,20.8,0.0,76.5
2024-05-29,R26,1,3,1,1,0,29.0,4.0,100.0
2024-05-31,R26,1,1,1,0,0,8.2,0.0,60.3
2024-06-03,R26,3,2,3,0,1,23.3,0.0,57.1
2024-06-04,R26,3,1,3,0,2,11.9,0.0,29.2
2024-06-05,R26,2,2,2,0,0,20.4,0.0,75.0
2024-06-06,R26,2,1,2,0,1,10.7,0.0,39.3
2024-06-07,R26,1,2,1,0,0,16.1,3.6,100.0
2024-06-10,R26,2,2,2,0,0,15.5,0.0,57.0
2024-06-11,R26,1,2,1,0,0,18.1,5.6,100.0
2024-06-12,R26,2,3,2,0,0,23.1,3.7,100.0
2024-06-13,R26,1,3,1,1,0,25.4,4.0,100.0
2024-06-14,R26,1,2,1,0,0,11.4,2.9,100.0
2024-06-17,R26,2,2,2,0,0,15.9,0.0,58.5
2024-06-18,R26,2,2,2,0,0,14.9,0.0,54.8
2024-06-19,R26,3,2,3,0,1,21.1,0.0,51.7
2024-06-20,R26,2,2,2,0,0,21.8,0.0,80.1
2024-06-21,R26,2,2,2,0,0,14.6,0.0,53.7
2024-06-24,R26,2,2,2,0,0,24.4,0.0,89.7
2024-06-25,R26,2,2,2,0,0,15.7,0.0,57.7
2024-06-26,R26,2,2,2,0,0,15.0,0.0,55.1
2024-06-27,R26,3,2,3,0,1,23.4,0.0,57.4
2024-06-28,R26,1,2,1,0,0,14.0,1.5,100.0
2024-07-01,R26,2,2,2,0,0,17.5,0.0,64.3
2024-07-02,R26,2,2,2,0,0,21.3,0.0,78.3
2024-07-03,R26,2,2,2,0,0,14.2,0.0,52.2
2024-07-04,R26,2,2,2,0,0,16.9,0.0,62.1
2024-07-05,R26,2,2,2,0,0,14.7,0.0,54.0
2024-07-08,R26,1,2,1,0,0,24.2,11.7,100.0
2024-07-09,R26,2,2,2,0,0,10.8,0.0,82.7
2024-07-10,R26,2,2,2,0,0,20.9,0.0,76.8
2024-07-11,R26,2,2,2,0,0,16.2,0.0,59.6
2024-07-12,R26,2,2,2,0,0,12.7,0.0,46.7
2024-07-15,R26,3,2,3,0,1,14.2,0.0,34.8
2024-07-16,R26,2,3,2,1,0,30.7,0.0,75.2
2024-07-17,R26,2,2,2,0,0,16.6,0.0,61.0
2024-07-18,R26,2,2,2,0,0,20.3,0.0,74.6
2024-07-19,R26,2,1,2,0,1,12.2,0.0,44.9
2024-07-22,R26,2,3,2,0,0,27.9,2.9,100.0
2024-07-23,R26,3,2,3,0,1,13.2,0.0,39.4
2024-07-24,R26,2,3,2,0,0,29.4,4.4,100.0
2024-07-25,R26,3,2,3,0,1,14.3,0.0,45.8
2024-07-26,R26,1,2,1,0,0,15.5,3.0,100.0
2024-07-29,R26,3,2,3,0,1,19.0,0.0,46.6
2024-07-30,R26,3,2,3,0,1,15.8,0.0,38.7
2024-07-31,R26,2,1,2,0,1,12.5,0.0,46.0
2024-08-01,R26,2,2,2,0,0,23.5,0.0,86.4
2024-08-02,R26,1,2,1,0,0,16.7,4.2,100.0
2024-08-05,R26,2,2,2,0,0,16.0,0.0,58.8
2024-08-06,R26,2,1,2,0,1,10.4,0.0,38.2
2024-08-07,R26,2,2,2,0,0,14.6,0.0,53.7
2024-08-08,R26,2,2,2,0,0,15.6,0.0,57.4
2024-08-09,R26,2,2,2,0,0,16.0,0.0,58.8
2024-08-12,R26,3,2,3,0,1,21.0,0.0,51.5
2024-08-13,R26,1,2,1,0,0,13.6,1.1,100.0
2024-08-14,R26,2,2,2,0,0,22.5,0.0,86.7
2024-08-15,R26,2,2,2,0,0,20.3,0.0,74.6
2024-08-16,R26,3,2,3,0,1,14.5,0.0,35.5
2024-08-19,R26,3,2,3,0,1,18.3,0.0,44.9
2024-08-20,R26,2,2,2,0,0,19.2,0.0,70.6
2024-08-21,R26,2,2,2,0,0,14.0,0.0,51.5
2024-08-22,R26,2,2,2,0,0,17.5,0.0,64.3
2024-08-23,R26,2,1,2,0,1,10.5,0.0,38.6
2024-08-26,R26,2,2,2,0,0,21.6,0.0,79.4
2024-08-27,R26,2,2,2,0,0,16.1,0.0,59.2
2024-08-28,R26,2,2,2,0,0,13.6,0.0,50.0
2024-08-29,R26,1,2,1,0,0,15.1,2.6,100.0
2024-08-30,R26,2,2,2,0,0,11.1,0.0,50.3
2024-09-02,R26,1,1,1,0,0,10.7,0.0,78.7
2024-09-03,R26,2,2,2,0,0,24.5,0.0,90.1
2024-09-04,R26,1,2,1,1,0,18.1,0.0,66.5
2024-09-05,R26,1,2,1,0,0,14.4,1.9,100.0
2024-09-06,R26,1,2,1,0,0,11.8,1.2,100.0
2024-09-09,R26,2,2,2,0,0,22.0,0.0,80.9
2024-09-10,R26,2,2,2,0,0,17.2,0.0,63.2
2024-09-11,R26,2,2,2,0,0,15.9,0.0,58.5
2024-09-12,R26,1,2,1,0,0,18.3,5.8,100.0
2024-09-13,R26,1,2,1,0,0,12.3,5.6,100.0
2024-09-16,R26,2,3,2,0,0,22.8,3.4,83.8
2024-09-17,R26,2,2,2,0,0,21.1,0.0,89.9
2024-09-18,R26,2,2,2,0,0,18.3,0.0,67.3
2024-09-19,R26,2,2,2,0,0,21.4,0.0,78.7
2024-09-20,R26,1,2,1,0,0,12.7,0.2,93.4
2024-09-23,R26,3,2,3,0,1,18.2,0.0,44.6
2024-09-24,R26,2,2,2,0,0,14.8,0.0,54.4
2024-09-25,R26,2,2,2,0,0,20.1,0.0,73.9
2024-09-26,R26,2,2,2,0,0,13.8,0.0,50.7
2024-09-27,R26,2,2,2,0,0,13.5,0.0,49.6
2024-09-30,R26,2,2,2,0,0,16.2,0.0,59.6
2024-10-01,R26,2,2,2,0,0,13.8,0.0,50.7
2024-10-02,R26,2,2,2,0,0,21.0,0.0,77.2
2024-10-04,R26,1,1,1,0,0,9.1,0.0,66.9
2024-10-07,R26,2,4,2,1,0,38.9,1.4,95.3
2024-10-08,R26,2,2,2,0,0,17.6,0.0,69.7
2024-10-09,R26,2,3,2,1,0,31.4,0.0,77.0
2024-10-10,R26,2,2,2,0,0,20.4,0.0,75.0
2024-10-11,R26,1,2,1,0,0,20.2,7.7,100.0
2024-10-14,R26,3,2,3,0,1,12.9,0.0,31.6
2024-10-15,R26,2,2,2,0,0,13.7,0.0,50.4
2024-10-16,R26,2,2,2,0,0,12.8,0.0,47.1
2024-10-17,R26,2,3,2,0,0,27.1,2.1,99.6
2024-10-18,R26,1,2,1,1,0,15.7,0.0,65.4
2024-10-21,R26,2,2,2,0,0,18.7,0.0,68.7
2024-10-22,R26,2,2,2,0,0,19.3,0.0,71.0
2024-10-23,R26,2,2,2,0,0,23.0,0.0,84.6
2024-10-24,R26,2,2,2,0,0,21.4,0.0,78.7
2024-10-25,R26,2,2,2,0,0,15.9,0.0,58.5
2024-10-28,R26,2,3,2,1,0,30.1,0.0,73.8
2024-10-29,R26,1,2,1,1,0,18.4,0.0,67.6
2024-10-30,R26,3,3,3,0,0,25.2,0.0,61.8
2024-10-31,R26,2,2,2,0,0,15.6,0.0,57.4
2024-11-04,R26,3,2,3,0,1,19.7,0.0,48.3
2024-11-05,R26,2,2,2,0,0,18.9,0.0,69.5
2024-11-06,R26,3,2,3,0,1,17.2,0.0,42.2
2024-11-07,R26,1,2,1,0,0,15.0,2.5,100.0
2024-11-08,R26,2,1,2,0,1,9.5,0.0,44.1
2024-11-11,R26,2,3,2,0,0,26.1,1.1,96.0
2024-11-12,R26,2,2,2,0,0,23.8,0.0,91.5
2024-11-13,R26,2,2,2,0,0,22.0,0.0,80.9
2024-11-14,R26,2,1,2,0,1,10.2,0.0,37.5
2024-11-15,R26,1,2,1,1,0,23.3,0.0,85.7
2024-11-18,R26,3,2,3,0,1,18.0,0.0,44.1
2024-11-19,R26,2,2,2,0,0,19.8,0.0,72.8
2024-11-20,R26,2,2,2,0,0,21.2,0.0,77.9
2024-11-21,R26,1,2,1,0,0,23.9,11.4,100.0
2024-11-22,R26,1,2,1,1,0,12.8,0.0,88.9
2024-11-25,R26,3,2,3,0,1,21.5,0.0,52.7
2024-11-26,R26,2,2,2,0,0,16.2,0.0,59.6
2024-11-27,R26,2,2,2,0,0,23.3,0.0,85.7
2024-11-28,R26,2,2,2,0,0,15.4,0.0,56.6
2024-11-29,R26,1,1,1,0,0,9.3,0.0,68.4
2024-12-02,R26,3,2,3,0,1,14.9,0.0,36.5
2024-12-03,R26,3,2,3,0,1,22.8,0.0,55.9
2024-12-04,R26,3,2,3,0,1,20.3,0.0,49.8
2024-12-05,R26,3,2,3,0,1,16.0,0.0,39.2
2024-12-06,R26,1,2,1,0,0,12.9,0.4,94.9
2024-12-09,R26,1,2,1,0,0,22.5,10.4,100.0
2024-12-10,R26,1,3,1,2,0,26.6,0.0,90.6
2024-12-11,R26,2,2,2,0,0,17.2,0.0,63.2
2024-12-12,R26,2,2,2,0,0,22.6,0.0,83.1
2024-12-13,R26,1,1,1,0,0,9.3,0.0,68.4
2024-12-16,R26,2,2,2,0,0,21.4,0.0,78.7
2024-12-17,R26,2,2,2,0,0,18.4,0.0,67.6
2024-12-18,R26,2,2,2,0,0,19.3,0.0,71.0
2024-12-19,R26,2,2,2,0,0,19.4,0.0,71.3
2024-12-20,R26,1,2,1,0,0,13.3,0.8,97.8
2024-12-23,R26,2,2,2,0,0,14.1,0.0,51.8
2024-12-24,R26,2,1,2,0,1,9.8,0.0,36.0
2024-12-27,R26,1,1,1,0,0,4.2,0.0,30.9
2024-12-30,R26,2,1,2,0,1,11.3,0.0,41.5
2024-12-31,R26,1,1,1,0,0,11.9,0.0,87.5
2025-01-02,R26,2,2,2,0,0,13.5,0.0,49.6
2025-01-03,R26,1,2,1,0,0,13.9,1.4,100.0
2025-01-07,R26,1,2,1,0,0,13.6,2.5,100.0
2025-01-08,R26,1,2,1,0,0,18.4,8.4,100.0
2025-01-09,R26,2,3,2,1,0,23.0,0.0,76.9
2025-01-10,R26,1,1,1,0,0,9.3,0.0,68.4
2025-01-13,R26,2,2,2,0,0,17.9,0.0,65.8
2025-01-14,R26,2,2,2,0,0,13.2,0.0,48.5
2025-01-15,R26,2,2,2,0,0,22.7,0.0,83.5
2025-01-16,R26,3,2,3,0,1,22.6,0.0,55.4
2025-01-17,R26,1,2,1,0,0,15.2,2.7,100.0
2025-01-20,R26,2,2,2,0,0,21.1,0.0,77.6
2025-01-21,R26,3,2,3,0,1,15.9,0.0,39.0
2025-01-22,R26,2,2,2,0,0,19.6,0.0,72.1
2025-01-23,R26,2,2,2,0,0,22.3,0.0,82.0
2025-01-24,R26,2,1,2,0,1,10.4,0.0,38.2
2025-01-27,R26,2,2,2,0,0,22.2,0.0,81.6
2025-01-28,R26,2,2,2,0,0,19.0,0.0,69.9
2025-01-29,R26,2,2,2,0,0,17.6,0.0,64.7
2025-01-30,R26,2,2,2,0,0,23.1,0.0,84.9
2025-01-31,R26,1,2,1,0,0,15.9,3.4,100.0
2025-02-03,R26,2,2,2,0,0,17.0,0.0,62.5
2025-02-04,R26,2,2,2,0,0,16.6,0.0,61.0
2025-02-05,R26,2,2,2,0,0,23.9,0.0,87.9
2025-02-06,R26,3,1,3,0,2,12.2,0.0,29.9
2025-02-07,R26,3,2,3,0,1,21.0,0.0,51.5
2025-02-10,R26,2,2,2,0,0,20.5,0.0,75.4
2025-02-11,R26,2,2,2,0,0,14.5,0.0,53.3
2025-02-12,R26,2,2,2,0,0,16.3,0.0,59.9
2025-02-13,R26,1,2,1,0,0,15.1,2.6,100.0
2025-02-14,R26,2,2,2,0,0,14.9,0.0,64.3
2025-02-17,R26,2,2,2,0,0,18.7,0.0,68.7
2025-02-18,R26,2,2,2,0,0,17.6,0.0,64.7
2025-02-19,R26,2,2,2,0,0,15.8,0.0,58.1
2025-02-20,R26,2,2,2,0,0,22.2,0.0,81.6
2025-02-21,R26,2,1,2,0,1,11.0,0.0,40.4
2025-02-24,R26,2,2,2,0,0,21.3,0.0,78.3
2025-02-25,R26,2,2,2,0,0,19.8,0.0,72.8
2025-02-26,R26,2,2,2,0,0,19.3,0.0,71.0
2025-02-27,R26,2,2,2,0,0,13.3,0.0,48.9
2025-02-28,R26,1,1,1,0,0,11.0,0.0,80.9
2025-03-03,R26,3,1,3,0,2,11.9,0.0,29.2
2025-03-04,R26,2,1,2,0,1,10.8,0.0,39.7
2025-03-05,R26,2,2,2,0,0,15.6,0.0,57.4
2025-03-06,R26,2,2,2,0,0,16.7,0.0,61.4
2025-03-07,R26,1,2,1,0,0,13.9,1.4,100.0
2025-03-10,R26,2,2,2,0,0,18.4,0.0,67.6
2025-03-11,R26,1,2,1,0,0,16.9,4.4,100.0
2025-03-12,R26,2,2,2,0,0,19.0,0.0,86.0
2025-03-13,R26,2,2,2,0,0,20.7,0.0,76.1
2025-03-14,R26,1,2,1,1,0,18.5,0.0,68.0
2025-03-17,R26,2,2,2,0,0,21.9,0.0,80.5
2025-03-18,R26,2,2,2,0,0,16.0,0.0,58.8
2025-03-19,R26,2,2,2,0,0,20.3,0.0,74.6
2025-03-20,R26,2,2,2,0,0,15.1,0.0,55.5
2025-03-21,R26,2,2,2,0,0,21.8,0.0,80.1
2025-03-24,R26,2,2,2,0,0,20.8,0.0,76.5
2025-03-25,R26,2,2,2,0,0,15.8,0.0,58.1
2025-03-26,R26,2,3,2,0,0,34.1,9.1,100.0
2025-03-27,R26,3,3,3,0,0,21.3,0.0,74.5
2025-03-28,R26,2,2,2,0,0,13.2,0.0,48.5
2025-03-31,R26,2,3,2,0,0,30.0,5.0,100.0
2025-04-01,R26,2,2,2,0,0,13.9,0.0,69.4
2025-04-02,R26,3,2,3,0,1,23.7,0.0,58.1
2025-04-03,R26,2,3,2,0,0,25.9,0.9,95.2
2025-04-04,R26,1,1,1,0,0,8.2,0.0,66.7
2025-04-07,R26,2,2,2,0,0,23.3,0.0,85.7
2025-04-08,R26,2,2,2,0,0,19.1,0.0,70.2
2025-04-09,R26,3,1,3,0,2,12.4,0.0,30.4
2025-04-10,R26,2,2,2,0,0,17.0,0.0,62.5
2025-04-11,R26,1,2,1,0,0,12.7,0.2,93.4
2025-04-14,R26,3,3,3,0,0,27.7,0.0,67.9
2025-04-15,R26,2,2,2,0,0,13.5,0.0,49.6
2025-04-16,R26,2,2,2,0,0,22.2,0.0,81.6
2025-04-17,R26,2,2,2,0,0,19.6,0.0,72.1
2025-04-22,R26,2,2,2,0,0,19.8,0.0,72.8
2025-04-23,R26,2,2,2,0,0,17.5,0.0,64.3
2025-04-24,R26,2,2,2,0,0,16.1,0.0,59.2
2025-04-25,R26,1,2,1,1,0,21.0,0.0,77.2
2025-04-28,R26,3,2,3,0,1,16.7,0.0,40.9
2025-04-29,R26,2,3,2,0,0,27.3,2.3,100.0
2025-04-30,R26,1,3,1,1,0,24.4,1.7,98.1
2025-05-02,R26,2,1,2,0,1,6.9,0.0,25.4
2025-05-05,R26,2,2,2,0,0,24.0,0.0,88.2
2025-05-06,R26,3,2,3,0,1,20.2,0.0,49.5
2025-05-07,R26,2,2,2,0,0,15.6,0.0,57.4
2025-05-08,R26,3,2,3,0,1,19.6,0.0,48.0
2025-05-09,R26,0,2,0,1,0,13.6,1.1,100.0
2025-05-12,R26,2,2,2,0,0,21.9,0.0,80.5
2025-05-13,R26,2,2,2,0,0,21.7,0.0,79.8
2025-05-14,R26,3,2,3,0,1,17.6,0.0,43.1
2025-05-15,R26,2,2,2,0,0,20.9,0.0,76.8
2025-05-16,R26,1,1,1,0,0,8.1,0.0,59.6
2025-05-19,R26,2,2,2,0,0,19.3,0.0,71.0
2025-05-20,R26,2,2,2,0,0,20.8,0.0,76.5
2025-05-21,R26,2,2,2,0,0,19.1,0.0,70.2
2025-05-22,R26,3,2,3,0,1,17.3,0.0,42.4
2025-05-23,R26,2,2,2,0,0,12.8,0.0,47.1
2025-05-26,R26,2,2,2,0,0,20.0,0.0,73.5
2025-05-27,R26,2,2,2,0,0,16.5,0.0,60.7
2025-05-28,R26,2,2,2,0,0,23.3,0.0,85.7
2025-05-30,R26,0,1,0,1,0,9.1,0.0,66.9
2025-06-02,R26,2,3,2,0,0,25.1,0.1,92.3
2025-06-03,R26,2,2,2,0,0,14.1,0.0,52.1
2025-06-04,R26,2,2,2,0,0,16.6,0.0,61.0
2025-06-05,R26,1,2,1,0,0,15.4,2.9,100.0
2025-06-06,R26,1,2,1,1,0,15.4,0.0,67.2
2025-06-10,R26,3,3,3,0,0,25.4,0.0,62.3
2025-06-11,R26,3,2,3,0,1,16.3,0.0,40.0
2025-06-12,R26,3,2,3,0,1,18.2,0.0,44.6
2025-06-13,R26,2,2,2,0,0,18.7,0.0,68.8
2025-06-16,R26,3,2,3,0,1,22.2,0.0,54.4
2025-06-17,R26,2,3,2,0,0,25.2,0.2,92.6
2025-06-18,R26,2,3,2,0,0,29.2,4.4,100.0
2025-06-20,R26,1,2,1,1,0,14.3,0.0,52.6
2025-06-23,R26,2,3,2,0,0,25.2,0.2,92.6
2025-06-24,R26,3,2,3,0,1,22.5,0.0,55.6
2025-06-25,R26,2,2,2,0,0,14.9,0.0,54.8
2025-06-26,R26,2,2,2,0,0,20.4,0.0,75.0
2025-06-27,R26,2,2,2,0,0,17.6,0.0,64.7
2025-06-30,R26,3,3,3,0,0,29.5,0.0,72.3
2025-07-01,R26,2,2,2,0,0,25.0,0.0,91.9
2025-07-02,R26,2,3,2,0,0,25.6,0.6,94.1
2025-07-03,R26,2,2,2,0,0,18.0,0.0,68.3
2025-07-04,R26,3,2,3,0,1,19.1,0.0,46.8
2025-07-07,R26,4,2,4,0,2,18.4,0.0,33.8
2025-07-08,R26,2,3,2,0,0,28.1,3.1,100.0
2025-07-09,R26,2,3,2,0,0,26.5,4.6,100.0
2025-07-10,R26,2,2,2,0,0,20.0,0.0,90.3
2025-07-11,R26,2,2,2,0,0,22.4,0.0,82.4
2025-07-14,R26,3,2,3,0,1,17.8,0.0,43.6
2025-07-15,R26,2,3,2,1,0,37.5,0.0,91.9
2025-07-16,R26,3,2,3,0,1,21.3,0.0,52.2
2025-07-17,R26,2,2,2,0,0,19.3,0.0,71.0
2025-07-18,R26,2,1,2,0,1,8.9,0.0,32.7
2025-07-21,R26,3,2,3,0,1,24.8,0.0,60.8
2025-07-22,R26,3,2,3,0,1,23.0,0.0,56.4
2025-07-23,R26,2,2,2,0,0,21.2,0.0,77.9
2025-07-24,R26,2,2,2,0,0,14.8,0.0,54.4
2025-07-25,R26,1,2,1,0,0,15.2,2.7,100.0
2025-07-28,R26,3,2,3,0,1,19.2,0.0,47.1
2025-07-29,R26,2,2,2,0,0,19.5,0.0,71.7
2025-07-30,R26,2,2,2,0,0,21.1,0.0,77.6
2025-07-31,R26,2,2,2,0,0,14.3,0.0,52.6
2025-08-01,R26,1,2,1,0,0,16.1,3.6,100.0
2025-08-04,R26,3,2,3,0,1,18.1,0.0,44.4
2025-08-05,R26,1,2,1,0,0,21.7,9.2,100.0
2025-08-06,R26,2,3,2,0,0,16.6,0.8,94.8
2025-08-07,R26,2,2,2,0,0,11.8,0.0,46.2
2025-08-08,R26,2,1,2,0,1,10.7,0.0,39.3
2025-08-11,R26,2,2,2,0,0,17.0,0.0,62.5
2025-08-12,R26,2,2,2,0,0,20.2,0.0,74.3
2025-08-13,R26,2,2,2,0,0,18.3,0.0,67.3
2025-08-14,R26,2,2,2,0,0,13.8,0.0,50.7
2025-08-15,R26,2,1,2,0,1,9.7,0.0,35.7
2025-08-18,R26,2,2,2,0,0,16.8,0.0,61.8
2025-08-19,R26,2,2,2,0,0,19.7,0.0,72.4
2025-08-20,R26,2,2,2,0,0,24.1,0.0,88.6
2025-08-21,R26,2,3,2,0,0,26.3,1.3,96.7
2025-08-22,R26,0,1,0,1,0,9.2,0.0,77.0
2025-08-25,R26,2,2,2,0,0,19.9,0.0,73.2
2025-08-26,R26,2,1,2,0,1,8.9,0.0,32.7
2025-08-27,R26,1,2,1,0,0,18.7,6.2,100.0
2025-08-28,R26,3,2,3,0,1,9.9,0.0,39.4
2025-08-29,R26,1,1,1,0,0,8.4,0.0,61.8
2025-09-01,R26,2,2,2,0,0,16.6,0.0,61.0
2025-09-02,R26,1,2,1,1,0,17.7,0.0,65.1
2025-09-03,R26,2,2,2,0,0,18.1,0.0,66.5
2025-09-04,R26,2,2,2,0,0,14.7,0.0,54.0
2025-09-05,R26,1,1,1,0,0,11.2,0.0,82.4
2025-09-08,R26,2,2,2,0,0,19.8,0.0,72.8
2025-09-09,R26,2,2,2,0,0,13.7,0.0,50.4
2025-09-10,R26,2,2,2,0,0,17.4,0.0,64.0
2025-09-11,R26,2,2,2,0,0,15.4,0.0,56.6
2025-09-12,R26,1,2,1,0,0,14.0,1.5,100.0
2025-09-15,R26,2,2,2,0,0,14.3,0.0,52.6
2025-09-16,R26,2,2,2,0,0,16.7,0.0,61.4
2025-09-17,R26,2,2,2,0,0,18.4,0.0,67.6
2025-09-18,R26,1,2,1,0,0,17.0,4.5,100.0
2025-09-19,R26,1,2,1,1,0,13.9,0.0,67.6
2025-09-22,R26,2,2,2,0,0,16.1,0.0,59.2
2025-09-23,R26,2,2,2,0,0,21.2,0.0,77.9
2025-09-24,R26,2,2,2,0,0,14.1,0.0,51.8
2025-09-25,R26,2,2,2,0,0,16.0,0.0,58.8
2025-09-26,R26,2,1,2,0,1,11.3,0.0,41.5
2025-09-29,R26,2,1,2,0,1,12.2,0.0,44.9
2025-09-30,R26,1,2,1,0,0,15.6,3.1,100.0
2025-10-01,R26,2,3,2,0,0,24.5,2.6,100.0
2025-10-02,R26,2,2,2,0,0,18.5,0.0,77.4
2025-10-06,R26,2,3,2,0,0,26.6,1.6,97.8
2025-10-07,R26,2,2,2,0,0,23.2,0.0,91.1
2025-10-08,R26,3,2,3,0,1,24.3,0.0,59.6
2025-10-09,R26,2,2,2,0,0,18.2,0.0,66.9
2025-10-10,R26,1,2,1,0,0,14.6,2.1,100.0
2025-10-13,R26,2,2,2,0,0,20.2,0.0,74.3
2025-10-14,R26,3,2,3,0,1,13.9,0.0,34.1
2025-10-15,R26,2,2,2,0,0,17.0,0.0,62.5
2025-10-16,R26,2,2,2,0,0,16.6,0.0,61.0
2025-10-17,R26,2,1,2,0,1,9.1,0.0,33.5
2025-10-20,R26,2,2,2,0,0,23.3,0.0,85.7
2025-10-21,R26,2,2,2,0,0,18.0,0.0,66.2
2025-10-22,R26,3,2,3,0,1,23.7,0.0,58.1
2025-10-23,R26,2,2,2,0,0,19.4,0.0,71.3
2025-10-24,R26,2,1,2,0,1,9.4,0.0,34.6
2025-10-27,R26,3,2,3,0,1,20.5,0.0,50.2
2025-10-28,R26,2,1,2,0,1,12.2,0.0,44.9
2025-10-29,R26,2,2,2,0,0,23.5,0.0,86.4
2025-10-30,R26,2,2,2,0,0,20.5,0.0,75.4
2025-10-31,R26,1,1,1,0,0,10.9,0.0,80.1
2025-11-03,R26,3,2,3,0,1,22.1,0.0,54.2
2025-11-04,R26,1,2,1,0,0,16.7,4.2,100.0
2025-11-05,R26,2,3,2,0,0,21.5,0.7,94.4
2025-11-06,R26,3,2,3,0,1,23.7,0.0,59.7
2025-11-07,R26,1,2,1,1,0,22.1,0.0,81.2
2025-11-10,R26,2,2,2,0,0,24.5,0.0,90.1
2025-11-11,R26,2,2,2,0,0,15.7,0.0,57.7
2025-11-12,R26,2,2,2,0,0,20.0,0.0,73.5
2025-11-13,R26,2,2,2,0,0,15.1,0.0,55.5
2025-11-14,R26,2,1,2,0,1,11.4,0.0,41.9
2025-11-17,R26,2,2,2,0,0,12.6,0.0,46.3
2025-11-18,R26,2,3,2,0,0,26.4,1.4,97.1
2025-11-19,R26,3,2,3,0,1,19.2,0.0,50.4
2025-11-20,R26,2,2,2,0,0,13.2,0.0,48.5
2025-11-21,R26,1,2,1,0,0,14.3,1.8,100.0
2025-11-24,R26,3,3,3,0,0,24.1,0.0,59.1
2025-11-25,R26,2,2,2,0,0,16.6,0.0,61.0
2025-11-26,R26,2,2,2,0,0,20.1,0.0,73.9
2025-11-27,R26,2,2,2,0,0,16.1,0.0,59.2
2025-11-28,R26,2,1,2,0,1,10.6,0.0,39.0
2025-12-01,R26,3,2,3,0,1,20.1,0.0,49.3
2025-12-02,R26,2,2,2,0,0,16.2,0.0,59.6
2025-12-03,R26,2,2,2,0,0,21.9,0.0,80.5
2025-12-04,R26,2,2,2,0,0,18.5,0.0,68.0
2025-12-05,R26,2,1,2,0,1,9.4,0.0,34.6
2025-12-08,R26,2,2,2,0,0,15.5,0.0,57.0
2025-12-09,R26,2,2,2,0,0,20.9,0.0,76.8
2025-12-10,R26,2,3,2,1,0,30.1,0.0,73.8
2025-12-11,R26,2,2,2,0,0,22.2,0.0,81.6
2025-12-12,R26,1,1,1,0,0,9.0,0.0,66.2
2025-12-15,R26,2,2,2,0,0,24.6,0.0,90.4
2025-12-16,R26,1,2,1,0,0,16.0,3.5,100.0
2025-12-17,R26,2,1,2,0,1,8.4,0.0,43.7
2025-12-18,R26,2,2,2,0,0,20.1,0.0,73.9
2025-12-19,R26,2,1,2,0,1,11.7,0.0,43.0
2025-12-22,R26,2,1,2,0,1,10.5,0.0,38.6
2025-12-23,R26,1,2,1,0,0,15.4,2.9,100.0
2025-12-24,R26,1,2,1,0,0,14.0,4.4,100.0
2025-12-29,R26,2,2,2,0,0,10.5,0.0,38.6
2025-12-30,R26,2,1,2,0,1,11.0,0.0,40.4
2025-12-31,R26,1,2,1,0,0,13.8,1.3,100.0
2026-01-02,R26,1,1,1,0,0,4.4,0.0,32.4
2026-01-05,R26,1,2,1,0,0,12.6,0.1,92.6
2026-01-07,R26,2,2,2,0,0,18.9,0.0,69.5
2026-01-08,R26,3,1,3,0,2,12.0,0.0,29.4
2026-01-09,R26,1,2,1,0,0,17.0,4.5,100.0
2026-01-12,R26,2,2,2,0,0,15.3,0.0,56.2
2026-01-13,R26,2,1,2,0,1,10.2,0.0,37.5
2026-01-14,R26,2,2,2,0,0,21.1,0.0,77.6
2026-01-15,R26,1,2,1,0,0,14.7,2.2,100.0
2026-01-16,R26,1,2,1,0,0,11.7,1.4,100.0
2026-01-19,R26,2,2,2,0,0,16.5,0.0,60.7
2026-01-20,R26,1,2,1,0,0,14.1,1.6,100.0
2026-01-21,R26,2,2,2,0,0,13.7,0.0,56.2
2026-01-22,R26,2,2,2,0,0,22.0,0.0,80.9
2026-01-23,R26,1,1,1,0,0,11.2,0.0,82.4
2026-01-26,R26,2,2,2,0,0,23.7,0.0,87.1
2026-01-27,R26,2,2,2,0,0,19.0,0.0,69.9
2026-01-28,R26,2,1,2,0,1,10.9,0.0,40.1
2026-01-29,R26,3,3,3,0,0,31.4,0.0,77.0
2026-01-30,R26,2,2,2,0,0,18.8,0.0,69.1
2026-02-02,R26,2,2,2,0,0,22.9,0.0,84.2
2026-02-03,R26,2,2,2,0,0,18.0,0.0,66.2
2026-02-04,R26,1,2,1,1,0,19.3,0.0,71.0
2026-02-05,R26,2,2,2,0,0,13.3,0.0,48.9
2026-02-06,R26,1,2,1,1,0,18.5,0.0,68.0
2026-02-09,R26,2,2,2,0,0,19.7,0.0,72.4
2026-02-10,R26,2,2,2,0,0,21.2,0.0,77.9
2026-02-11,R26,2,2,2,0,0,17.2,0.0,63.2
2026-02-12,R26,2,3,2,0,0,26.0,1.0,95.6
2026-02-13,R26,2,1,2,0,1,11.5,0.0,45.9
2026-02-16,R26,2,2,2,0,0,23.2,0.0,85.3
2026-02-17,R26,2,2,2,0,0,24.5,0.0,90.1
2026-02-18,R26,2,2,2,0,0,13.4,0.0,49.3
2026-02-19,R26,3,2,3,0,1,24.0,0.0,58.8
2026-02-20,R26,1,2,1,0,0,15.7,3.2,100.0
2026-02-23,R26,3,3,3,0,0,23.4,0.0,57.4
2026-02-24,R26,2,2,2,0,0,18.7,0.0,68.8
2026-02-25,R26,1,2,1,1,0,18.9,0.0,69.5
2026-02-26,R26,2,2,2,0,0,15.7,0.0,57.7
2026-02-27,R26,1,2,1,0,0,16.9,4.4,100.0
2026-03-02,R26,3,2,3,0,1,19.9,0.0,48.8
2026-03-03,R26,2,2,2,0,0,15.1,0.0,55.5
2026-03-04,R26,2,2,2,0,0,19.1,0.0,70.2
2026-03-05,R26,2,2,2,0,0,22.0,0.0,80.9
2026-03-06,R26,1,2,1,0,0,17.2,4.7,100.0
2026-03-09,R26,2,3,2,1,0,25.6,0.0,62.7
2026-03-10,R26,2,2,2,0,0,19.9,0.0,73.2
2026-03-11,R26,2,2,2,0,0,21.8,0.0,80.1
2026-03-12,R26,2,2,2,0,0,15.3,0.0,56.2
2026-03-13,R26,2,1,2,0,1,10.5,0.0,38.6
2026-03-16,R26,2,3,2,0,0,29.4,4.4,100.0
2026-03-17,R26,2,2,2,0,0,18.2,0.0,83.0
2026-03-18,R26,2,2,2,0,0,22.9,0.0,84.2
2026-03-19,R26,1,2,1,0,0,13.7,1.2,100.0
2026-03-20,R26,1,2,1,0,0,15.8,4.5,100.0
2026-03-23,R26,3,2,3,0,1,17.6,0.0,43.1
2026-03-24,R26,2,2,2,0,0,17.0,0.0,62.5
2026-03-25,R26,2,2,2,0,0,18.0,0.0,66.2
2026-03-26,R26,2,2,2,0,0,23.7,0.0,87.1
2026-03-27,R26,1,1,1,0,0,10.3,0.0,75.7
2026-03-30,R26,3,2,3,0,1,18.3,0.0,44.9
2026-03-31,R26,2,1,2,0,1,11.0,0.0,40.4
2026-04-01,R26,2,2,2,0,0,18.9,0.0,69.5
2026-04-02,R26,2,2,2,0,0,23.5,0.0,86.4
2026-04-07,R26,1,2,1,1,0,23.5,0.0,86.4
2026-04-08,R26,2,2,2,0,0,24.5,0.0,90.1
2026-04-09,R26,2,2,2,0,0,18.4,0.0,67.6
2026-04-10,R26,1,2,1,0,0,13.2,0.7,97.1
2026-04-13,R26,3,2,3,0,1,22.3,0.0,54.7
2026-04-14,R26,2,2,2,0,0,16.6,0.0,61.0
2026-04-15,R26,2,3,2,0,0,27.0,2.0,99.3
2026-04-16,R26,2,2,2,0,0,15.4,0.0,63.9
2026-04-17,R26,2,2,2,0,0,19.3,0.0,71.0
2026-04-20,R26,3,3,3,0,0,29.9,0.0,73.3
2026-04-21,R26,2,2,2,0,0,20.9,0.0,76.8
2026-04-22,R26,3,3,3,0,0,27.6,0.0,67.6
2026-04-23,R26,2,2,2,0,0,18.1,0.0,66.5
2026-04-24,R26,2,2,2,0,0,14.6,0.0,53.7
2026-04-27,R26,3,2,3,0,1,18.2,0.0,44.6
2026-04-28,R26,2,1,2,0,1,11.7,0.0,43.0
2026-04-29,R26,3,2,3,0,1,18.1,0.0,44.4
2026-04-30,R26,2,2,2,0,0,20.2,0.0,74.3
2026-05-04,R26,3,2,3,0,1,20.3,0.0,49.8
2026-05-05,R26,2,2,2,0,0,23.2,0.0,85.3
2026-05-06,R26,3,3,3,0,0,27.8,0.0,68.1
2026-05-07,R26,3,2,3,0,1,13.0,0.0,31.9
2026-05-08,R26,2,2,2,0,0,17.6,0.0,64.7
2026-05-11,R26,3,3,3,0,0,26.1,0.0,64.0
2026-05-12,R26,2,3,2,0,0,26.5,1.5,97.4
2026-05-13,R26,2,2,2,0,0,20.7,0.0,81.5
2026-05-15,R26,1,1,1,0,0,9.2,0.0,67.6
2026-05-18,R26,3,2,3,0,1,24.2,0.0,59.3
2026-05-19,R26,2,3,2,1,0,30.2,0.0,74.0
2026-05-20,R26,2,2,2,0,0,18.5,0.0,68.0
2026-05-21,R26,2,2,2,0,0,21.0,0.0,77.2
2026-05-22,R26,1,2,1,1,0,19.1,0.0,70.2
2026-05-26,R26,3,2,3,0,1,19.2,0.0,47.1
2026-05-27,R26,2,2,2,0,0,24.8,0.0,91.2
2026-05-28,R26,2,3,2,0,0,28.7,3.7,100.0
2026-05-29,R26,1,2,1,0,0,10.5,1.7,100.0
2026-06-01,R26,2,2,2,0,0,18.9,0.0,69.5
2026-06-02,R26,2,2,2,0,0,14.4,0.0,52.9
2026-06-03,R26,2,2,2,0,0,15.9,0.0,58.5
2026-06-05,R26,2,1,2,0,1,9.9,0.0,36.4
2026-06-08,R26,2,2,2,0,0,23.7,0.0,87.1
2026-06-09,R26,3,2,3,0,1,18.1,0.0,44.4
2026-06-10,R26,3,3,3,0,0,29.0,0.0,71.1
2026-06-11,R26,2,2,2,0,0,19.8,0.0,72.8
2026-06-12,R26,1,1,1,0,0,9.7,0.0,71.3
2026-06-15,R26,2,2,2,0,0,20.7,0.0,76.1
2026-06-16,R26,2,3,2,0,0,25.3,0.3,93.0
2026-06-17,R26,3,2,3,0,1,16.0,0.0,39.9
2026-06-18,R26,2,2,2,0,0,16.7,0.0,61.4
2026-06-19,R26,1,1,1,0,0,9.6,0.0,70.6
2026-06-22,R26,3,2,3,0,1,18.8,0.0,46.1
2026-06-23,R26,3,2,3,0,1,21.5,0.0,52.7
2026-06-24,R26,2,2,2,0,0,17.0,0.0,62.5
2026-06-25,R26,2,2,2,0,0,19.5,0.0,71.7
2026-06-26,R26,1,2,1,0,0,15.5,3.0,100.0
2026-06-29,R26,3,2,3,0,1,20.5,0.0,50.2
2026-06-30,R26,2,2,2,0,0,24.4,0.0,89.7
2026-07-01,R26,2,2,2,0,0,13.6,0.0,50.0
2026-07-02,R26,2,2,2,0,0,17.6,0.0,64.7
2026-07-03,R26,2,2,2,0,0,17.5,0.0,64.3
2026-07-06,R26,2,2,2,0,0,20.4,0.0,75.0
2026-07-07,R26,3,3,3,0,0,26.5,0.0,65.0
2026-07-08,R26,3,2,3,0,1,21.1,0.0,51.7
2026-07-09,R26,2,2,2,0,0,23.4,0.0,86.0
2026-07-10,R26,2,1,2,0,1,10.3,0.0,37.9
2026-07-13,R26,2,2,2,0,0,17.3,0.0,63.6
2026-07-14,R26,3,3,3,0,0,33.6,0.0,82.4
2026-07-15,R26,2,2,2,0,0,17.6,0.0,64.7
2026-07-16,R26,2,3,2,0,0,26.8,1.8,98.5
2026-07-17,R26,1,2,1,0,0,12.8,2.1,100.0
2026-07-20,R26,2,2,2,0,0,19.5,0.0,71.7
2026-07-21,R26,2,2,2,0,0,22.0,0.0,80.9
2026-07-22,R26,2,2,2,0,0,19.2,0.0,70.6
2026-07-23,R26,2,2,2,0,0,18.1,0.0,66.5
2026-07-24,R26,1,2,1,0,0,17.7,5.2,100.0
2026-07-27,R26,3,2,3,0,1,19.3,0.0,47.3
2026-07-28,R26,2,2,2,0,0,19.3,0.0,71.0
2026-07-29,R26,2,2,2,0,0,21.5,0.0,79.0
2026-07-30,R26,3,1,3,0,2,11.5,0.0,28.2
2026-07-31,R26,2,1,2,0,1,9.4,0.0,34.6
2026-08-03,R26,2,2,2,0,0,16.2,0.0,59.6
2026-08-04,R26,2,2,2,0,0,14.9,0.0,54.8
2026-08-05,R26,3,2,3,0,1,14.4,0.0,35.3
2026-08-06,R26,1,2,1,0,0,13.8,1.3,100.0
2026-08-07,R26,1,2,1,0,0,14.7,3.5,100.0
2026-08-10,R26,2,2,2,0,0,11.8,0.0,43.4
2026-08-11,R26,2,2,2,0,0,16.4,0.0,60.3
2026-08-12,R26,2,2,2,0,0,13.3,0.0,48.9
2026-08-13,R26,2,2,2,0,0,19.1,0.0,70.2
2026-08-14,R26,1,2,1,0,0,16.0,3.5,100.0
2026-08-17,R26,2,2,2,0,0,15.4,0.0,56.6
2026-08-18,R26,2,1,2,0,1,11.6,0.0,42.6
2026-08-19,R26,2,2,2,0,0,19.7,0.0,72.4
2026-08-20,R26,2,1,2,0,1,11.8,0.0,43.4
2026-08-21,R26,1,1,1,0,0,10.2,0.0,75.0
2026-08-24,R26,2,1,2,0,1,12.5,0.0,46.0
2026-08-25,R26,2,2,2,0,0,13.5,0.0,49.6
2026-08-26,R26,2,2,2,0,0,17.5,0.0,64.3
2026-08-27,R26,2,1,2,0,1,11.0,0.0,40.4
2026-08-28,R26,1,1,1,0,0,10.5,0.0,77.2
2026-08-31,R26,2,2,2,0,0,18.5,0.0,68.0
2024-01-02,R27,1,1,1,0,0,9.7,0.0,71.3
2024-01-03,R27,1,2,1,0,0,16.8,4.3,100.0
2024-01-04,R27,1,2,1,0,0,12.3,4.1,100.0
2024-01-05,R27,1,2,1,0,0,10.9,2.5,100.0
2024-01-08,R27,2,2,2,0,0,15.4,0.0,56.6
2024-01-09,R27,1,2,1,1,0,18.8,0.0,69.1
2024-01-10,R27,2,1,2,0,1,12.2,0.0,44.9
2024-01-11,R27,2,2,2,0,0,20.3,0.0,74.6
2024-01-12,R27,2,1,2,0,1,11.4,0.0,41.9
2024-01-15,R27,2,2,2,0,0,15.3,0.0,56.2
2024-01-16,R27,1,2,1,0,0,16.5,4.0,100.0
2024-01-17,R27,2,2,2,0,0,11.9,0.0,58.4
2024-01-18,R27,2,1,2,0,1,5.9,0.0,21.7
2024-01-19,R27,1,1,1,0,0,10.5,0.0,77.2
2024-01-22,R27,2,2,2,0,0,13.1,0.0,48.2
2024-01-23,R27,2,2,2,0,0,16.6,0.0,61.0
2024-01-24,R27,2,2,2,0,0,22.7,0.0,83.5
2024-01-25,R27,1,1,1,0,0,10.1,0.0,74.3
2024-01-26,R27,1,2,1,0,0,13.0,0.5,95.6
2024-01-29,R27,2,2,2,0,0,15.9,0.0,58.5
2024-01-30,R27,2,2,2,0,0,23.1,0.0,84.9
2024-01-31,R27,2,2,2,0,0,16.7,0.0,61.4
2024-02-01,R27,1,1,1,0,0,9.4,0.0,69.1
2024-02-02,R27,1,1,1,0,0,10.5,0.0,77.2
2024-02-05,R27,2,3,2,0,0,25.5,0.5,93.7
2024-02-06,R27,2,1,2,0,1,10.4,0.0,40.0
2024-02-07,R27,2,2,2,0,0,15.7,0.0,57.7
2024-02-08,R27,1,2,1,0,0,14.2,1.7,100.0
2024-02-09,R27,1,2,1,1,0,17.0,0.0,68.7
2024-02-12,R27,3,1,3,0,2,10.2,0.0,25.0
2024-02-13,R27,1,2,1,0,0,17.3,4.8,100.0
2024-02-14,R27,3,3,3,0,0,21.4,0.0,64.2
2024-02-15,R27,2,1,2,0,1,10.2,0.0,37.5
2024-02-16,R27,1,2,1,0,0,15.1,2.6,100.0
2024-02-19,R27,2,2,2,0,0,17.9,0.0,65.8
2024-02-20,R27,2,1,2,0,1,12.5,0.0,46.0
2024-02-21,R27,3,2,3,0,1,17.6,0.0,43.1
2024-02-22,R27,1,2,1,0,0,15.9,3.4,100.0
2024-02-23,R27,1,1,1,0,0,7.7,0.0,81.5
2024-02-26,R27,2,2,2,0,0,17.7,0.0,65.1
2024-02-27,R27,2,1,2,0,1,9.4,0.0,34.6
2024-02-28,R27,2,1,2,0,1,9.5,0.0,34.9
2024-02-29,R27,2,2,2,0,0,15.7,0.0,57.7
2024-03-01,R27,1,2,1,0,0,13.6,1.1,100.0
2024-03-04,R27,2,3,2,0,0,27.1,3.2,99.6
2024-03-05,R27,1,2,1,1,0,16.2,0.0,71.2
2024-03-06,R27,2,2,2,0,0,17.1,0.0,62.9
2024-03-07,R27,3,2,3,0,1,17.3,0.0,42.4
2024-03-08,R27,2,1,2,0,1,9.1,0.0,33.5
2024-03-11,R27,3,2,3,0,1,13.9,0.0,34.1
2024-03-12,R27,2,2,2,0,0,14.4,0.0,52.9
2024-03-13,R27,2,1,2,0,1,7.0,0.0,25.7
2024-03-14,R27,1,2,1,0,0,19.9,7.4,100.0
2024-03-15,R27,1,2,1,1,0,11.6,0.0,69.8
2024-03-18,R27,3,2,3,0,1,20.0,0.0,49.0
2024-03-19,R27,2,2,2,0,0,14.0,0.0,51.5
2024-03-20,R27,2,2,2,0,0,14.7,0.0,54.0
2024-03-21,R27,1,1,1,0,0,10.8,0.0,79.4
2024-03-22,R27,2,2,2,0,0,13.3,0.0,48.9
2024-03-25,R27,2,2,2,0,0,20.8,0.0,76.5
2024-03-26,R27,2,2,2,0,0,15.4,0.0,56.6
2024-03-27,R27,2,2,2,0,0,14.4,0.0,52.9
2024-03-28,R27,2,2,2,0,0,20.8,0.0,76.5
2024-04-02,R27,2,2,2,0,0,14.4,0.0,52.9
2024-04-03,R27,2,2,2,0,0,12.7,0.0,46.7
2024-04-04,R27,2,2,2,0,0,19.7,0.0,72.4
2024-04-05,R27,1,2,1,1,0,18.8,0.0,69.1
2024-04-08,R27,2,2,2,0,0,15.4,0.0,56.6
2024-04-09,R27,3,2,3,0,1,14.7,0.0,36.0
2024-04-10,R27,2,2,2,0,0,17.1,0.0,62.9
2024-04-11,R27,2,2,2,0,0,20.8,0.0,76.5
2024-04-12,R27,2,2,2,0,0,14.2,0.0,52.2
2024-04-15,R27,2,2,2,0,0,14.9,0.0,54.8
2024-04-16,R27,2,2,2,0,0,14.6,0.0,53.7
2024-04-17,R27,2,2,2,0,0,18.9,0.0,69.5
2024-04-18,R27,2,2,2,0,0,24.7,0.0,90.8
2024-04-19,R27,2,2,2,0,0,16.5,0.0,60.7
2024-04-22,R27,3,2,3,0,1,23.1,0.0,56.6
2024-04-23,R27,2,2,2,0,0,21.5,0.0,79.0
2024-04-24,R27,1,2,1,0,0,14.7,2.2,100.0
2024-04-25,R27,2,2,2,0,0,20.0,0.0,81.6
2024-04-26,R27,2,2,2,0,0,14.4,0.0,52.9
2024-04-29,R27,2,2,2,0,0,23.0,0.0,84.6
2024-04-30,R27,2,2,2,0,0,14.4,0.0,52.9
2024-05-02,R27,2,1,2,0,1,12.1,0.0,44.5
2024-05-03,R27,2,1,2,0,1,12.4,0.0,45.6
2024-05-06,R27,3,2,3,0,1,21.7,0.0,53.2
2024-05-07,R27,1,2,1,0,0,14.9,2.4,100.0
2024-05-08,R27,1,2,1,1,0,18.1,0.0,75.3
2024-05-10,R27,1,1,1,0,0,7.6,0.0,55.9
2024-05-13,R27,3,2,3,0,1,16.2,0.0,39.7
2024-05-14,R27,2,2,2,0,0,22.5,0.0,82.7
2024-05-15,R27,2,2,2,0,0,15.6,0.0,57.4
2024-05-16,R27,1,2,1,0,0,23.2,10.7,100.0
2024-05-17,R27,0,2,0,2,0,9.8,0.0,75.3
2024-05-21,R27,2,2,2,0,0,16.6,0.0,61.0
2024-05-22,R27,2,1,2,0,1,9.5,0.0,34.9
2024-05-23,R27,2,2,2,0,0,18.5,0.0,68.0
2024-05-24,R27,2,1,2,0,1,10.0,0.0,36.8
2024-05-27,R27,3,2,3,0,1,15.2,0.0,37.3
2024-05-28,R27,2,2,2,0,0,20.2,0.0,74.3
2024-05-29,R27,1,2,1,1,0,18.5,0.0,68.0
2024-05-31,R27,1,1,1,0,0,10.0,0.0,73.5
2024-06-03,R27,2,3,2,0,0,28.0,3.0,100.0
2024-06-04,R27,3,2,3,0,1,19.3,0.0,54.6
2024-06-05,R27,1,1,1,0,0,11.8,0.0,86.8
2024-06-06,R27,2,2,2,0,0,14.8,0.0,54.4
2024-06-07,R27,1,2,1,0,0,12.7,0.2,93.4
2024-06-10,R27,3,1,3,0,2,12.2,0.0,29.9
2024-06-11,R27,2,2,2,0,0,14.1,0.0,51.8
2024-06-12,R27,1,2,1,1,0,19.7,0.0,72.4
2024-06-13,R27,2,2,2,0,0,16.7,0.0,61.4
2024-06-14,R27,2,1,2,0,1,10.6,0.0,39.0
2024-06-17,R27,2,2,2,0,0,13.3,0.0,48.9
2024-06-18,R27,2,2,2,0,0,20.6,0.0,75.7
2024-06-19,R27,2,2,2,0,0,17.1,0.0,62.9
2024-06-20,R27,2,2,2,0,0,16.4,0.0,60.3
2024-06-21,R27,2,1,2,0,1,7.6,0.0,27.9
2024-06-24,R27,2,2,2,0,0,20.0,0.0,73.5
2024-06-25,R27,2,1,2,0,1,10.4,0.0,38.2
2024-06-26,R27,1,2,1,0,0,13.1,0.6,96.3
2024-06-27,R27,2,2,2,0,0,17.4,0.0,66.1
2024-06-28,R27,1,2,1,0,0,13.3,0.8,97.8
2024-07-01,R27,3,2,3,0,1,13.1,0.0,32.1
2024-07-02,R27,1,2,1,0,0,15.5,3.0,100.0
2024-07-03,R27,2,2,2,0,0,12.0,0.0,55.1
2024-07-04,R27,2,2,2,0,0,17.5,0.0,64.3
2024-07-05,R27,2,2,2,0,0,15.5,0.0,57.0
2024-07-08,R27,3,1,3,0,2,8.2,0.0,20.1
2024-07-09,R27,1,2,1,0,0,12.9,0.4,94.9
2024-07-10,R27,2,1,2,0,1,10.1,0.0,38.6
2024-07-11,R27,2,2,2,0,0,23.2,0.0,85.3
2024-07-12,R27,2,1,2,0,1,6.7,0.0,24.6
2024-07-15,R27,2,2,2,0,0,17.9,0.0,65.8
2024-07-16,R27,2,2,2,0,0,14.8,0.0,54.4
2024-07-17,R27,2,2,2,0,0,15.3,0.0,56.2
2024-07-18,R27,2,1,2,0,1,10.5,0.0,38.6
2024-07-19,R27,2,1,2,0,1,7.6,0.0,27.9
2024-07-22,R27,2,2,2,0,0,15.6,0.0,57.4
2024-07-23,R27,2,2,2,0,0,16.8,0.0,61.8
2024-07-24,R27,2,2,2,0,0,16.0,0.0,58.8
2024-07-25,R27,1,2,1,0,0,14.4,1.9,100.0
2024-07-26,R27,1,2,1,0,0,11.9,1.3,100.0
2024-07-29,R27,2,1,2,0,1,7.6,0.0,27.9
2024-07-30,R27,2,1,2,0,1,9.8,0.0,36.0
2024-07-31,R27,2,2,2,0,0,13.3,0.0,48.9
2024-08-01,R27,2,1,2,0,1,8.5,0.0,31.2
2024-08-02,R27,2,1,2,0,1,5.3,0.0,19.5
2024-08-05,R27,2,2,2,0,0,13.0,0.0,47.8
2024-08-06,R27,1,2,1,0,0,15.0,2.5,100.0
2024-08-07,R27,3,2,3,0,1,10.9,0.0,32.8
2024-08-08,R27,2,1,2,0,1,10.3,0.0,37.9
2024-08-09,R27,1,1,1,0,0,7.8,0.0,57.4
2024-08-12,R27,2,2,2,0,0,14.0,0.0,51.5
2024-08-13,R27,2,2,2,0,0,12.9,0.0,47.4
2024-08-14,R27,2,1,2,0,1,7.9,0.0,29.0
2024-08-15,R27,1,1,1,0,0,12.1,0.0,89.0
2024-08-16,R27,1,1,1,0,0,5.0,0.0,36.8
2024-08-19,R27,2,2,2,0,0,17.3,0.0,63.6
2024-08-20,R27,2,1,2,0,1,10.4,0.0,38.2
2024-08-21,R27,1,1,1,0,0,11.1,0.0,81.6
2024-08-22,R27,1,2,1,0,0,17.5,5.0,100.0
2024-08-23,R27,1,2,1,0,0,7.6,0.1,92.6
2024-08-26,R27,2,1,2,0,1,12.3,0.0,45.2
2024-08-27,R27,1,2,1,0,0,14.3,1.8,100.0
2024-08-28,R27,1,2,1,1,0,16.6,0.0,67.6
2024-08-29,R27,1,2,1,0,0,17.3,4.8,100.0
2024-08-30,R27,1,1,1,0,0,6.4,0.0,82.3
2024-09-02,R27,2,1,2,0,1,10.5,0.0,38.6
2024-09-03,R27,1,1,1,0,0,8.3,0.0,61.0
2024-09-04,R27,2,1,2,0,1,8.2,0.0,30.1
2024-09-05,R27,2,2,2,0,0,23.9,0.0,87.9
2024-09-06,R27,1,1,1,0,0,11.1,0.0,81.6
2024-09-09,R27,1,2,1,1,0,19.5,0.0,71.7
2024-09-10,R27,1,2,1,1,0,23.4,0.0,86.0
2024-09-11,R27,1,2,1,1,0,18.0,0.0,66.2
2024-09-12,R27,2,2,2,0,0,20.2,0.0,74.3
2024-09-13,R27,1,1,1,0,0,12.3,0.0,90.4
2024-09-16,R27,2,2,2,0,0,17.6,0.0,64.7
2024-09-17,R27,1,2,1,0,0,15.4,2.9,100.0
2024-09-18,R27,2,2,2,0,0,13.0,0.0,58.4
2024-09-19,R27,2,2,2,0,0,20.9,0.0,76.8
2024-09-20,R27,1,1,1,0,0,8.6,0.0,63.2
2024-09-23,R27,3,2,3,0,1,21.8,0.0,53.4
2024-09-24,R27,2,2,2,0,0,19.8,0.0,72.8
2024-09-25,R27,2,2,2,0,0,17.8,0.0,65.4
2024-09-26,R27,2,2,2,0,0,14.1,0.0,51.8
2024-09-27,R27,1,1,1,0,0,9.5,0.0,69.9
2024-09-30,R27,2,2,2,0,0,23.1,0.0,84.9
2024-10-01,R27,3,2,3,0,1,18.0,0.0,44.1
2024-10-02,R27,2,2,2,0,0,19.4,0.0,71.3
2024-10-04,R27,1,1,1,0,0,11.4,0.0,83.8
2024-10-07,R27,2,2,2,0,0,16.2,0.0,59.6
2024-10-08,R27,2,1,2,0,1,12.5,0.0,46.0
2024-10-09,R27,2,1,2,0,1,5.3,0.0,19.5
2024-10-10,R27,2,2,2,0,0,13.5,0.0,49.6
2024-10-11,R27,1,1,1,0,0,5.2,0.0,38.2
2024-10-14,R27,3,2,3,0,1,18.0,0.0,44.1
2024-10-15,R27,2,1,2,0,1,9.9,0.0,36.4
2024-10-16,R27,2,1,2,0,1,9.1,0.0,33.5
2024-10-17,R27,2,1,2,0,1,11.6,0.0,42.6
2024-10-18,R27,1,1,1,0,0,12.0,0.0,88.2
2024-10-21,R27,2,2,2,0,0,19.4,0.0,71.3
2024-10-22,R27,2,2,2,0,0,15.4,0.0,56.6
2024-10-23,R27,1,1,1,0,0,10.5,0.0,77.2
2024-10-24,R27,1,2,1,1,0,22.4,0.0,82.4
2024-10-25,R27,1,1,1,0,0,9.8,0.0,72.1
2024-10-28,R27,2,2,2,0,0,12.8,0.0,47.1
2024-10-29,R27,2,2,2,0,0,16.6,0.0,61.0
2024-10-30,R27,1,2,1,0,0,13.1,0.6,96.3
2024-10-31,R27,2,2,2,0,0,21.7,0.0,81.9
2024-11-04,R27,3,2,3,0,1,17.9,0.0,43.9
2024-11-05,R27,2,2,2,0,0,14.5,0.0,53.3
2024-11-06,R27,2,2,2,0,0,12.7,0.0,46.7
2024-11-07,R27,2,2,2,0,0,14.5,0.0,53.3
2024-11-08,R27,1,1,1,0,0,8.9,0.0,65.4
2024-11-11,R27,2,2,2,0,0,17.8,0.0,65.4
2024-11-12,R27,2,2,2,0,0,14.3,0.0,52.6
2024-11-13,R27,3,2,3,0,1,14.1,0.0,34.6
2024-11-14,R27,2,1,2,0,1,3.7,0.0,13.6
2024-11-15,R27,1,2,1,1,0,18.9,0.0,69.5
2024-11-18,R27,3,2,3,0,1,19.3,0.0,47.3
2024-11-19,R27,2,1,2,0,1,11.8,0.0,43.4
2024-11-20,R27,2,2,2,0,0,18.1,0.0,66.5
2024-11-21,R27,1,2,1,1,0,19.6,0.0,72.1
2024-11-22,R27,1,1,1,0,0,12.0,0.0,88.2
2024-11-25,R27,3,2,3,0,1,14.7,0.0,36.0
2024-11-26,R27,2,1,2,0,1,11.5,0.0,42.3
2024-11-27,R27,2,2,2,0,0,18.1,0.0,66.5
2024-11-28,R27,1,2,1,1,0,20.5,0.0,75.4
2024-11-29,R27,1,2,1,0,0,12.9,0.4,94.9
2024-12-02,R27,2,2,2,0,0,14.0,0.0,51.5
2024-12-03,R27,1,1,1,0,0,12.1,0.0,89.0
2024-12-04,R27,2,2,2,0,0,14.2,0.0,52.2
2024-12-05,R27,2,2,2,0,0,19.8,0.0,72.8
2024-12-06,R27,1,2,1,1,0,21.8,0.0,80.1
2024-12-09,R27,2,2,2,0,0,17.4,0.0,64.0
2024-12-10,R27,1,2,1,0,0,18.7,6.2,100.0
2024-12-11,R27,2,2,2,0,0,12.5,0.0,68.7
2024-12-12,R27,2,1,2,0,1,9.1,0.0,33.5
2024-12-13,R27,2,1,2,0,1,7.9,0.0,29.0
2024-12-16,R27,3,2,3,0,1,17.2,0.0,42.2
2024-12-17,R27,2,2,2,0,0,20.4,0.0,75.0
2024-12-18,R27,2,2,2,0,0,18.9,0.0,69.5
2024-12-19,R27,1,2,1,1,0,19.1,0.0,70.2
2024-12-20,R27,1,2,1,0,0,14.0,1.5,100.0
2024-12-23,R27,2,1,2,0,1,5.8,0.0,21.3
2024-12-24,R27,1,1,1,0,0,8.9,0.0,65.4
2024-12-27,R27,2,1,2,0,1,4.9,0.0,18.0
2024-12-30,R27,2,1,2,0,1,12.5,0.0,46.0
2024-12-31,R27,1,1,1,0,0,9.3,0.0,68.4
2025-01-02,R27,2,2,2,0,0,13.4,0.0,49.3
2025-01-03,R27,1,1,1,0,0,4.5,0.0,33.1
2025-01-07,R27,1,2,1,0,0,15.7,3.2,100.0
2025-01-08,R27,2,2,2,0,0,14.5,0.0,65.0
2025-01-09,R27,2,2,2,0,0,12.8,0.0,47.1
2025-01-10,R27,1,1,1,0,0,11.9,0.0,87.5
2025-01-13,R27,2,2,2,0,0,19.0,0.0,69.9
2025-01-14,R27,2,2,2,0,0,18.3,0.0,67.3
2025-01-15,R27,2,2,2,0,0,16.8,0.0,61.8
2025-01-16,R27,2,2,2,0,0,19.9,0.0,73.2
2025-01-17,R27,1,1,1,0,0,12.2,0.0,89.7
2025-01-20,R27,2,2,2,0,0,15.8,0.0,58.1
2025-01-21,R27,3,2,3,0,1,18.4,0.0,45.1
2025-01-22,R27,2,2,2,0,0,16.9,0.0,62.1
2025-01-23,R27,1,2,1,1,0,19.0,0.0,69.9
2025-01-24,R27,1,2,1,0,0,15.7,3.2,100.0
2025-01-27,R27,2,2,2,0,0,16.7,0.0,61.4
2025-01-28,R27,2,2,2,0,0,23.7,0.0,87.1
2025-01-29,R27,2,2,2,0,0,14.2,0.0,52.2
2025-01-30,R27,1,2,1,0,0,15.9,3.4,100.0
2025-01-31,R27,1,2,1,0,0,10.1,1.0,99.2
2025-02-03,R27,3,2,3,0,1,15.5,0.0,38.0
2025-02-04,R27,2,2,2,0,0,17.9,0.0,65.8
2025-02-05,R27,2,1,2,0,1,11.6,0.0,42.6
2025-02-06,R27,2,2,2,0,0,20.4,0.0,75.0
2025-02-07,R27,2,1,2,0,1,11.6,0.0,42.6
2025-02-10,R27,3,2,3,0,1,13.2,0.0,32.4
2025-02-11,R27,2,2,2,0,0,15.0,0.0,55.1
2025-02-12,R27,2,1,2,0,1,11.0,0.0,40.4
2025-02-13,R27,2,3,2,0,0,26.9,1.9,98.9
2025-02-14,R27,2,2,2,0,0,12.0,0.0,51.0
2025-02-17,R27,2,1,2,0,1,12.5,0.0,46.0
2025-02-18,R27,1,1,1,0,0,10.7,0.0,78.7
2025-02-19,R27,1,1,1,0,0,11.1,0.0,81.6
2025-02-20,R27,2,1,2,0,1,10.2,0.0,37.5
2025-02-21,R27,2,2,2,0,0,13.1,0.0,48.2
2025-02-24,R27,2,2,2,0,0,14.6,0.0,53.7
2025-02-25,R27,1,2,1,0,0,14.4,1.9,100.0
2025-02-26,R27,1,2,1,1,0,22.2,0.0,88.6
2025-02-27,R27,2,1,2,0,1,10.7,0.0,39.3
2025-02-28,R27,2,1,2,0,1,11.4,0.0,41.9
2025-03-03,R27,3,2,3,0,1,17.4,0.0,42.6
2025-03-04,R27,2,2,2,0,0,17.7,0.0,65.1
2025-03-05,R27,2,1,2,0,1,10.0,0.0,36.8
2025-03-06,R27,1,2,1,1,0,22.4,0.0,82.4
2025-03-07,R27,1,1,1,0,0,9.8,0.0,72.1
2025-03-10,R27,3,2,3,0,1,17.9,0.0,43.9
2025-03-11,R27,2,2,2,0,0,12.7,0.0,46.7
2025-03-12,R27,1,2,1,0,0,16.0,3.5,100.0
2025-03-13,R27,2,3,2,0,0,22.5,1.0,95.5
2025-03-14,R27,1,2,1,0,0,11.9,0.4,94.6
2025-03-17,R27,2,2,2,0,0,15.7,0.0,57.7
2025-03-18,R27,2,1,2,0,1,11.3,0.0,41.5
2025-03-19,R27,2,2,2,0,0,13.0,0.0,47.8
2025-03-20,R27,2,2,2,0,0,23.0,0.0,84.6
2025-03-21,R27,2,1,2,0,1,10.3,0.0,37.9
2025-03-24,R27,2,2,2,0,0,20.0,0.0,73.5
2025-03-25,R27,1,1,1,0,0,11.3,0.0,83.1
2025-03-26,R27,2,2,2,0,0,21.3,0.0,78.3
2025-03-27,R27,2,2,2,0,0,14.0,0.0,51.5
2025-03-28,R27,1,1,1,0,0,8.6,0.0,63.2
2025-03-31,R27,2,1,2,0,1,10.5,0.0,38.6
2025-04-01,R27,1,2,1,1,0,18.6,0.0,68.4
2025-04-02,R27,1,3,1,1,0,25.4,0.4,93.4
2025-04-03,R27,1,2,1,1,0,22.2,0.0,83.0
2025-04-04,R27,1,1,1,0,0,8.0,0.0,58.8
2025-04-07,R27,2,2,2,0,0,15.7,0.0,57.7
2025-04-08,R27,2,2,2,0,0,18.8,0.0,69.1
2025-04-09,R27,3,1,3,0,2,9.9,0.0,24.3
2025-04-10,R27,2,2,2,0,0,18.4,0.0,67.6
2025-04-11,R27,1,1,1,0,0,7.8,0.0,57.4
2025-04-14,R27,3,2,3,0,1,15.6,0.0,38.2
2025-04-15,R27,2,1,2,0,1,8.7,0.0,32.0
2025-04-16,R27,2,1,2,0,1,11.4,0.0,41.9
2025-04-17,R27,2,3,2,1,0,35.4,0.0,86.8
2025-04-22,R27,1,1,1,0,0,11.7,0.0,86.0
2025-04-23,R27,1,1,1,0,0,8.9,0.0,65.4
2025-04-24,R27,3,2,3,0,1,16.9,0.0,41.4
2025-04-25,R27,1,1,1,0,0,6.5,0.0,47.8
2025-04-28,R27,2,2,2,0,0,17.3,0.0,63.6
2025-04-29,R27,2,2,2,0,0,13.4,0.0,49.3
2025-04-30,R27,1,1,1,0,0,10.5,0.0,77.2
2025-05-02,R27,1,1,1,0,0,5.7,0.0,41.9
2025-05-05,R27,3,2,3,0,1,17.1,0.0,41.9
2025-05-06,R27,2,2,2,0,0,15.4,0.0,56.6
2025-05-07,R27,2,1,2,0,1,9.1,0.0,33.5
2025-05-08,R27,2,2,2,0,0,19.5,0.0,71.7
2025-05-09,R27,1,1,1,0,0,8.6,0.0,63.2
2025-05-12,R27,2,2,2,0,0,15.7,0.0,57.7
2025-05-13,R27,1,1,1,0,0,9.7,0.0,71.3
2025-05-14,R27,1,2,1,0,0,13.9,1.4,100.0
2025-05-15,R27,2,2,2,0,0,13.3,0.0,54.0
2025-05-16,R27,1,1,1,0,0,7.5,0.0,55.1
2025-05-19,R27,3,2,3,0,1,14.2,0.0,34.8
2025-05-20,R27,2,1,2,0,1,8.2,0.0,30.1
2025-05-21,R27,1,2,1,0,0,16.2,3.7,100.0
2025-05-22,R27,2,2,2,0,0,11.1,0.0,54.4
2025-05-23,R27,1,1,1,0,0,9.3,0.0,68.4
2025-05-26,R27,3,2,3,0,1,16.5,0.0,40.4
2025-05-27,R27,1,1,1,0,0,11.8,0.0,86.8
2025-05-28,R27,1,2,1,0,0,12.6,0.1,92.6
2025-05-30,R27,1,1,1,0,0,9.0,0.0,66.2
2025-06-02,R27,2,2,2,0,0,24.4,0.0,89.7
2025-06-03,R27,1,2,1,0,0,12.8,0.3,94.1
2025-06-04,R27,2,2,2,0,0,19.4,0.0,72.4
2025-06-05,R27,2,2,2,0,0,21.9,0.0,80.5
2025-06-06,R27,1,1,1,0,0,11.4,0.0,83.8
2025-06-10,R27,2,1,2,0,1,8.8,0.0,32.4
2025-06-11,R27,1,1,1,0,0,10.9,0.0,80.1
2025-06-12,R27,2,3,2,0,0,29.4,4.4,100.0
2025-06-13,R27,1,2,1,0,0,11.4,3.3,100.0
2025-06-16,R27,3,3,3,0,0,25.0,0.0,61.3
2025-06-17,R27,2,2,2,0,0,22.1,0.0,81.2
2025-06-18,R27,1,2,1,0,0,15.1,2.6,100.0
2025-06-20,R27,2,1,2,0,1,5.3,0.0,19.5
2025-06-23,R27,3,2,3,0,1,24.3,0.0,59.6
2025-06-24,R27,2,3,2,0,0,25.3,0.3,93.0
2025-06-25,R27,2,2,2,0,0,22.5,0.0,83.7
2025-06-26,R27,3,3,3,0,0,28.9,0.0,70.8
2025-06-27,R27,1,1,1,0,0,12.5,0.0,91.9
2025-06-30,R27,3,3,3,0,0,25.1,0.0,61.5
2025-07-01,R27,3,2,3,0,1,17.9,0.0,43.9
2025-07-02,R27,2,3,2,0,0,25.9,0.9,95.2
2025-07-03,R27,2,2,2,0,0,20.0,0.0,76.8
2025-07-04,R27,1,2,1,1,0,19.2,0.0,70.6
2025-07-07,R27,3,2,3,0,1,16.8,0.0,41.2
2025-07-08,R27,3,2,3,0,1,20.6,0.0,50.5
2025-07-09,R27,3,2,3,0,1,13.9,0.0,34.1
2025-07-10,R27,2,2,2,0,0,22.2,0.0,81.6
2025-07-11,R27,1,1,1,0,0,9.6,0.0,70.6
2025-07-14,R27,3,2,3,0,1,24.2,0.0,59.3
2025-07-15,R27,2,2,2,0,0,16.7,0.0,61.4
2025-07-16,R27,2,2,2,0,0,14.8,0.0,54.4
2025-07-17,R27,1,3,1,1,0,25.2,0.2,92.6
2025-07-18,R27,1,1,1,0,0,9.9,0.0,74.1
2025-07-21,R27,3,2,3,0,1,14.1,0.0,34.6
2025-07-22,R27,2,2,2,0,0,13.6,0.0,50.0
2025-07-23,R27,2,1,2,0,1,10.8,0.0,39.7
2025-07-24,R27,3,2,3,0,1,21.5,0.0,52.7
2025-07-25,R27,1,2,1,1,0,18.4,0.0,67.6
2025-07-28,R27,2,2,2,0,0,14.3,0.0,52.6
2025-07-29,R27,2,2,2,0,0,20.3,0.0,74.6
2025-07-30,R27,2,2,2,0,0,17.8,0.0,65.4
2025-07-31,R27,2,2,2,0,0,23.9,0.0,87.9
2025-08-01,R27,2,1,2,0,1,8.0,0.0,29.4
2025-08-04,R27,3,2,3,0,1,13.1,0.0,32.1
2025-08-05,R27,2,2,2,0,0,16.7,0.0,61.4
2025-08-06,R27,2,1,2,0,1,9.1,0.0,33.5
2025-08-07,R27,2,2,2,0,0,16.9,0.0,62.1
2025-08-08,R27,1,1,1,0,0,9.4,0.0,69.1
2025-08-11,R27,2,1,2,0,1,9.3,0.0,34.2
2025-08-12,R27,3,2,3,0,1,18.8,0.0,46.1
2025-08-13,R27,1,1,1,0,0,4.5,0.0,33.1
2025-08-14,R27,2,2,2,0,0,19.5,0.0,71.7
2025-08-15,R27,1,1,1,0,0,4.2,0.0,30.9
2025-08-18,R27,2,2,2,0,0,18.1,0.0,66.5
2025-08-19,R27,2,2,2,0,0,13.7,0.0,50.4
2025-08-20,R27,1,2,1,0,0,16.4,3.9,100.0
2025-08-21,R27,2,1,2,0,1,6.7,0.0,38.9
2025-08-22,R27,1,1,1,0,0,6.4,0.0,47.1
2025-08-25,R27,2,2,2,0,0,14.1,0.0,51.8
2025-08-26,R27,2,2,2,0,0,20.6,0.0,75.7
2025-08-27,R27,2,2,2,0,0,23.5,0.0,86.4
2025-08-28,R27,2,2,2,0,0,14.3,0.0,52.6
2025-08-29,R27,1,1,1,0,0,7.0,0.0,51.5
2025-09-01,R27,2,2,2,0,0,20.5,0.0,75.4
2025-09-02,R27,1,2,1,0,0,14.5,2.0,100.0
2025-09-03,R27,2,2,2,0,0,13.4,0.0,56.6
2025-09-04,R27,2,2,2,0,0,17.0,0.0,62.5
2025-09-05,R27,1,1,1,0,0,9.8,0.0,72.1
2025-09-08,R27,2,2,2,0,0,14.9,0.0,54.8
2025-09-09,R27,2,1,2,0,1,9.6,0.0,35.3
2025-09-10,R27,1,1,1,0,0,11.6,0.0,85.3
2025-09-11,R27,2,2,2,0,0,15.2,0.0,55.9
2025-09-12,R27,0,1,0,0,0,3.9,3.9,0.0
2025-09-15,R27,2,2,2,0,0,20.8,0.0,76.5
2025-09-16,R27,1,2,1,0,0,19.2,6.7,100.0
2025-09-17,R27,2,2,2,0,0,18.1,0.0,91.1
2025-09-18,R27,2,2,2,0,0,15.2,0.0,55.9
2025-09-19,R27,1,1,1,0,0,6.4,0.0,47.1
2025-09-22,R27,2,2,2,0,0,16.3,0.0,59.9
2025-09-23,R27,2,2,2,0,0,13.8,0.0,50.7
2025-09-24,R27,2,2,2,0,0,15.2,0.0,55.9
2025-09-25,R27,2,2,2,0,0,15.3,0.0,56.2
2025-09-26,R27,1,2,1,0,0,16.3,3.8,100.0
2025-09-29,R27,2,2,2,0,0,18.8,0.0,69.1
2025-09-30,R27,2,1,2,0,1,11.6,0.0,42.6
2025-10-01,R27,2,1,2,0,1,9.0,0.0,33.1
2025-10-02,R27,2,2,2,0,0,22.1,0.0,81.3
2025-10-06,R27,3,2,3,0,1,21.6,0.0,52.9
2025-10-07,R27,1,1,1,0,0,9.0,0.0,66.2
2025-10-08,R27,1,2,1,1,0,21.7,0.0,79.8
2025-10-09,R27,2,2,2,0,0,16.2,0.0,59.6
2025-10-10,R27,1,1,1,0,0,6.7,0.0,49.3
2025-10-13,R27,2,2,2,0,0,22.0,0.0,80.9
2025-10-14,R27,1,2,1,0,0,16.7,4.2,100.0
2025-10-15,R27,2,3,2,0,0,23.5,2.7,100.0
2025-10-16,R27,1,3,1,1,0,23.7,1.3,96.9
2025-10-17,R27,1,1,1,0,0,10.2,0.0,84.9
2025-10-20,R27,2,2,2,0,0,20.6,0.0,75.7
2025-10-21,R27,2,3,2,0,0,26.8,1.8,98.5
2025-10-22,R27,2,2,2,0,0,19.8,0.0,79.3
2025-10-23,R27,3,2,3,0,1,18.7,0.0,45.8
2025-10-24,R27,1,1,1,0,0,5.6,0.0,41.2
2025-10-27,R27,2,2,2,0,0,17.9,0.0,65.8
2025-10-28,R27,2,2,2,0,0,17.2,0.0,63.2
2025-10-29,R27,3,2,3,0,1,13.5,0.0,33.1
2025-10-30,R27,2,2,2,0,0,12.6,0.0,46.3
2025-10-31,R27,1,2,1,0,0,14.7,2.2,100.0
2025-11-03,R27,2,2,2,0,0,19.1,0.0,70.2
2025-11-04,R27,2,2,2,0,0,20.3,0.0,74.6
2025-11-05,R27,2,2,2,0,0,16.8,0.0,61.8
2025-11-06,R27,2,2,2,0,0,20.5,0.0,75.4
2025-11-07,R27,1,1,1,0,0,11.5,0.0,84.6
2025-11-10,R27,2,2,2,0,0,17.3,0.0,63.6
2025-11-11,R27,2,2,2,0,0,23.9,0.0,87.9
2025-11-12,R27,2,2,2,0,0,18.0,0.0,66.2
2025-11-13,R27,2,2,2,0,0,14.8,0.0,54.4
2025-11-14,R27,1,1,1,0,0,7.0,0.0,51.5
2025-11-17,R27,2,2,2,0,0,23.9,0.0,87.9
2025-11-18,R27,2,2,2,0,0,21.8,0.0,80.1
2025-11-19,R27,2,2,2,0,0,23.4,0.0,86.0
2025-11-20,R27,2,2,2,0,0,14.3,0.0,52.6
2025-11-21,R27,0,1,0,1,0,11.5,0.0,84.6
2025-11-24,R27,2,2,2,0,0,19.4,0.0,71.3
2025-11-25,R27,2,2,2,0,0,18.7,0.0,68.7
2025-11-26,R27,2,2,2,0,0,14.9,0.0,54.8
2025-11-27,R27,2,2,2,0,0,19.6,0.0,72.1
2025-11-28,R27,1,2,1,0,0,12.9,0.4,94.9
2025-12-01,R27,3,3,3,0,0,28.1,0.0,68.9
2025-12-02,R27,1,2,1,0,0,16.4,3.9,100.0
2025-12-03,R27,2,3,2,1,0,27.1,0.0,76.0
2025-12-04,R27,2,2,2,0,0,13.3,0.0,48.9
2025-12-05,R27,1,1,1,0,0,11.1,0.0,81.6
2025-12-08,R27,3,2,3,0,1,19.4,0.0,47.5
2025-12-09,R27,2,2,2,0,0,18.9,0.0,69.5
2025-12-10,R27,3,2,3,0,1,14.4,0.0,35.3
2025-12-11,R27,1,2,1,0,0,14.2,1.7,100.0
2025-12-12,R27,1,1,1,0,0,8.0,0.0,71.2
2025-12-15,R27,2,1,2,0,1,12.1,0.0,44.5
2025-12-16,R27,2,1,2,0,1,11.1,0.0,40.8
2025-12-17,R27,2,2,2,0,0,17.2,0.0,63.2
2025-12-18,R27,2,2,2,0,0,13.7,0.0,50.4
2025-12-19,R27,1,1,1,0,0,7.9,0.0,58.1
2025-12-22,R27,2,1,2,0,1,9.9,0.0,36.4
2025-12-23,R27,1,2,1,0,0,14.9,2.4,100.0
2025-12-24,R27,1,1,1,0,0,7.0,0.0,69.0
2025-12-29,R27,1,1,1,0,0,5.5,0.0,40.4
2025-12-30,R27,2,1,2,0,1,9.9,0.0,36.4
2025-12-31,R27,1,1,1,0,0,4.1,0.0,30.1
2026-01-02,R27,1,1,1,0,0,5.9,0.0,43.4
2026-01-05,R27,1,1,1,0,0,7.1,0.0,52.2
2026-01-07,R27,1,2,1,0,0,14.9,2.4,100.0
2026-01-08,R27,2,2,2,0,0,16.7,0.0,70.2
2026-01-09,R27,1,2,1,0,0,15.1,2.6,100.0
2026-01-12,R27,1,2,1,0,0,16.4,6.5,100.0
2026-01-13,R27,1,1,1,0,0,5.3,0.0,86.6
2026-01-14,R27,2,2,2,0,0,19.1,0.0,70.2
2026-01-15,R27,2,1,2,0,1,12.1,0.0,44.5
2026-01-16,R27,1,2,1,1,0,19.3,0.0,71.0
2026-01-19,R27,2,2,2,0,0,15.9,0.0,58.5
2026-01-20,R27,1,2,1,0,0,14.9,2.4,100.0
2026-01-21,R27,2,2,2,0,0,15.9,0.0,67.2
2026-01-22,R27,1,2,1,0,0,13.9,1.4,100.0
2026-01-23,R27,2,2,2,0,0,11.4,0.0,47.0
2026-01-26,R27,2,2,2,0,0,17.6,0.0,64.7
2026-01-27,R27,2,2,2,0,0,14.3,0.0,52.6
2026-01-28,R27,2,1,2,0,1,12.5,0.0,46.0
2026-01-29,R27,2,2,2,0,0,18.0,0.0,66.2
2026-01-30,R27,1,1,1,0,0,7.1,0.0,52.2
2026-02-02,R27,2,2,2,0,0,13.0,0.0,47.8
2026-02-03,R27,2,2,2,0,0,12.8,0.0,47.1
2026-02-04,R27,1,2,1,0,0,13.0,0.5,95.6
2026-02-05,R27,2,2,2,0,0,21.3,0.0,80.1
2026-02-06,R27,1,1,1,0,0,11.0,0.0,80.9
2026-02-09,R27,2,2,2,0,0,19.9,0.0,73.2
2026-02-10,R27,2,2,2,0,0,16.4,0.0,60.3
2026-02-11,R27,1,2,1,1,0,25.0,0.0,91.9
2026-02-12,R27,2,1,2,0,1,10.1,0.0,37.1
2026-02-13,R27,1,1,1,0,0,11.1,0.0,81.6
2026-02-16,R27,2,2,2,0,0,22.1,0.0,81.3
2026-02-17,R27,2,2,2,0,0,13.9,0.0,51.1
2026-02-18,R27,1,2,1,0,0,12.7,0.2,93.4
2026-02-19,R27,1,2,1,0,0,14.5,2.2,100.0
2026-02-20,R27,1,2,1,0,0,13.5,3.2,100.0
2026-02-23,R27,2,2,2,0,0,16.8,0.0,61.8
2026-02-24,R27,2,2,2,0,0,17.7,0.0,65.1
2026-02-25,R27,2,2,2,0,0,21.1,0.0,77.6
2026-02-26,R27,1,2,1,0,0,17.4,4.9,100.0
2026-02-27,R27,1,1,1,0,0,5.8,0.0,78.6
2026-03-02,R27,2,2,2,0,0,19.6,0.0,72.1
2026-03-03,R27,2,1,2,0,1,10.5,0.0,38.6
2026-03-04,R27,2,2,2,0,0,18.5,0.0,68.0
2026-03-05,R27,3,2,3,0,1,23.9,0.0,58.6
2026-03-06,R27,1,2,1,0,0,17.6,5.1,100.0
2026-03-09,R27,3,3,3,0,0,23.5,0.0,57.6
2026-03-10,R27,2,2,2,0,0,15.1,0.0,55.5
2026-03-11,R27,2,2,2,0,0,18.2,0.0,66.9
2026-03-12,R27,1,2,1,0,0,15.8,3.3,100.0
2026-03-13,R27,1,3,1,1,0,21.8,0.1,92.2
2026-03-16,R27,3,2,3,0,1,13.9,0.0,34.1
2026-03-17,R27,1,2,1,0,0,16.1,3.6,100.0
2026-03-18,R27,2,2,2,0,0,17.2,0.0,76.4
2026-03-19,R27,1,2,1,0,0,14.5,2.0,100.0
2026-03-20,R27,1,1,1,0,0,8.5,0.0,77.1
2026-03-23,R27,2,2,2,0,0,14.2,0.0,52.2
2026-03-24,R27,2,2,2,0,0,17.6,0.0,64.7
2026-03-25,R27,3,2,3,0,1,16.8,0.0,41.2
2026-03-26,R27,2,2,2,0,0,21.9,0.0,80.5
2026-03-27,R27,1,2,1,0,0,14.8,2.3,100.0
2026-03-30,R27,2,2,2,0,0,17.6,0.0,64.7
2026-03-31,R27,2,2,2,0,0,14.1,0.0,51.8
2026-04-01,R27,2,2,2,0,0,15.9,0.0,58.5
2026-04-02,R27,2,2,2,0,0,24.1,0.0,88.6
2026-04-07,R27,2,2,2,0,0,16.3,0.0,59.9
2026-04-08,R27,2,2,2,0,0,13.4,0.0,49.3
2026-04-09,R27,2,2,2,0,0,16.2,0.0,59.6
2026-04-10,R27,1,1,1,0,0,10.3,0.0,75.7
2026-04-13,R27,2,2,2,0,0,12.9,0.0,47.4
2026-04-14,R27,2,2,2,0,0,16.6,0.0,61.0
2026-04-15,R27,2,2,2,0,0,19.9,0.0,73.2
2026-04-16,R27,3,2,3,0,1,13.3,0.0,32.6
2026-04-17,R27,1,2,1,0,0,13.1,0.6,96.3
2026-04-20,R27,2,2,2,0,0,14.6,0.0,53.7
2026-04-21,R27,2,2,2,0,0,20.6,0.0,75.7
2026-04-22,R27,2,2,2,0,0,18.4,0.0,67.6
2026-04-23,R27,2,1,2,0,1,12.1,0.0,44.5
2026-04-24,R27,1,2,1,0,0,14.7,2.2,100.0
2026-04-27,R27,3,2,3,0,1,12.8,0.0,31.4
2026-04-28,R27,2,1,2,0,1,12.0,0.0,44.1
2026-04-29,R27,2,2,2,0,0,23.5,0.0,86.4
2026-04-30,R27,1,3,1,1,0,27.2,2.2,100.0
2026-05-04,R27,2,2,2,0,0,12.7,0.0,46.7
2026-05-05,R27,2,2,2,0,0,14.6,0.0,53.7
2026-05-06,R27,1,2,1,1,0,18.6,0.0,68.4
2026-05-07,R27,2,2,2,0,0,23.2,0.0,85.3
2026-05-08,R27,1,1,1,0,0,9.5,0.0,69.9
2026-05-11,R27,2,3,2,0,0,25.2,0.2,92.6
2026-05-12,R27,1,2,1,1,0,18.6,0.0,69.0
2026-05-13,R27,2,3,2,0,0,33.1,8.1,100.0
2026-05-15,R27,1,2,1,0,0,8.5,4.1,62.5
2026-05-18,R27,3,2,3,0,1,17.6,0.0,43.1
2026-05-19,R27,1,1,1,0,0,11.0,0.0,80.9
2026-05-20,R27,3,2,3,0,1,15.1,0.0,37.0
2026-05-21,R27,2,2,2,0,0,21.0,0.0,77.2
2026-05-22,R27,2,2,2,0,0,13.2,0.0,48.5
2026-05-26,R27,1,2,1,1,0,17.6,0.0,64.7
2026-05-27,R27,2,2,2,0,0,12.6,0.0,46.3
2026-05-28,R27,2,2,2,0,0,16.6,0.0,61.0
2026-05-29,R27,1,2,1,0,0,15.7,3.2,100.0
2026-06-01,R27,2,2,2,0,0,15.6,0.0,57.4
2026-06-02,R27,2,2,2,0,0,15.6,0.0,57.4
2026-06-03,R27,1,2,1,0,0,13.7,1.2,100.0
2026-06-05,R27,1,1,1,0,0,10.6,0.0,77.9
2026-06-08,R27,3,2,3,0,1,17.3,0.0,42.4
2026-06-09,R27,2,2,2,0,0,14.2,0.0,52.2
2026-06-10,R27,2,2,2,0,0,22.4,0.0,82.4
2026-06-11,R27,3,2,3,0,1,17.8,0.0,43.6
2026-06-12,R27,1,2,1,0,0,17.5,5.0,100.0
2026-06-15,R27,2,2,2,0,0,19.8,0.0,72.8
2026-06-16,R27,2,2,2,0,0,21.0,0.0,77.2
2026-06-17,R27,2,2,2,0,0,14.2,0.0,52.2
2026-06-18,R27,2,2,2,0,0,19.6,0.0,72.1
2026-06-19,R27,2,1,2,0,1,9.3,0.0,34.2
2026-06-22,R27,2,2,2,0,0,20.8,0.0,76.5
2026-06-23,R27,3,2,3,0,1,18.2,0.0,44.6
2026-06-24,R27,2,2,2,0,0,18.4,0.0,67.6
2026-06-25,R27,2,2,2,0,0,19.4,0.0,71.3
2026-06-26,R27,1,2,1,0,0,17.1,4.6,100.0
2026-06-29,R27,3,3,3,0,0,32.1,0.0,78.7
2026-06-30,R27,2,2,2,0,0,18.1,0.0,66.5
2026-07-01,R27,2,1,2,0,1,9.3,0.0,34.2
2026-07-02,R27,2,2,2,0,0,17.4,0.0,64.0
2026-07-03,R27,1,2,1,0,0,12.9,0.4,94.9
2026-07-06,R27,3,2,3,0,1,21.4,0.0,52.5
2026-07-07,R27,1,2,1,0,0,19.8,7.3,100.0
2026-07-08,R27,1,2,1,0,0,12.7,7.5,100.0
2026-07-09,R27,2,3,2,0,0,18.1,0.6,94.0
2026-07-10,R27,2,2,2,0,0,17.4,0.0,66.0
2026-07-13,R27,3,2,3,0,1,18.3,0.0,44.9
2026-07-14,R27,1,2,1,1,0,24.7,0.0,90.8
2026-07-15,R27,2,2,2,0,0,19.3,0.0,71.0
2026-07-16,R27,2,2,2,0,0,16.8,0.0,61.8
2026-07-17,R27,2,2,2,0,0,14.9,0.0,54.8
2026-07-20,R27,2,2,2,0,0,17.5,0.0,64.3
2026-07-21,R27,3,2,3,0,1,23.7,0.0,58.1
2026-07-22,R27,1,2,1,0,0,13.4,0.9,98.5
2026-07-23,R27,2,2,2,0,0,14.3,0.0,55.8
2026-07-24,R27,2,2,2,0,0,16.5,0.0,60.7
2026-07-27,R27,2,2,2,0,0,15.5,0.0,57.0
2026-07-28,R27,2,2,2,0,0,15.1,0.0,55.5
2026-07-29,R27,2,2,2,0,0,21.1,0.0,77.6
2026-07-30,R27,2,2,2,0,0,22.3,0.0,82.0
2026-07-31,R27,1,2,1,0,0,15.8,3.3,100.0
2026-08-03,R27,2,2,2,0,0,17.8,0.0,65.4
2026-08-04,R27,2,2,2,0,0,13.7,0.0,50.4
2026-08-05,R27,2,1,2,0,1,8.1,0.0,29.8
2026-08-06,R27,3,2,3,0,1,14.1,0.0,34.6
2026-08-07,R27,1,1,1,0,0,2.5,0.0,18.4
2026-08-10,R27,2,2,2,0,0,14.3,0.0,52.6
2026-08-11,R27,2,1,2,0,1,6.0,0.0,22.1
2026-08-12,R27,1,1,1,0,0,8.0,0.0,58.8
2026-08-13,R27,2,1,2,0,1,8.9,0.0,32.7
2026-08-14,R27,1,1,1,0,0,10.3,0.0,75.7
2026-08-17,R27,3,1,3,0,2,7.7,0.0,18.9
2026-08-18,R27,1,1,1,0,0,7.6,0.0,55.9
2026-08-19,R27,1,1,1,0,0,10.4,0.0,76.5
2026-08-20,R27,1,1,1,0,0,10.5,0.0,77.2
2026-08-21,R27,1,1,1,0,0,6.7,0.0,49.3
2026-08-24,R27,2,2,2,0,0,18.8,0.0,69.1
2026-08-25,R27,1,1,1,0,0,9.3,0.0,68.4
2026-08-26,R27,2,2,2,0,0,12.9,0.0,47.4
2026-08-27,R27,1,2,1,0,0,15.5,3.0,100.0
2026-08-28,R27,1,1,1,0,0,6.3,0.0,68.3
2026-08-31,R27,2,2,2,0,0,15.8,0.0,58.1
2024-01-02,R28,1,1,1,0,0,7.0,0.0,51.5
2024-01-03,R28,1,1,1,0,0,8.2,0.0,60.3
2024-01-04,R28,2,2,2,0,0,17.8,0.0,65.4
2024-01-05,R28,1,1,1,0,0,7.3,0.0,53.7
2024-01-08,R28,1,1,1,0,0,9.4,0.0,69.1
2024-01-09,R28,1,1,1,0,0,11.1,0.0,81.6
2024-01-10,R28,1,1,1,0,0,12.2,0.0,89.7
2024-01-11,R28,2,2,2,0,0,14.9,0.0,54.8
2024-01-12,R28,1,1,1,0,0,7.4,0.0,54.4
2024-01-15,R28,2,1,2,0,1,11.9,0.0,43.7
2024-01-16,R28,1,1,1,0,0,10.6,0.0,77.9
2024-01-17,R28,1,1,1,0,0,7.9,0.0,58.1
2024-01-18,R28,2,1,2,0,1,7.8,0.0,28.7
2024-01-19,R28,1,2,1,0,0,13.8,1.3,100.0
2024-01-22,R28,1,2,1,0,0,14.1,2.9,100.0
2024-01-23,R28,1,2,1,1,0,16.7,0.0,72.0
2024-01-24,R28,1,1,1,0,0,11.5,0.0,84.6
2024-01-25,R28,1,2,1,0,0,12.6,0.1,92.6
2024-01-26,R28,1,1,1,0,0,3.6,0.0,27.1
2024-01-29,R28,2,1,2,0,1,7.6,0.0,27.9
2024-01-30,R28,2,2,2,0,0,15.9,0.0,58.5
2024-01-31,R28,1,1,1,0,0,7.9,0.0,58.1
2024-02-01,R28,1,1,1,0,0,9.7,0.0,71.3
2024-02-02,R28,1,1,1,0,0,7.1,0.0,52.2
2024-02-05,R28,2,1,2,0,1,7.5,0.0,27.6
2024-02-06,R28,2,2,2,0,0,17.7,0.0,65.1
2024-02-07,R28,1,1,1,0,0,8.8,0.0,64.7
2024-02-08,R28,2,1,2,0,1,10.5,0.0,38.6
2024-02-09,R28,1,2,1,0,0,12.8,0.3,94.1
2024-02-12,R28,1,1,1,0,0,8.2,0.0,60.3
2024-02-13,R28,2,1,2,0,1,12.1,0.0,44.5
2024-02-14,R28,1,2,1,0,0,16.0,3.5,100.0
2024-02-15,R28,2,2,2,0,0,17.9,0.0,78.6
2024-02-16,R28,1,1,1,0,0,11.9,0.0,87.5
2024-02-19,R28,1,2,1,0,0,16.4,3.9,100.0
2024-02-20,R28,2,2,2,0,0,20.9,0.0,91.1
2024-02-21,R28,1,1,1,0,0,9.1,0.0,66.9
2024-02-22,R28,2,2,2,0,0,13.4,0.0,49.3
2024-02-23,R28,1,1,1,0,0,5.4,0.0,39.7
2024-02-26,R28,3,1,3,0,2,8.3,0.0,20.3
2024-02-27,R28,1,2,1,0,0,17.2,4.7,100.0
2024-02-28,R28,2,1,2,0,1,7.7,0.0,45.5
2024-02-29,R28,2,2,2,0,0,22.9,0.0,84.2
2024-03-01,R28,1,1,1,0,0,2.3,0.0,16.9
2024-03-04,R28,1,1,1,0,0,7.5,0.0,55.1
2024-03-05,R28,2,2,2,0,0,15.3,0.0,56.2
2024-03-06,R28,1,2,1,0,0,13.1,0.6,96.3
2024-03-07,R28,1,1,1,0,0,8.9,0.0,69.8
2024-03-08,R28,1,1,1,0,0,5.2,0.0,38.2
2024-03-11,R28,2,1,2,0,1,10.1,0.0,37.1
2024-03-12,R28,2,2,2,0,0,14.5,0.0,53.3
2024-03-13,R28,2,1,2,0,1,8.9,0.0,32.7
2024-03-14,R28,1,1,1,0,0,11.4,0.0,83.8
2024-03-15,R28,1,2,1,0,0,15.1,2.6,100.0
2024-03-18,R28,1,1,1,0,0,8.9,0.0,65.4
2024-03-19,R28,2,2,2,0,0,15.5,0.0,57.0
2024-03-20,R28,1,1,1,0,0,7.9,0.0,58.1
2024-03-21,R28,2,2,2,0,0,18.9,0.0,69.5
2024-03-22,R28,1,1,1,0,0,6.2,0.0,45.6
2024-03-25,R28,1,1,1,0,0,7.8,0.0,57.4
2024-03-26,R28,2,3,2,0,0,28.9,3.9,100.0
2024-03-27,R28,2,2,2,0,0,13.6,0.0,64.2
2024-03-28,R28,1,2,1,0,0,14.4,1.9,100.0
2024-04-02,R28,3,2,3,0,1,13.1,0.0,32.1
2024-04-03,R28,1,1,1,0,0,6.4,0.0,47.1
2024-04-04,R28,2,2,2,0,0,21.0,0.0,77.2
2024-04-05,R28,0,1,0,1,0,9.3,0.0,68.4
2024-04-08,R28,1,1,1,0,0,7.4,0.0,54.4
2024-04-09,R28,2,2,2,0,0,16.0,0.0,58.8
2024-04-10,R28,1,1,1,0,0,6.8,0.0,50.0
2024-04-11,R28,1,2,1,1,0,18.9,0.0,69.5
2024-04-12,R28,1,1,1,0,0,6.7,0.0,49.3
2024-04-15,R28,1,2,1,0,0,14.0,1.5,100.0
2024-04-16,R28,2,2,2,0,0,18.5,0.0,73.5
2024-04-17,R28,2,2,2,0,0,14.3,0.0,52.6
2024-04-18,R28,2,1,2,0,1,10.7,0.0,39.3
2024-04-19,R28,1,1,1,0,0,9.8,0.0,72.1
2024-04-22,R28,2,1,2,0,1,9.8,0.0,36.0
2024-04-23,R28,2,2,2,0,0,13.9,0.0,51.1
2024-04-24,R28,1,1,1,0,0,11.9,0.0,87.5
2024-04-25,R28,1,2,1,0,0,14.3,1.8,100.0
2024-04-26,R28,1,1,1,0,0,5.0,0.0,49.9
2024-04-29,R28,2,2,2,0,0,13.6,0.0,50.0
2024-04-30,R28,1,2,1,0,0,17.0,4.5,100.0
2024-05-02,R28,1,2,1,1,0,16.4,0.0,60.3
2024-05-03,R28,1,1,1,0,0,10.1,0.0,74.3
2024-05-06,R28,2,1,2,0,1,8.6,0.0,31.6
2024-05-07,R28,2,3,2,0,0,27.4,2.4,100.0
2024-05-08,R28,1,1,1,0,0,9.6,0.0,88.1
2024-05-10,R28,1,1,1,0,0,9.2,0.0,67.6
2024-05-13,R28,3,1,3,0,2,9.2,0.0,22.5
2024-05-14,R28,3,1,3,0,2,12.2,0.0,29.9
2024-05-15,R28,1,1,1,0,0,6.0,0.0,44.1
2024-05-16,R28,2,2,2,0,0,13.3,0.0,48.9
2024-05-17,R28,0,1,0,1,0,5.7,0.0,41.9
2024-05-21,R28,1,2,1,1,0,19.4,0.0,71.3
2024-05-22,R28,1,1,1,0,0,9.1,0.0,66.9
2024-05-23,R28,2,2,2,0,0,15.9,0.0,58.5
2024-05-24,R28,1,1,1,0,0,5.2,0.0,38.2
2024-05-27,R28,2,2,2,0,0,16.7,0.0,61.4
2024-05-28,R28,2,1,2,0,1,11.7,0.0,43.0
2024-05-29,R28,1,1,1,0,0,9.3,0.0,68.4
2024-05-31,R28,1,1,1,0,0,9.0,0.0,66.2
2024-06-03,R28,2,1,2,0,1,6.6,0.0,24.3
2024-06-04,R28,1,2,1,0,0,13.2,0.7,97.1
2024-06-05,R28,1,2,1,0,0,12.5,0.7,97.0
2024-06-06,R28,3,3,3,0,0,28.1,0.0,70.5
2024-06-07,R28,1,1,1,0,0,6.9,0.0,50.7
2024-06-10,R28,1,2,1,0,0,15.8,3.3,100.0
2024-06-11,R28,2,2,2,0,0,16.8,0.0,73.9
2024-06-12,R28,2,2,2,0,0,19.3,0.0,71.0
2024-06-13,R28,3,2,3,0,1,20.2,0.0,49.5
2024-06-14,R28,1,1,1,0,0,6.7,0.0,49.3
2024-06-17,R28,2,1,2,0,1,12.1,0.0,44.5
2024-06-18,R28,2,1,2,0,1,12.2,0.0,44.9
2024-06-19,R28,2,2,2,0,0,14.5,0.0,53.3
2024-06-20,R28,2,2,2,0,0,14.8,0.0,54.4
2024-06-21,R28,1,1,1,0,0,5.2,0.0,38.2
2024-06-24,R28,1,1,1,0,0,11.3,0.0,83.1
2024-06-25,R28,2,2,2,0,0,14.7,0.0,54.0
2024-06-26,R28,2,1,2,0,1,9.8,0.0,36.0
2024-06-27,R28,2,2,2,0,0,22.0,0.0,80.9
2024-06-28,R28,1,1,1,0,0,5.5,0.0,40.4
2024-07-01,R28,2,1,2,0,1,7.8,0.0,28.7
2024-07-02,R28,1,2,1,0,0,20.2,7.7,100.0
2024-07-03,R28,1,2,1,0,0,7.9,3.1,100.0
2024-07-04,R28,2,2,2,0,0,9.7,0.0,47.0
2024-07-05,R28,1,1,1,0,0,6.0,0.0,44.1
2024-07-08,R28,2,1,2,0,1,8.5,0.0,31.2
2024-07-09,R28,2,2,2,0,0,18.0,0.0,66.2
2024-07-10,R28,2,1,2,0,1,10.2,0.0,37.5
2024-07-11,R28,2,2,2,0,0,20.2,0.0,74.3
2024-07-12,R28,1,2,1,0,0,12.6,0.1,92.6
2024-07-15,R28,2,2,2,0,0,15.8,0.0,58.1
2024-07-16,R28,2,3,2,0,0,26.3,1.3,96.7
2024-07-17,R28,2,1,2,0,1,11.1,0.0,45.5
2024-07-18,R28,2,2,2,0,0,15.1,0.0,55.5
2024-07-19,R28,1,1,1,0,0,8.3,0.0,61.0
2024-07-22,R28,2,1,2,0,1,10.7,0.0,39.3
2024-07-23,R28,3,1,3,0,2,12.3,0.0,30.1
2024-07-24,R28,1,1,1,0,0,11.5,0.0,84.6
2024-07-25,R28,2,2,2,0,0,17.3,0.0,63.6
2024-07-26,R28,2,1,2,0,1,5.8,0.0,21.3
2024-07-29,R28,1,1,1,0,0,9.9,0.0,72.8
2024-07-30,R28,1,2,1,0,0,16.1,3.6,100.0
2024-07-31,R28,1,1,1,0,0,8.4,0.0,88.1
2024-08-01,R28,2,1,2,0,1,11.1,0.0,40.8
2024-08-02,R28,1,1,1,0,0,4.7,0.0,34.6
2024-08-05,R28,1,1,1,0,0,6.9,0.0,50.7
2024-08-06,R28,1,2,1,0,0,16.9,4.4,100.0
2024-08-07,R28,1,2,1,0,0,10.7,2.6,100.0
2024-08-08,R28,1,1,1,0,0,6.8,0.0,68.9
2024-08-09,R28,1,1,1,0,0,10.2,0.0,75.0
2024-08-12,R28,2,1,2,0,1,12.3,0.0,45.2
2024-08-13,R28,2,2,2,0,0,12.6,0.0,46.3
2024-08-14,R28,1,1,1,0,0,4.6,0.0,33.8
2024-08-15,R28,1,2,1,0,0,12.6,0.1,92.6
2024-08-16,R28,1,1,1,0,0,3.5,0.0,26.4
2024-08-19,R28,2,1,2,0,1,7.6,0.0,27.9
2024-08-20,R28,2,2,2,0,0,13.0,0.0,47.8
2024-08-21,R28,1,1,1,0,0,5.2,0.0,38.2
2024-08-22,R28,2,1,2,0,1,9.1,0.0,33.5
2024-08-23,R28,1,1,1,0,0,3.9,0.0,28.7
2024-08-26,R28,1,2,1,0,0,13.3,0.8,97.8
2024-08-27,R28,2,2,2,0,0,16.1,0.0,62.1
2024-08-28,R28,1,1,1,0,0,12.0,0.0,88.2
2024-08-29,R28,1,2,1,0,0,13.3,0.8,97.8
2024-08-30,R28,1,1,1,0,0,2.6,0.0,24.9
2024-09-02,R28,2,2,2,0,0,21.2,0.0,77.9
2024-09-03,R28,1,2,1,0,0,15.7,3.2,100.0
2024-09-04,R28,0,2,0,1,0,10.9,1.6,100.0
2024-09-05,R28,2,2,2,0,0,12.0,0.0,49.9
2024-09-06,R28,0,1,0,0,0,11.0,11.0,0.0
2024-09-09,R28,2,2,2,0,0,9.9,0.0,36.4
2024-09-10,R28,2,2,2,0,0,18.1,0.0,66.5
2024-09-11,R28,1,1,1,0,0,8.9,0.0,65.4
2024-09-12,R28,2,2,2,0,0,14.3,0.0,52.6
2024-09-13,R28,1,1,1,0,0,6.3,0.0,46.3
2024-09-16,R28,2,1,2,0,1,8.7,0.0,32.0
2024-09-17,R28,2,2,2,0,0,20.3,0.0,74.6
2024-09-18,R28,1,1,1,0,0,9.2,0.0,67.6
2024-09-19,R28,2,1,2,0,1,11.6,0.0,42.6
2024-09-20,R28,1,1,1,0,0,11.0,0.0,80.9
2024-09-23,R28,1,2,1,0,0,15.4,2.9,100.0
2024-09-24,R28,2,2,2,0,0,10.7,0.0,50.0
2024-09-25,R28,1,1,1,0,0,5.8,0.0,42.6
2024-09-26,R28,1,2,1,1,0,18.6,0.0,68.4
2024-09-27,R28,0,1,0,1,0,9.0,0.0,66.2
2024-09-30,R28,1,1,1,0,0,9.6,0.0,70.6
2024-10-01,R28,2,1,2,0,1,11.7,0.0,43.0
2024-10-02,R28,1,1,1,0,0,11.0,0.0,80.9
2024-10-04,R28,1,1,1,0,0,3.5,0.0,25.7
2024-10-07,R28,2,2,2,0,0,13.2,0.0,48.5
2024-10-08,R28,1,2,1,0,0,16.5,4.0,100.0
2024-10-09,R28,1,1,1,0,0,5.9,0.0,72.7
2024-10-10,R28,2,2,2,0,0,12.7,0.0,46.7
2024-10-11,R28,1,1,1,0,0,8.4,0.0,61.8
2024-10-14,R28,2,1,2,0,1,4.5,0.0,16.5
2024-10-15,R28,1,2,1,0,0,13.9,1.4,100.0
2024-10-16,R28,1,2,1,0,0,15.1,4.0,100.0
2024-10-17,R28,2,1,2,0,1,8.5,0.0,45.9
2024-10-18,R28,0,1,0,0,0,7.7,7.7,0.0
2024-10-21,R28,1,2,1,0,0,7.5,2.7,55.1
2024-10-22,R28,2,3,2,0,0,24.6,2.3,100.0
2024-10-23,R28,1,2,1,0,0,11.2,1.0,99.0
2024-10-24,R28,1,2,1,0,0,20.5,8.9,100.0
2024-10-25,R28,0,2,0,1,0,5.5,1.9,100.0
2024-10-28,R28,2,2,2,0,0,11.0,0.0,40.4
2024-10-29,R28,3,1,3,0,2,6.3,0.0,15.4
2024-10-30,R28,3,1,3,0,2,9.4,0.0,23.0
2024-10-31,R28,1,2,1,0,0,15.9,3.4,100.0
2024-11-04,R28,3,1,3,0,2,4.3,0.0,10.5
2024-11-05,R28,1,1,1,0,0,10.2,0.0,75.0
2024-11-06,R28,1,1,1,0,0,9.3,0.0,68.4
2024-11-07,R28,2,1,2,0,1,11.2,0.0,41.2
2024-11-08,R28,2,1,2,0,1,10.8,0.0,39.7
2024-11-11,R28,2,1,2,0,1,10.1,0.0,37.1
2024-11-12,R28,1,2,1,0,0,16.2,3.7,100.0
2024-11-13,R28,1,1,1,0,0,8.4,0.0,88.9
2024-11-14,R28,1,1,1,0,0,9.2,0.0,67.6
2024-11-15,R28,1,1,1,0,0,11.1,0.0,81.6
2024-11-18,R28,2,2,2,0,0,13.7,0.0,50.4
2024-11-19,R28,2,2,2,0,0,14.9,0.0,54.8
2024-11-20,R28,1,2,1,0,0,14.5,2.0,100.0
2024-11-21,R28,1,2,1,0,0,13.1,2.6,100.0
2024-11-22,R28,1,1,1,0,0,5.6,0.0,60.1
2024-11-25,R28,2,1,2,0,1,10.9,0.0,40.1
2024-11-26,R28,2,2,2,0,0,15.9,0.0,58.5
2024-11-27,R28,2,1,2,0,1,6.3,0.0,23.2
2024-11-28,R28,1,2,1,0,0,15.1,2.6,100.0
2024-11-29,R28,1,1,1,0,0,7.6,0.0,74.9
2024-12-02,R28,2,2,2,0,0,13.3,0.0,48.9
2024-12-03,R28,2,2,2,0,0,15.1,0.0,55.5
2024-12-04,R28,1,1,1,0,0,11.5,0.0,84.6
2024-12-05,R28,2,2,2,0,0,21.9,0.0,80.5
2024-12-06,R28,1,1,1,0,0,5.4,0.0,39.7
2024-12-09,R28,2,2,2,0,0,13.0,0.0,47.8
2024-12-10,R28,2,2,2,0,0,17.0,0.0,62.5
2024-12-11,R28,1,1,1,0,0,6.7,0.0,49.3
2024-12-12,R28,1,2,1,1,0,18.3,0.0,67.3
2024-12-13,R28,1,1,1,0,0,8.0,0.0,58.8
2024-12-16,R28,3,1,3,0,2,10.8,0.0,26.5
2024-12-17,R28,2,1,2,0,1,8.6,0.0,31.6
2024-12-18,R28,1,1,1,0,0,8.9,0.0,65.4
2024-12-19,R28,3,2,3,0,1,18.5,0.0,45.3
2024-12-20,R28,1,1,1,0,0,5.7,0.0,41.9
2024-12-23,R28,2,1,2,0,1,7.1,0.0,26.1
2024-12-24,R28,1,2,1,0,0,13.1,0.6,96.3
2024-12-27,R28,1,1,1,0,0,3.5,0.0,25.7
2024-12-30,R28,2,1,2,0,1,5.3,0.0,19.5
2024-12-31,R28,2,2,2,0,0,17.5,0.0,64.3
2025-01-02,R28,2,1,2,0,1,12.0,0.0,44.1
2025-01-03,R28,1,1,1,0,0,6.3,0.0,46.3
2025-01-07,R28,2,1,2,0,1,11.1,0.0,40.8
2025-01-08,R28,2,1,2,0,1,8.8,0.0,32.4
2025-01-09,R28,2,2,2,0,0,12.9,0.0,47.4
2025-01-10,R28,1,1,1,0,0,9.1,0.0,66.9
2025-01-13,R28,1,2,1,0,0,12.6,0.1,92.6
2025-01-14,R28,2,2,2,0,0,15.9,0.0,58.8
2025-01-15,R28,1,1,1,0,0,8.7,0.0,64.0
2025-01-16,R28,2,1,2,0,1,11.2,0.0,41.2
2025-01-17,R28,1,1,1,0,0,7.2,0.0,52.9
2025-01-20,R28,2,1,2,0,1,10.8,0.0,39.7
2025-01-21,R28,1,2,1,0,0,14.2,1.7,100.0
2025-01-22,R28,1,1,1,0,0,5.1,0.0,49.9
2025-01-23,R28,2,1,2,0,1,10.0,0.0,36.8
2025-01-24,R28,1,2,1,0,0,13.5,1.0,99.3
2025-01-27,R28,2,2,2,0,0,15.9,0.0,58.5
2025-01-28,R28,3,1,3,0,2,10.7,0.0,26.2
2025-01-29,R28,1,1,1,0,0,12.2,0.0,89.7
2025-01-30,R28,1,2,1,1,0,21.8,0.0,80.1
2025-01-31,R28,1,1,1,0,0,6.6,0.0,48.5
2025-02-03,R28,2,1,2,0,1,9.7,0.0,35.7
2025-02-04,R28,1,2,1,0,0,14.1,1.6,100.0
2025-02-05,R28,0,2,0,1,0,11.1,0.2,93.3
2025-02-06,R28,1,2,1,1,0,18.0,0.0,66.8
2025-02-07,R28,1,1,1,0,0,7.8,0.0,57.4
2025-02-10,R28,2,1,2,0,1,7.5,0.0,27.6
2025-02-11,R28,1,1,1,0,0,11.1,0.0,81.6
2025-02-12,R28,2,1,2,0,1,5.0,0.0,18.4
2025-02-13,R28,2,2,2,0,0,15.8,0.0,58.1
2025-02-14,R28,1,2,1,0,0,13.1,0.6,96.3
2025-02-17,R28,1,1,1,0,0,10.3,0.0,75.7
2025-02-18,R28,1,2,1,0,0,16.4,3.9,100.0
2025-02-19,R28,1,1,1,0,0,8.5,0.0,91.1
2025-02-20,R28,2,1,2,0,1,10.3,0.0,37.9
2025-02-21,R28,1,1,1,0,0,8.9,0.0,65.4
2025-02-24,R28,2,1,2,0,1,6.7,0.0,24.6
2025-02-25,R28,1,2,1,1,0,19.4,0.0,71.3
2025-02-26,R28,1,2,1,0,0,13.2,0.7,97.1
2025-02-27,R28,2,2,2,0,0,23.1,0.0,87.5
2025-02-28,R28,1,2,1,0,0,14.5,2.0,100.0
2025-03-03,R28,1,2,1,1,0,15.6,0.0,57.4
2025-03-04,R28,2,2,2,0,0,12.8,0.0,47.1
2025-03-05,R28,2,1,2,0,1,8.5,0.0,31.2
2025-03-06,R28,1,2,1,0,0,13.2,0.7,97.1
2025-03-07,R28,1,2,1,0,0,12.0,0.2,93.3
2025-03-10,R28,2,1,2,0,1,7.8,0.0,28.7
2025-03-11,R28,2,1,2,0,1,10.1,0.0,37.1
2025-03-12,R28,1,2,1,0,0,17.0,4.5,100.0
2025-03-13,R28,2,2,2,0,0,16.1,0.0,75.7
2025-03-14,R28,2,1,2,0,1,9.6,0.0,35.3
2025-03-17,R28,2,1,2,0,1,12.5,0.0,46.0
2025-03-18,R28,2,2,2,0,0,18.0,0.0,66.2
2025-03-19,R28,1,1,1,0,0,11.7,0.0,86.0
2025-03-20,R28,3,2,3,0,1,20.6,0.0,50.5
2025-03-21,R28,1,1,1,0,0,6.7,0.0,49.3
2025-03-24,R28,2,1,2,0,1,12.3,0.0,45.2
2025-03-25,R28,2,2,2,0,0,15.1,0.0,55.5
2025-03-26,R28,2,1,2,0,1,12.3,0.0,45.2
2025-03-27,R28,3,2,3,0,1,15.3,0.0,37.5
2025-03-28,R28,1,1,1,0,0,8.1,0.0,59.6
2025-03-31,R28,2,1,2,0,1,9.4,0.0,34.6
2025-04-01,R28,2,2,2,0,0,18.6,0.0,68.4
2025-04-02,R28,1,1,1,0,0,10.2,0.0,75.0
2025-04-03,R28,2,1,2,0,1,9.2,0.0,33.8
2025-04-04,R28,1,1,1,0,0,6.1,0.0,44.9
2025-04-07,R28,1,2,1,0,0,14.5,2.0,100.0
2025-04-08,R28,2,2,2,0,0,12.3,0.0,52.5
2025-04-09,R28,1,1,1,0,0,9.0,0.0,66.2
2025-04-10,R28,2,2,2,0,0,15.6,0.0,57.4
2025-04-11,R28,0,1,0,1,0,6.3,0.0,46.3
2025-04-14,R28,2,1,2,0,1,12.4,0.0,45.6
2025-04-15,R28,2,2,2,0,0,19.5,0.0,71.7
2025-04-16,R28,1,2,1,0,0,14.2,1.7,100.0
2025-04-17,R28,1,2,1,0,0,21.5,10.7,100.0
2025-04-22,R28,2,3,2,1,0,23.3,0.0,57.1
2025-04-23,R28,1,1,1,0,0,8.4,0.0,61.8
2025-04-24,R28,3,2,3,0,1,18.6,0.0,45.6
2025-04-25,R28,1,1,1,0,0,8.0,0.0,58.8
2025-04-28,R28,2,1,2,0,1,9.5,0.0,34.9
2025-04-29,R28,2,1,2,0,1,10.1,0.0,37.1
2025-04-30,R28,1,1,1,0,0,10.8,0.0,79.4
2025-05-02,R28,1,1,1,0,0,9.6,0.0,70.6
2025-05-05,R28,1,1,1,0,0,11.9,0.0,87.5
2025-05-06,R28,2,2,2,0,0,25.0,0.0,91.9
2025-05-07,R28,1,1,1,0,0,10.4,0.0,76.5
2025-05-08,R28,2,2,2,0,0,16.5,0.0,60.7
2025-05-09,R28,1,1,1,0,0,6.1,0.0,44.9
2025-05-12,R28,1,1,1,0,0,11.8,0.0,86.8
2025-05-13,R28,2,2,2,0,0,19.7,0.0,72.4
2025-05-14,R28,1,2,1,0,0,14.2,1.7,100.0
2025-05-15,R28,2,2,2,0,0,20.1,0.0,80.1
2025-05-16,R28,1,1,1,0,0,7.6,0.0,55.9
2025-05-19,R28,2,2,2,0,0,13.0,0.0,47.8
2025-05-20,R28,2,2,2,0,0,17.5,0.0,64.3
2025-05-21,R28,2,1,2,0,1,8.0,0.0,29.4
2025-05-22,R28,2,2,2,0,0,24.3,0.0,89.3
2025-05-23,R28,1,2,1,0,0,12.7,0.2,93.4
2025-05-26,R28,2,1,2,0,1,10.5,0.0,38.6
2025-05-27,R28,3,2,3,0,1,21.9,0.0,53.7
2025-05-28,R28,1,2,1,0,0,14.6,2.1,100.0
2025-05-30,R28,1,1,1,0,0,7.0,0.0,51.5
2025-06-02,R28,2,2,2,0,0,13.5,0.0,49.6
2025-06-03,R28,2,2,2,0,0,15.8,0.0,58.1
2025-06-04,R28,2,1,2,0,1,7.1,0.0,26.1
2025-06-05,R28,3,2,3,0,1,12.7,0.0,31.1
2025-06-06,R28,1,1,1,0,0,8.4,0.0,61.8
2025-06-10,R28,2,2,2,0,0,13.4,0.0,49.3
2025-06-11,R28,2,1,2,0,1,10.8,0.0,39.7
2025-06-12,R28,2,2,2,0,0,16.0,0.0,58.8
2025-06-13,R28,1,1,1,0,0,5.5,0.0,40.4
2025-06-16,R28,2,1,2,0,1,9.3,0.0,34.2
2025-06-17,R28,2,3,2,0,0,31.8,6.8,100.0
2025-06-18,R28,1,2,1,1,0,11.2,0.0,66.1
2025-06-20,R28,1,1,1,0,0,4.0,0.0,29.4
2025-06-23,R28,2,1,2,0,1,11.3,0.0,41.5
2025-06-24,R28,2,2,2,0,0,22.8,0.0,83.8
2025-06-25,R28,1,1,1,0,0,6.9,0.0,50.7
2025-06-26,R28,2,2,2,0,0,14.6,0.0,53.7
2025-06-27,R28,1,1,1,0,0,12.5,0.0,91.9
2025-06-30,R28,2,2,2,0,0,14.5,0.0,53.3
2025-07-01,R28,2,2,2,0,0,17.5,0.0,64.3
2025-07-02,R28,1,1,1,0,0,9.4,0.0,69.1
2025-07-03,R28,2,2,2,0,0,16.5,0.0,60.7
2025-07-04,R28,0,1,0,1,0,6.1,0.0,44.9
2025-07-07,R28,2,1,2,0,1,9.8,0.0,36.0
2025-07-08,R28,2,2,2,0,0,21.6,0.0,79.4
2025-07-09,R28,1,1,1,0,0,8.0,0.0,58.8
2025-07-10,R28,2,2,2,0,0,19.7,0.0,72.4
2025-07-11,R28,1,1,1,0,0,9.1,0.0,66.9
2025-07-14,R28,2,2,2,0,0,18.0,0.0,66.2
2025-07-15,R28,3,2,3,0,1,20.5,0.0,50.2
2025-07-16,R28,1,1,1,0,0,11.5,0.0,84.6
2025-07-17,R28,2,2,2,0,0,13.0,0.0,47.8
2025-07-18,R28,1,1,1,0,0,7.5,0.0,55.1
2025-07-21,R28,2,1,2,0,1,10.5,0.0,38.6
2025-07-22,R28,2,2,2,0,0,16.5,0.0,60.7
2025-07-23,R28,1,1,1,0,0,10.2,0.0,75.0
2025-07-24,R28,2,2,2,0,0,23.9,0.0,87.9
2025-07-25,R28,1,1,1,0,0,10.1,0.0,74.3
2025-07-28,R28,1,2,1,1,0,18.9,0.0,69.5
2025-07-29,R28,2,2,2,0,0,14.3,0.0,52.6
2025-07-30,R28,1,1,1,0,0,10.6,0.0,77.9
2025-07-31,R28,2,1,2,0,1,12.2,0.0,44.9
2025-08-01,R28,1,1,1,0,0,10.7,0.0,78.7
2025-08-04,R28,2,1,2,0,1,9.7,0.0,35.7
2025-08-05,R28,2,1,2,0,1,10.5,0.0,38.6
2025-08-06,R28,1,1,1,0,0,9.0,0.0,66.2
2025-08-07,R28,1,2,1,0,0,20.4,7.9,100.0
2025-08-08,R28,1,1,1,0,0,3.9,0.0,86.7
2025-08-11,R28,1,1,1,0,0,11.4,0.0,83.8
2025-08-12,R28,2,1,2,0,1,10.0,0.0,36.8
2025-08-13,R28,1,1,1,0,0,7.2,0.0,52.9
2025-08-14,R28,2,2,2,0,0,15.9,0.0,58.5
2025-08-15,R28,1,1,1,0,0,7.4,0.0,54.4
2025-08-18,R28,1,1,1,0,0,7.8,0.0,57.4
2025-08-19,R28,1,2,1,0,0,13.8,1.3,100.0
2025-08-20,R28,1,1,1,0,0,4.3,0.0,41.1
2025-08-21,R28,2,2,2,0,0,14.8,0.0,54.4
2025-08-22,R28,1,1,1,0,0,8.4,0.0,61.8
2025-08-25,R28,2,1,2,0,1,6.7,0.0,24.6
2025-08-26,R28,2,2,2,0,0,21.9,0.0,80.5
2025-08-27,R28,1,1,1,0,0,9.2,0.0,67.6
2025-08-28,R28,3,2,3,0,1,15.9,0.0,39.0
2025-08-29,R28,1,1,1,0,0,7.0,0.0,51.5
2025-09-01,R28,1,2,1,0,0,12.9,0.4,94.9
2025-09-02,R28,2,2,2,0,0,17.6,0.0,66.1
2025-09-03,R28,1,1,1,0,0,10.6,0.0,77.9
2025-09-04,R28,1,2,1,1,0,18.5,0.0,68.0
2025-09-05,R28,1,1,1,0,0,5.7,0.0,41.9
2025-09-08,R28,2,1,2,0,1,9.7,0.0,35.7
2025-09-09,R28,2,1,2,0,1,8.7,0.0,32.0
2025-09-10,R28,1,1,1,0,0,11.1,0.0,81.6
2025-09-11,R28,2,2,2,0,0,16.5,0.0,60.7
2025-09-12,R28,0,1,0,1,0,9.4,0.0,69.1
2025-09-15,R28,2,2,2,0,0,13.5,0.0,49.6
2025-09-16,R28,2,2,2,0,0,14.0,0.0,51.5
2025-09-17,R28,1,1,1,0,0,6.7,0.0,49.3
2025-09-18,R28,2,2,2,0,0,15.6,0.0,57.4
2025-09-19,R28,1,1,1,0,0,7.1,0.0,52.2
2025-09-22,R28,2,1,2,0,1,11.1,0.0,40.8
2025-09-23,R28,2,2,2,0,0,18.1,0.0,66.5
2025-09-24,R28,1,1,1,0,0,10.0,0.0,73.5
2025-09-25,R28,2,2,2,0,0,15.6,0.0,57.4
2025-09-26,R28,1,1,1,0,0,9.1,0.0,66.9
2025-09-29,R28,2,1,2,0,1,6.9,0.0,25.4
2025-09-30,R28,2,2,2,0,0,18.0,0.0,66.2
2025-10-01,R28,1,1,1,0,0,5.7,0.0,41.9
2025-10-02,R28,2,2,2,0,0,17.1,0.0,62.9
2025-10-06,R28,2,1,2,0,1,8.9,0.0,32.7
2025-10-07,R28,1,1,1,0,0,11.4,0.0,83.8
2025-10-08,R28,1,1,1,0,0,7.8,0.0,57.4
2025-10-09,R28,2,2,2,0,0,21.2,0.0,77.9
2025-10-10,R28,1,1,1,0,0,7.2,0.0,52.9
2025-10-13,R28,1,2,1,1,0,18.7,0.0,68.8
2025-10-14,R28,2,2,2,0,0,18.3,0.0,67.3
2025-10-15,R28,1,2,1,0,0,17.2,4.7,100.0
2025-10-16,R28,2,2,2,0,0,13.3,0.0,66.1
2025-10-17,R28,1,1,1,0,0,10.8,0.0,79.4
2025-10-20,R28,3,1,3,0,2,9.0,0.0,22.1
2025-10-21,R28,2,2,2,0,0,15.8,0.0,58.1
2025-10-22,R28,2,1,2,0,1,10.3,0.0,37.9
2025-10-23,R28,2,2,2,0,0,19.7,0.0,72.4
2025-10-24,R28,2,1,2,0,1,7.7,0.0,28.3
2025-10-27,R28,2,1,2,0,1,10.0,0.0,36.8
2025-10-28,R28,2,2,2,0,0,16.8,0.0,61.8
2025-10-29,R28,1,1,1,0,0,12.0,0.0,88.2
2025-10-30,R28,2,2,2,0,0,15.4,0.0,56.6
2025-10-31,R28,1,1,1,0,0,8.9,0.0,65.4
2025-11-03,R28,1,1,1,0,0,9.2,0.0,67.6
2025-11-04,R28,2,2,2,0,0,19.7,0.0,72.4
2025-11-05,R28,1,1,1,0,0,9.7,0.0,71.3
2025-11-06,R28,1,2,1,0,0,17.2,4.7,100.0
2025-11-07,R28,1,2,1,0,0,13.2,5.4,100.0
2025-11-10,R28,1,2,1,0,0,10.0,2.9,73.5
2025-11-11,R28,2,2,2,0,0,11.7,0.0,53.5
2025-11-12,R28,1,1,1,0,0,11.5,0.0,84.6
2025-11-13,R28,2,2,2,0,0,12.8,0.0,47.1
2025-11-14,R28,1,1,1,0,0,11.8,0.0,86.8
2025-11-17,R28,2,1,2,0,1,10.7,0.0,39.3
2025-11-18,R28,2,1,2,0,1,11.2,0.0,41.2
2025-11-19,R28,1,1,1,0,0,8.1,0.0,59.6
2025-11-20,R28,2,2,2,0,0,14.6,0.0,53.7
2025-11-21,R28,1,1,1,0,0,7.0,0.0,51.5
2025-11-24,R28,1,1,1,0,0,12.0,0.0,88.2
2025-11-25,R28,2,2,2,0,0,14.0,0.0,51.5
2025-11-26,R28,0,1,0,1,0,6.9,0.0,50.7
2025-11-27,R28,2,2,2,0,0,25.0,0.0,91.9
2025-11-28,R28,1,1,1,0,0,7.7,0.0,56.6
2025-12-01,R28,2,1,2,0,1,8.0,0.0,29.4
2025-12-02,R28,1,1,1,0,0,10.0,0.0,73.5
2025-12-03,R28,1,1,1,0,0,8.8,0.0,64.7
2025-12-04,R28,2,2,2,0,0,20.2,0.0,74.3
2025-12-05,R28,1,1,1,0,0,8.0,0.0,58.8
2025-12-08,R28,2,2,2,0,0,16.6,0.0,61.0
2025-12-09,R28,2,2,2,0,0,13.8,0.0,50.7
2025-12-10,R28,1,1,1,0,0,7.9,0.0,58.1
2025-12-11,R28,2,2,2,0,0,17.5,0.0,64.3
2025-12-12,R28,1,1,1,0,0,3.5,0.0,25.7
2025-12-15,R28,2,1,2,0,1,9.8,0.0,36.0
2025-12-16,R28,1,2,1,0,0,16.0,3.5,100.0
2025-12-17,R28,1,2,1,0,0,13.1,4.1,100.0
2025-12-18,R28,3,2,3,0,1,12.7,0.0,41.1
2025-12-19,R28,1,1,1,0,0,8.9,0.0,65.4
2025-12-22,R28,2,1,2,0,1,6.6,0.0,24.3
2025-12-23,R28,2,1,2,0,1,8.9,0.0,32.7
2025-12-24,R28,1,1,1,0,0,6.6,0.0,48.5
2025-12-29,R28,1,1,1,0,0,9.6,0.0,70.6
2025-12-30,R28,2,2,2,0,0,12.7,0.0,46.7
2025-12-31,R28,1,1,1,0,0,9.0,0.0,66.2
2026-01-02,R28,1,1,1,0,0,4.3,0.0,31.6
2026-01-05,R28,1,1,1,0,0,11.0,0.0,80.9
2026-01-07,R28,1,1,1,0,0,8.2,0.0,60.3
2026-01-08,R28,3,2,3,0,1,13.3,0.0,32.6
2026-01-09,R28,1,1,1,0,0,6.1,0.0,44.9
2026-01-12,R28,2,1,2,0,1,5.3,0.0,19.5
2026-01-13,R28,2,1,2,0,1,10.2,0.0,37.5
2026-01-14,R28,1,1,1,0,0,9.6,0.0,70.6
2026-01-15,R28,2,2,2,0,0,14.4,0.0,52.9
2026-01-16,R28,1,1,1,0,0,10.5,0.0,77.2
2026-01-19,R28,1,1,1,0,0,5.5,0.0,40.4
2026-01-20,R28,2,2,2,0,0,19.4,0.0,71.3
2026-01-21,R28,1,1,1,0,0,6.1,0.0,44.9
2026-01-22,R28,2,1,2,0,1,10.0,0.0,36.8
2026-01-23,R28,2,1,2,0,1,8.7,0.0,32.0
2026-01-26,R28,1,1,1,0,0,12.5,0.0,91.9
2026-01-27,R28,1,2,1,0,0,13.6,1.1,100.0
2026-01-28,R28,1,1,1,0,0,11.4,0.0,91.8
2026-01-29,R28,1,2,1,1,0,20.6,0.0,75.7
2026-01-30,R28,1,1,1,0,0,10.0,0.0,73.5
2026-02-02,R28,1,2,1,0,0,13.3,0.8,97.8
2026-02-03,R28,2,2,2,0,0,20.3,0.0,77.5
2026-02-04,R28,2,1,2,0,1,10.7,0.0,39.3
2026-02-05,R28,2,2,2,0,0,14.5,0.0,53.3
2026-02-06,R28,1,1,1,0,0,6.2,0.0,45.6
2026-02-09,R28,2,2,2,0,0,15.4,0.0,56.6
2026-02-10,R28,1,2,1,1,0,22.2,0.0,81.6
2026-02-11,R28,1,2,1,0,0,15.8,3.3,100.0
2026-02-12,R28,2,2,2,0,0,16.3,0.0,72.0
2026-02-13,R28,1,1,1,0,0,5.2,0.0,38.2
2026-02-16,R28,2,1,2,0,1,10.5,0.0,38.6
2026-02-17,R28,2,2,2,0,0,13.5,0.0,49.6
2026-02-18,R28,1,1,1,0,0,10.8,0.0,79.4
2026-02-19,R28,2,1,2,0,1,12.4,0.0,45.6
2026-02-20,R28,1,1,1,0,0,9.1,0.0,66.9
2026-02-23,R28,2,2,2,0,0,14.1,0.0,51.8
2026-02-24,R28,2,2,2,0,0,13.4,0.0,49.3
2026-02-25,R28,2,2,2,0,0,14.1,0.0,51.8
2026-02-26,R28,2,2,2,0,0,13.8,0.0,50.7
2026-02-27,R28,1,1,1,0,0,6.6,0.0,48.5
2026-03-02,R28,2,2,2,0,0,12.9,0.0,47.4
2026-03-03,R28,2,2,2,0,0,13.8,0.0,50.7
2026-03-04,R28,2,1,2,0,1,8.7,0.0,32.0
2026-03-05,R28,2,2,2,0,0,16.5,0.0,60.7
2026-03-06,R28,1,1,1,0,0,4.5,0.0,33.1
2026-03-09,R28,2,2,2,0,0,15.9,0.0,58.5
2026-03-10,R28,2,1,2,0,1,11.7,0.0,43.0
2026-03-11,R28,2,1,2,0,1,11.9,0.0,43.7
2026-03-12,R28,2,2,2,0,0,17.1,0.0,62.9
2026-03-13,R28,1,1,1,0,0,8.5,0.0,62.5
2026-03-16,R28,2,2,2,0,0,17.1,0.0,62.9
2026-03-17,R28,1,1,1,0,0,7.3,0.0,53.7
2026-03-18,R28,1,1,1,0,0,9.6,0.0,70.6
2026-03-19,R28,2,2,2,0,0,15.5,0.0,57.0
2026-03-20,R28,1,1,1,0,0,10.2,0.0,75.0
2026-03-23,R28,2,1,2,0,1,8.2,0.0,30.1
2026-03-24,R28,2,1,2,0,1,12.4,0.0,45.6
2026-03-25,R28,1,2,1,0,0,12.6,0.1,92.6
2026-03-26,R28,2,1,2,0,1,11.7,0.0,43.3
2026-03-27,R28,0,1,0,0,0,4.0,4.0,0.0
2026-03-30,R28,2,2,2,0,0,11.1,0.0,40.8
2026-03-31,R28,1,1,1,0,0,12.2,0.0,89.7
2026-04-01,R28,1,1,1,0,0,9.6,0.0,70.6
2026-04-02,R28,1,2,1,1,0,23.6,0.0,86.8
2026-04-07,R28,1,2,1,0,0,17.4,4.9,100.0
2026-04-08,R28,2,2,2,0,0,8.7,0.0,50.0
2026-04-09,R28,2,3,2,0,0,26.0,1.0,95.6
2026-04-10,R28,1,1,1,0,0,5.7,0.0,49.1
2026-04-13,R28,2,2,2,0,0,12.7,0.0,46.7
2026-04-14,R28,2,2,2,0,0,14.3,0.0,52.6
2026-04-15,R28,2,1,2,0,1,7.9,0.0,29.0
2026-04-16,R28,2,2,2,0,0,17.0,0.0,62.5
2026-04-17,R28,0,1,0,0,0,6.7,6.7,0.0
2026-04-20,R28,3,2,3,0,1,10.6,0.0,26.0
2026-04-21,R28,2,2,2,0,0,13.8,0.0,50.7
2026-04-22,R28,1,1,1,0,0,12.0,0.0,88.2
2026-04-23,R28,2,1,2,0,1,10.2,0.0,37.5
2026-04-24,R28,1,1,1,0,0,8.9,0.0,65.4
2026-04-27,R28,2,1,2,0,1,11.1,0.0,40.8
2026-04-28,R28,1,2,1,0,0,13.1,0.6,96.3
2026-04-29,R28,1,2,1,0,0,14.5,2.6,100.0
2026-04-30,R28,1,2,1,0,0,14.5,4.6,100.0
2026-05-04,R28,2,2,2,0,0,8.6,0.0,31.6
2026-05-05,R28,2,1,2,0,1,11.2,0.0,41.2
2026-05-06,R28,2,1,2,0,1,10.2,0.0,37.5
2026-05-07,R28,2,2,2,0,0,22.6,0.0,83.1
2026-05-08,R28,1,1,1,0,0,8.9,0.0,65.4
2026-05-11,R28,2,2,2,0,0,14.7,0.0,54.0
2026-05-12,R28,1,2,1,1,0,20.1,0.0,73.9
2026-05-13,R28,1,1,1,0,0,6.4,0.0,47.1
2026-05-15,R28,1,1,1,0,0,6.5,0.0,47.8
2026-05-18,R28,3,2,3,0,1,19.5,0.0,47.8
2026-05-19,R28,2,2,2,0,0,19.7,0.0,72.4
2026-05-20,R28,0,1,0,1,0,8.3,0.0,61.0
2026-05-21,R28,2,3,2,0,0,27.7,2.7,100.0
2026-05-22,R28,1,2,1,0,0,13.5,3.7,100.0
2026-05-26,R28,2,2,2,0,0,12.7,0.0,46.7
2026-05-27,R28,2,1,2,0,1,7.4,0.0,27.2
2026-05-28,R28,3,2,3,0,1,17.8,0.0,43.6
2026-05-29,R28,1,1,1,0,0,9.5,0.0,69.9
2026-06-01,R28,3,1,3,0,2,12.3,0.0,30.1
2026-06-02,R28,2,2,2,0,0,19.0,0.0,69.9
2026-06-03,R28,1,2,1,0,0,16.6,4.1,100.0
2026-06-05,R28,1,1,1,0,0,8.0,0.0,58.8
2026-06-08,R28,1,1,1,0,0,9.8,0.0,72.1
2026-06-09,R28,3,3,3,0,0,28.3,0.0,69.4
2026-06-10,R28,1,2,1,0,0,13.4,0.9,98.5
2026-06-11,R28,2,2,2,0,0,20.0,0.0,76.8
2026-06-12,R28,1,2,1,0,0,16.5,4.0,100.0
2026-06-15,R28,1,2,1,0,0,18.0,9.5,100.0
2026-06-16,R28,2,3,2,0,0,19.2,3.7,100.0
2026-06-17,R28,1,2,1,0,0,11.4,2.5,100.0
2026-06-18,R28,2,2,2,0,0,10.2,0.0,46.8
2026-06-19,R28,1,1,1,0,0,6.4,0.0,47.1
2026-06-22,R28,2,2,2,0,0,22.1,0.0,81.2
2026-06-23,R28,3,2,3,0,1,14.9,0.0,36.5
2026-06-24,R28,2,2,2,0,0,15.2,0.0,55.9
2026-06-25,R28,2,2,2,0,0,15.5,0.0,57.0
2026-06-26,R28,1,1,1,0,0,4.0,0.0,29.4
2026-06-29,R28,3,1,3,0,2,7.6,0.0,18.6
2026-06-30,R28,2,2,2,0,0,15.5,0.0,57.0
2026-07-01,R28,2,1,2,0,1,6.3,0.0,23.2
2026-07-02,R28,2,2,2,0,0,13.8,0.0,50.7
2026-07-03,R28,1,1,1,0,0,8.8,0.0,64.7
2026-07-06,R28,1,2,1,0,0,23.0,10.5,100.0
2026-07-07,R28,2,3,2,0,0,20.6,6.1,100.0
2026-07-08,R28,1,2,1,0,0,8.2,1.8,100.0
2026-07-09,R28,2,2,2,0,0,16.8,0.0,68.2
2026-07-10,R28,1,1,1,0,0,9.8,0.0,72.1
2026-07-13,R28,2,2,2,0,0,14.4,0.0,52.9
2026-07-14,R28,2,2,2,0,0,13.4,0.0,49.3
2026-07-15,R28,1,1,1,0,0,9.2,0.0,67.6
2026-07-16,R28,2,2,2,0,0,21.4,0.0,78.7
2026-07-17,R28,1,1,1,0,0,6.2,0.0,45.6
2026-07-20,R28,3,1,3,0,2,10.1,0.0,24.8
2026-07-21,R28,3,2,3,0,1,14.7,0.0,36.0
2026-07-22,R28,1,1,1,0,0,7.7,0.0,56.6
2026-07-23,R28,2,1,2,0,1,9.9,0.0,36.4
2026-07-24,R28,1,1,1,0,0,10.6,0.0,77.9
2026-07-27,R28,2,1,2,0,1,10.5,0.0,38.6
2026-07-28,R28,2,2,2,0,0,15.1,0.0,55.5
2026-07-29,R28,1,1,1,0,0,6.0,0.0,44.1
2026-07-30,R28,2,1,2,0,1,11.2,0.0,41.2
2026-07-31,R28,0,1,0,1,0,7.5,0.0,55.1
2026-08-03,R28,1,1,1,0,0,8.9,0.0,65.4
2026-08-04,R28,2,2,2,0,0,18.1,0.0,66.5
2026-08-05,R28,1,1,1,0,0,5.7,0.0,41.9
2026-08-06,R28,1,2,1,1,0,18.3,0.0,67.3
2026-08-07,R28,1,1,1,0,0,10.6,0.0,77.9
2026-08-10,R28,2,2,2,0,0,18.5,0.0,68.0
2026-08-11,R28,2,1,2,0,1,9.8,0.0,36.0
2026-08-12,R28,1,1,1,0,0,7.1,0.0,52.2
2026-08-13,R28,2,2,2,0,0,20.4,0.0,75.0
2026-08-14,R28,1,1,1,0,0,5.3,0.0,39.0
2026-08-17,R28,1,1,1,0,0,6.6,0.0,48.5
2026-08-18,R28,1,2,1,0,0,14.4,1.9,100.0
2026-08-19,R28,1,1,1,0,0,2.0,0.0,28.6
2026-08-20,R28,3,2,3,0,1,16.4,0.0,40.2
2026-08-21,R28,1,1,1,0,0,8.8,0.0,64.7
2026-08-24,R28,2,1,2,0,1,8.0,0.0,29.4
2026-08-25,R28,2,2,2,0,0,16.2,0.0,59.6
2026-08-26,R28,1,1,1,0,0,5.2,0.0,38.2
2026-08-27,R28,2,2,2,0,0,14.7,0.0,54.0
2026-08-28,R28,1,1,1,0,0,4.1,0.0,30.1
2026-08-31,R28,2,2,2,0,0,13.1,0.0,48.2
2024-01-02,R29,2,2,2,0,0,14.2,0.0,52.2
2024-01-03,R29,1,1,1,0,0,12.2,0.0,89.7
2024-01-04,R29,1,2,1,1,0,19.4,0.0,71.3
2024-01-05,R29,1,2,1,1,0,22.6,0.0,83.1
2024-01-08,R29,2,2,2,0,0,18.3,0.0,67.3
2024-01-09,R29,2,2,2,0,0,20.6,0.0,75.7
2024-01-10,R29,1,2,1,0,0,15.7,3.2,100.0
2024-01-11,R29,2,2,2,0,0,20.7,0.0,87.8
2024-01-12,R29,2,2,2,0,0,20.7,0.0,76.1
2024-01-15,R29,2,2,2,0,0,21.3,0.0,78.3
2024-01-16,R29,2,3,2,1,0,30.1,0.0,73.8
2024-01-17,R29,1,1,1,0,0,8.3,0.0,61.0
2024-01-18,R29,2,1,2,0,1,10.8,0.0,39.7
2024-01-19,R29,2,1,2,0,1,11.6,0.0,42.6
2024-01-22,R29,3,3,3,0,0,33.3,0.0,81.6
2024-01-23,R29,2,2,2,0,0,20.3,0.0,74.6
2024-01-24,R29,1,1,1,0,0,7.1,0.0,52.2
2024-01-25,R29,1,2,1,0,0,19.7,7.2,100.0
2024-01-26,R29,1,3,1,1,0,18.5,0.7,94.4
2024-01-29,R29,3,2,3,0,1,17.1,0.0,41.9
2024-01-30,R29,3,2,3,0,1,23.7,0.0,58.1
2024-01-31,R29,1,1,1,0,0,10.6,0.0,77.9
2024-02-01,R29,2,2,2,0,0,20.3,0.0,74.6
2024-02-02,R29,2,1,2,0,1,9.6,0.0,35.3
2024-02-05,R29,3,2,3,0,1,17.1,0.0,41.9
2024-02-06,R29,2,2,2,0,0,17.7,0.0,65.1
2024-02-07,R29,1,2,1,0,0,15.3,2.8,100.0
2024-02-08,R29,2,3,2,0,0,22.4,0.2,92.6
2024-02-09,R29,1,1,1,0,0,10.3,0.0,76.9
2024-02-12,R29,2,2,2,0,0,17.7,0.0,65.1
2024-02-13,R29,2,2,2,0,0,18.4,0.0,67.6
2024-02-14,R29,2,2,2,0,0,24.4,0.0,89.7
2024-02-15,R29,3,2,3,0,1,22.3,0.0,54.7
2024-02-16,R29,1,1,1,0,0,12.5,0.0,91.9
2024-02-19,R29,2,3,2,0,0,29.0,4.0,100.0
2024-02-20,R29,2,3,2,0,0,22.5,1.5,97.3
2024-02-21,R29,2,2,2,0,0,12.3,0.0,50.6
2024-02-22,R29,2,2,2,0,0,18.6,0.0,68.4
2024-02-23,R29,2,1,2,0,1,7.0,0.0,25.7
2024-02-26,R29,3,2,3,0,1,19.6,0.0,48.0
2024-02-27,R29,3,2,3,0,1,19.9,0.0,48.8
2024-02-28,R29,2,1,2,0,1,10.7,0.0,39.3
2024-02-29,R29,2,2,2,0,0,22.6,0.0,83.1
2024-03-01,R29,1,2,1,0,0,17.0,4.5,100.0
2024-03-04,R29,3,3,3,0,0,23.1,0.0,56.6
2024-03-05,R29,2,3,2,1,0,31.0,0.0,76.0
2024-03-06,R29,2,2,2,0,0,22.5,0.0,82.7
2024-03-07,R29,2,2,2,0,0,22.3,0.0,82.0
2024-03-08,R29,2,1,2,0,1,12.4,0.0,45.6
2024-03-11,R29,3,2,3,0,1,21.9,0.0,53.7
2024-03-12,R29,2,2,2,0,0,21.0,0.0,77.2
2024-03-13,R29,2,2,2,0,0,21.5,0.0,79.0
2024-03-14,R29,2,2,2,0,0,18.5,0.0,68.0
2024-03-15,R29,1,2,1,0,0,15.9,3.4,100.0
2024-03-18,R29,3,2,3,0,1,17.6,0.0,43.1
2024-03-19,R29,2,2,2,0,0,15.6,0.0,57.4
2024-03-20,R29,2,2,2,0,0,19.2,0.0,70.6
2024-03-21,R29,3,2,3,0,1,20.9,0.0,51.2
2024-03-22,R29,1,2,1,0,0,14.8,2.3,100.0
2024-03-25,R29,3,2,3,0,1,16.7,0.0,40.9
2024-03-26,R29,3,3,3,0,0,28.5,0.0,69.9
2024-03-27,R29,2,2,2,0,0,20.2,0.0,74.3
2024-03-28,R29,2,3,2,1,0,37.2,0.0,91.2
2024-04-02,R29,2,2,2,0,0,23.9,0.0,87.9
2024-04-03,R29,3,2,3,0,1,24.9,0.0,61.0
2024-04-04,R29,3,3,3,0,0,30.1,0.0,73.8
2024-04-05,R29,1,2,1,0,0,14.9,2.4,100.0
2024-04-08,R29,2,2,2,0,0,17.7,0.0,65.1
2024-04-09,R29,2,2,2,0,0,19.8,0.0,72.8
2024-04-10,R29,2,2,2,0,0,19.4,0.0,71.3
2024-04-11,R29,3,3,3,0,0,31.0,0.0,76.0
2024-04-12,R29,1,1,1,0,0,9.0,0.0,66.2
2024-04-15,R29,1,2,1,0,0,23.2,10.7,100.0
2024-04-16,R29,2,4,2,1,0,27.3,0.5,93.1
2024-04-17,R29,2,2,2,0,0,16.7,0.0,63.1
2024-04-18,R29,3,2,3,0,1,22.0,0.0,53.9
2024-04-19,R29,1,2,1,0,0,15.6,3.1,100.0
2024-04-22,R29,2,2,2,0,0,10.3,0.0,37.9
2024-04-23,R29,3,2,3,0,1,20.1,0.0,49.3
2024-04-24,R29,3,2,3,0,1,20.4,0.0,50.0
2024-04-25,R29,3,2,3,0,1,19.6,0.0,48.0
2024-04-26,R29,1,2,1,0,0,14.7,2.2,100.0
2024-04-29,R29,2,2,2,0,0,11.3,0.0,41.5
2024-04-30,R29,3,3,3,0,0,36.3,0.0,89.0
2024-05-02,R29,2,2,2,0,0,18.0,0.0,66.2
2024-05-03,R29,2,2,2,0,0,17.8,0.0,65.4
2024-05-06,R29,2,2,2,0,0,14.3,0.0,52.6
2024-05-07,R29,3,3,3,0,0,27.2,0.0,66.7
2024-05-08,R29,2,2,2,0,0,18.4,0.0,67.6
2024-05-10,R29,1,2,1,0,0,12.8,0.3,94.1
2024-05-13,R29,2,1,2,0,1,11.6,0.0,42.6
2024-05-14,R29,3,3,3,0,0,31.6,0.0,77.5
2024-05-15,R29,2,2,2,0,0,12.8,0.0,47.1
2024-05-16,R29,2,3,2,0,0,28.3,3.3,100.0
2024-05-17,R29,2,2,2,0,0,15.7,0.0,69.8
2024-05-21,R29,3,3,3,0,0,27.9,0.0,68.4
2024-05-22,R29,2,2,2,0,0,13.3,0.0,48.9
2024-05-23,R29,3,3,3,0,0,34.2,0.0,83.8
2024-05-24,R29,1,1,1,0,0,8.3,0.0,61.0
2024-05-27,R29,1,2,1,1,0,20.8,0.0,76.5
2024-05-28,R29,3,2,3,0,1,23.4,0.0,57.4
2024-05-29,R29,2,2,2,0,0,16.8,0.0,61.8
2024-05-31,R29,1,1,1,0,0,8.7,0.0,64.0
2024-06-03,R29,2,2,2,0,0,16.9,0.0,62.1
2024-06-04,R29,2,4,2,0,0,47.1,22.1,100.0
2024-06-05,R29,2,3,2,1,0,10.4,0.0,79.6
2024-06-06,R29,2,2,2,0,0,22.2,0.0,81.6
2024-06-07,R29,1,1,1,0,0,12.4,0.0,91.2
2024-06-10,R29,2,2,2,0,0,17.6,0.0,64.7
2024-06-11,R29,3,2,3,0,1,22.0,0.0,53.9
2024-06-12,R29,2,2,2,0,0,13.3,0.0,48.9
2024-06-13,R29,2,3,2,0,0,29.7,4.7,100.0
2024-06-14,R29,1,3,1,1,0,22.0,1.7,98.1
2024-06-17,R29,2,2,2,0,0,18.4,0.0,67.6
2024-06-18,R29,2,3,2,0,0,25.7,0.7,94.5
2024-06-19,R29,2,1,2,0,1,8.9,0.0,35.2
2024-06-20,R29,3,2,3,0,1,22.7,0.0,55.6
2024-06-21,R29,1,1,1,0,0,11.8,0.0,86.8
2024-06-24,R29,2,2,2,0,0,16.3,0.0,59.9
2024-06-25,R29,3,2,3,0,1,18.5,0.0,45.3
2024-06-26,R29,1,1,1,0,0,11.5,0.0,84.6
2024-06-27,R29,3,2,3,0,1,22.5,0.0,55.1
2024-06-28,R29,1,2,1,0,0,13.9,1.4,100.0
2024-07-01,R29,2,2,2,0,0,19.7,0.0,72.4
2024-07-02,R29,3,3,3,0,0,28.8,0.0,70.6
2024-07-03,R29,1,2,1,1,0,18.5,0.0,68.0
2024-07-04,R29,2,2,2,0,0,23.6,0.0,86.8
2024-07-05,R29,1,1,1,0,0,10.8,0.0,79.4
2024-07-08,R29,2,2,2,0,0,20.5,0.0,75.4
2024-07-09,R29,3,3,3,0,0,27.1,0.0,66.4
2024-07-10,R29,1,2,1,0,0,15.9,3.4,100.0
2024-07-11,R29,2,3,2,1,0,33.9,0.0,91.4
2024-07-12,R29,1,1,1,0,0,9.4,0.0,69.1
2024-07-15,R29,2,2,2,0,0,19.7,0.0,72.4
2024-07-16,R29,3,3,3,0,0,29.5,0.0,72.3
2024-07-17,R29,1,2,1,1,0,22.7,0.0,83.5
2024-07-18,R29,3,2,3,0,1,18.8,0.0,46.1
2024-07-19,R29,1,1,1,0,0,10.6,0.0,77.9
2024-07-22,R29,2,2,2,0,0,23.0,0.0,84.6
2024-07-23,R29,3,3,3,0,0,35.3,0.0,86.5
2024-07-24,R29,2,2,2,0,0,13.8,0.0,50.7
2024-07-25,R29,2,2,2,0,0,22.6,0.0,83.1
2024-07-26,R29,1,2,1,1,0,19.5,0.0,71.7
2024-07-29,R29,2,1,2,0,1,9.3,0.0,34.2
2024-07-30,R29,3,2,3,0,1,23.6,0.0,57.8
2024-07-31,R29,2,1,2,0,1,10.2,0.0,37.5
2024-08-01,R29,2,2,2,0,0,20.5,0.0,75.4
2024-08-02,R29,1,2,1,0,0,17.5,5.0,100.0
2024-08-05,R29,1,1,1,0,0,5.4,0.0,39.7
2024-08-06,R29,2,2,2,0,0,20.7,0.0,76.1
2024-08-07,R29,1,1,1,0,0,7.7,0.0,56.6
2024-08-08,R29,2,1,2,0,1,9.2,0.0,33.8
2024-08-09,R29,1,1,1,0,0,6.8,0.0,50.0
2024-08-12,R29,1,2,1,0,0,14.9,2.4,100.0
2024-08-13,R29,2,2,2,0,0,17.5,0.0,73.1
2024-08-14,R29,1,1,1,0,0,9.7,0.0,71.3
2024-08-15,R29,2,2,2,0,0,22.4,0.0,82.4
2024-08-16,R29,1,1,1,0,0,11.5,0.0,84.6
2024-08-19,R29,2,2,2,0,0,18.8,0.0,69.1
2024-08-20,R29,2,2,2,0,0,21.0,0.0,77.2
2024-08-21,R29,1,2,1,0,0,20.2,7.7,100.0
2024-08-22,R29,2,4,2,2,0,35.7,0.0,79.8
2024-08-23,R29,1,2,1,0,0,19.0,6.5,100.0
2024-08-26,R29,2,3,2,0,0,20.2,1.7,74.3
2024-08-27,R29,2,2,2,0,0,21.4,0.0,84.8
2024-08-28,R29,2,1,2,0,1,7.4,0.0,27.2
2024-08-29,R29,3,2,3,0,1,23.2,0.0,56.9
2024-08-30,R29,1,1,1,0,0,12.0,0.0,88.2
2024-09-02,R29,3,2,3,0,1,22.0,0.0,53.9
2024-09-03,R29,2,3,2,0,0,26.3,1.3,96.7
2024-09-04,R29,1,2,1,0,0,12.9,1.7,100.0
2024-09-05,R29,2,3,2,0,0,26.9,3.5,100.0
2024-09-06,R29,1,2,1,1,0,16.9,0.0,75.1
2024-09-09,R29,3,2,3,0,1,19.3,0.0,47.3
2024-09-10,R29,3,2,3,0,1,20.8,0.0,51.0
2024-09-11,R29,1,2,1,0,0,14.6,2.1,100.0
2024-09-12,R29,2,3,2,0,0,33.8,10.9,100.0
2024-09-13,R29,1,2,1,1,0,9.8,0.0,76.0
2024-09-16,R29,3,2,3,0,1,23.9,0.0,58.6
2024-09-17,R29,3,3,3,0,0,27.0,0.0,66.2
2024-09-18,R29,1,1,1,0,0,12.1,0.0,89.0
2024-09-19,R29,3,3,3,0,0,29.7,0.0,72.8
2024-09-20,R29,2,2,2,0,0,19.8,0.0,72.8
2024-09-23,R29,2,2,2,0,0,18.4,0.0,67.6
2024-09-24,R29,3,3,3,0,0,30.0,0.0,73.5
2024-09-25,R29,1,2,1,0,0,17.0,4.5,100.0
2024-09-26,R29,3,4,3,0,0,35.5,2.5,98.0
2024-09-27,R29,2,2,2,0,0,12.4,0.0,54.6
2024-09-30,R29,2,1,2,0,1,11.2,0.0,41.2
2024-10-01,R29,3,2,3,0,1,20.6,0.0,50.5
2024-10-02,R29,1,2,1,1,0,17.6,0.0,64.7
2024-10-04,R29,2,1,2,0,1,6.1,0.0,22.4
2024-10-07,R29,2,2,2,0,0,23.6,0.0,86.8
2024-10-08,R29,2,2,2,0,0,22.6,0.0,83.1
2024-10-09,R29,2,2,2,0,0,17.4,0.0,64.0
2024-10-10,R29,4,2,4,0,2,16.2,0.0,29.8
2024-10-11,R29,1,1,1,0,0,10.7,0.0,78.7
2024-10-14,R29,2,2,2,0,0,16.2,0.0,59.6
2024-10-15,R29,1,2,1,0,0,19.3,6.8,100.0
2024-10-16,R29,2,2,2,0,0,12.5,0.0,70.9
2024-10-17,R29,2,3,2,1,0,30.7,0.0,75.2
2024-10-18,R29,1,2,1,0,0,12.6,0.1,92.6
2024-10-21,R29,3,2,3,0,1,13.3,0.0,32.6
2024-10-22,R29,2,2,2,0,0,21.6,0.0,79.4
2024-10-23,R29,1,2,1,1,0,18.2,0.0,66.9
2024-10-24,R29,3,3,3,0,0,26.2,0.0,64.2
2024-10-25,R29,1,2,1,0,0,14.4,1.9,100.0
2024-10-28,R29,2,2,2,0,0,17.4,0.0,64.0
2024-10-29,R29,2,4,2,2,0,48.7,0.0,89.5
2024-10-30,R29,2,2,2,0,0,18.2,0.0,66.9
2024-10-31,R29,3,3,3,0,0,31.8,0.0,77.9
2024-11-04,R29,3,2,3,0,1,24.9,0.0,61.0
2024-11-05,R29,3,2,3,0,1,18.2,0.0,44.6
2024-11-06,R29,2,2,2,0,0,13.3,0.0,48.9
2024-11-07,R29,3,3,3,0,0,29.1,0.0,71.3
2024-11-08,R29,2,2,2,0,0,12.8,0.0,47.1
2024-11-11,R29,3,2,3,0,1,13.4,0.0,32.8
2024-11-12,R29,3,3,3,0,0,30.4,0.0,74.5
2024-11-13,R29,2,2,2,0,0,13.8,0.0,50.7
2024-11-14,R29,3,1,3,0,2,8.4,0.0,20.6
2024-11-15,R29,1,2,1,0,0,15.2,2.7,100.0
2024-11-18,R29,3,2,3,0,1,18.9,0.0,46.3
2024-11-19,R29,3,3,3,0,0,28.2,0.0,69.1
2024-11-20,R29,2,2,2,0,0,15.1,0.0,55.5
2024-11-21,R29,3,2,3,0,1,23.7,0.0,58.1
2024-11-22,R29,1,1,1,0,0,12.3,0.0,90.4
2024-11-25,R29,3,2,3,0,1,13.4,0.0,32.8
2024-11-26,R29,3,3,3,0,0,27.1,0.0,66.4
2024-11-27,R29,2,2,2,0,0,19.8,0.0,72.8
2024-11-28,R29,2,3,2,0,0,27.7,2.7,100.0
2024-11-29,R29,1,2,1,1,0,20.9,0.0,86.7
2024-12-02,R29,3,2,3,0,1,19.2,0.0,47.1
2024-12-03,R29,3,3,3,0,0,29.9,0.0,73.3
2024-12-04,R29,2,2,2,0,0,18.5,0.0,68.0
2024-12-05,R29,3,2,3,0,1,18.1,0.0,44.4
2024-12-06,R29,1,2,1,1,0,18.2,0.0,66.9
2024-12-09,R29,2,2,2,0,0,13.3,0.0,48.9
2024-12-10,R29,3,2,3,0,1,24.3,0.0,59.6
2024-12-11,R29,2,2,2,0,0,16.1,0.0,59.2
2024-12-12,R29,2,2,2,0,0,17.4,0.0,64.0
2024-12-13,R29,2,1,2,0,1,8.6,0.0,31.6
2024-12-16,R29,2,2,2,0,0,17.6,0.0,64.7
2024-12-17,R29,2,2,2,0,0,21.6,0.0,79.4
2024-12-18,R29,2,2,2,0,0,22.3,0.0,82.0
2024-12-19,R29,2,2,2,0,0,23.5,0.0,86.4
2024-12-20,R29,1,2,1,0,0,13.1,0.6,96.3
2024-12-23,R29,3,1,3,0,2,4.6,0.0,11.3
2024-12-24,R29,2,2,2,0,0,17.4,0.0,64.0
2024-12-27,R29,2,1,2,0,1,2.3,0.0,8.5
2024-12-30,R29,2,1,2,0,1,4.8,0.0,17.6
2024-12-31,R29,2,2,2,0,0,16.5,0.0,60.7
2025-01-02,R29,2,2,2,0,0,19.4,0.0,71.3
2025-01-03,R29,1,2,1,0,0,13.3,0.8,97.8
2025-01-07,R29,2,2,2,0,0,15.9,0.0,58.5
2025-01-08,R29,2,1,2,0,1,11.9,0.0,43.8
2025-01-09,R29,2,2,2,0,0,24.1,0.0,88.6
2025-01-10,R29,2,1,2,0,1,11.9,0.0,43.8
2025-01-13,R29,2,1,2,0,1,12.1,0.0,44.5
2025-01-14,R29,2,2,2,0,0,18.7,0.0,68.7
2025-01-15,R29,1,2,1,0,0,13.6,1.1,100.0
2025-01-16,R29,1,2,1,0,0,18.0,6.6,100.0
2025-01-17,R29,1,2,1,1,0,15.5,0.0,81.2
2025-01-20,R29,3,2,3,0,1,20.7,0.0,50.7
2025-01-21,R29,2,2,2,0,0,22.7,0.0,83.5
2025-01-22,R29,2,2,2,0,0,17.3,0.0,63.6
2025-01-23,R29,3,2,3,0,1,23.0,0.0,56.4
2025-01-24,R29,2,1,2,0,1,10.8,0.0,39.7
2025-01-27,R29,1,2,1,0,0,14.4,1.9,100.0
2025-01-28,R29,2,1,2,0,1,10.6,0.0,45.9
2025-01-29,R29,2,2,2,0,0,18.9,0.0,69.5
2025-01-30,R29,1,2,1,0,0,23.6,11.1,100.0
2025-01-31,R29,1,2,1,1,0,12.8,0.0,87.8
2025-02-03,R29,2,2,2,0,0,18.9,0.0,69.5
2025-02-04,R29,1,3,1,1,0,28.2,3.2,100.0
2025-02-05,R29,2,2,2,0,0,12.5,0.0,57.6
2025-02-06,R29,3,2,3,0,1,24.2,0.0,59.3
2025-02-07,R29,1,1,1,0,0,12.4,0.0,91.2
2025-02-10,R29,2,2,2,0,0,17.0,0.0,62.5
2025-02-11,R29,3,2,3,0,1,20.5,0.0,50.2
2025-02-12,R29,3,2,3,0,1,24.6,0.0,60.3
2025-02-13,R29,2,3,2,0,0,26.7,1.7,98.2
2025-02-14,R29,1,1,1,0,0,9.3,0.0,80.7
2025-02-17,R29,3,2,3,0,1,19.7,0.0,48.3
2025-02-18,R29,3,4,3,0,0,40.9,3.4,100.0
2025-02-19,R29,2,2,2,0,0,15.1,0.0,67.9
2025-02-20,R29,3,2,3,0,1,17.8,0.0,43.6
2025-02-21,R29,1,2,1,0,0,15.0,2.5,100.0
2025-02-24,R29,2,2,2,0,0,15.7,0.0,57.7
2025-02-25,R29,3,3,3,0,0,28.9,0.0,70.8
2025-02-26,R29,2,2,2,0,0,13.4,0.0,49.3
2025-02-27,R29,3,2,3,0,1,16.5,0.0,40.4
2025-02-28,R29,1,2,1,0,0,15.1,2.6,100.0
2025-03-03,R29,2,3,2,0,0,24.9,2.5,91.5
2025-03-04,R29,3,3,3,0,0,28.3,0.0,75.4
2025-03-05,R29,2,2,2,0,0,14.1,0.0,51.8
2025-03-06,R29,2,2,2,0,0,19.3,0.0,71.0
2025-03-07,R29,1,1,1,0,0,11.9,0.0,87.5
2025-03-10,R29,3,3,3,0,0,26.8,0.0,65.7
2025-03-11,R29,2,3,2,0,0,25.9,0.9,95.2
2025-03-12,R29,3,4,3,0,0,36.9,0.2,92.6
2025-03-13,R29,2,2,2,0,0,17.4,0.0,64.9
2025-03-14,R29,1,2,1,1,0,19.8,0.0,72.8
2025-03-17,R29,3,2,3,0,1,16.6,0.0,40.7
2025-03-18,R29,2,3,2,0,0,27.8,2.8,100.0
2025-03-19,R29,3,2,3,0,1,18.1,0.0,51.2
2025-03-20,R29,1,2,1,1,0,19.9,0.0,73.2
2025-03-21,R29,1,2,1,1,0,24.2,0.0,89.0
2025-03-24,R29,3,2,3,0,1,15.2,0.0,37.3
2025-03-25,R29,3,2,3,0,1,24.2,0.0,59.3
2025-03-26,R29,3,2,3,0,1,23.6,0.0,57.8
2025-03-27,R29,3,2,3,0,1,20.2,0.0,49.5
2025-03-28,R29,1,2,1,0,0,13.6,1.1,100.0
2025-03-31,R29,3,2,3,0,1,16.3,0.0,40.0
2025-04-01,R29,2,3,2,1,0,36.5,0.0,89.5
2025-04-02,R29,2,2,2,0,0,14.9,0.0,54.8
2025-04-03,R29,2,2,2,0,0,20.1,0.0,73.9
2025-04-04,R29,2,2,2,0,0,14.2,0.0,52.2
2025-04-07,R29,3,2,3,0,1,15.5,0.0,38.0
2025-04-08,R29,2,3,2,0,0,28.8,3.8,100.0
2025-04-09,R29,2,2,2,0,0,18.4,0.0,81.5
2025-04-10,R29,2,3,2,0,0,28.6,3.6,100.0
2025-04-11,R29,2,2,2,0,0,15.1,0.0,68.7
2025-04-14,R29,2,2,2,0,0,17.9,0.0,65.8
2025-04-15,R29,4,2,4,0,2,24.6,0.0,45.2
2025-04-16,R29,1,2,1,1,0,21.1,0.0,77.6
2025-04-17,R29,2,3,2,0,0,29.9,4.9,100.0
2025-04-22,R29,2,3,2,0,0,24.5,4.4,90.1
2025-04-23,R29,2,2,2,0,0,13.3,0.0,64.9
2025-04-24,R29,3,3,3,0,0,25.8,0.0,63.2
2025-04-25,R29,2,1,2,0,1,12.4,0.0,45.6
2025-04-28,R29,2,3,2,0,0,25.5,0.5,93.8
2025-04-29,R29,4,3,4,0,1,27.6,0.0,51.6
2025-04-30,R29,2,3,2,0,0,27.4,2.4,100.0
2025-05-02,R29,2,2,2,0,0,11.2,0.0,41.2
2025-05-05,R29,3,2,3,0,1,14.6,0.0,35.8
2025-05-06,R29,3,3,3,0,0,26.4,0.0,64.7
2025-05-07,R29,3,3,3,0,0,26.5,0.0,65.0
2025-05-08,R29,4,3,4,0,1,26.4,0.0,48.5
2025-05-09,R29,1,1,1,0,0,12.1,0.0,89.0
2025-05-12,R29,2,2,2,0,0,14.5,0.0,53.3
2025-05-13,R29,3,3,3,0,0,35.7,0.0,87.5
2025-05-14,R29,3,1,3,0,2,10.7,0.0,26.2
2025-05-15,R29,3,3,3,0,0,26.4,0.0,64.7
2025-05-16,R29,2,2,2,0,0,21.0,0.0,77.2
2025-05-19,R29,3,2,3,0,1,12.7,0.0,31.1
2025-05-20,R29,3,3,3,0,0,26.2,0.0,64.2
2025-05-21,R29,2,2,2,0,0,16.1,0.0,59.2
2025-05-22,R29,2,3,2,1,0,35.1,0.0,86.0
2025-05-23,R29,2,2,2,0,0,13.9,0.0,51.1
2025-05-26,R29,2,2,2,0,0,14.5,0.0,53.3
2025-05-27,R29,2,3,2,0,0,27.1,2.1,99.6
2025-05-28,R29,2,2,2,0,0,22.2,0.0,89.3
2025-05-30,R29,1,1,1,0,0,8.9,0.0,65.4
2025-06-02,R29,2,2,2,0,0,16.6,0.0,61.0
2025-06-03,R29,3,3,3,0,0,35.1,0.0,86.0
2025-06-04,R29,1,1,1,0,0,12.1,0.0,89.0
2025-06-05,R29,3,3,3,0,0,26.1,0.0,64.0
2025-06-06,R29,1,2,1,0,0,16.6,4.1,100.0
2025-06-10,R29,3,3,3,0,0,29.2,0.0,71.6
2025-06-11,R29,1,1,1,0,0,12.4,0.0,91.2
2025-06-12,R29,3,3,3,0,0,31.5,0.0,77.2
2025-06-13,R29,2,1,2,0,1,12.5,0.0,46.0
2025-06-16,R29,2,3,2,0,0,26.1,1.1,96.0
2025-06-17,R29,3,3,3,0,0,27.6,0.0,70.3
2025-06-18,R29,1,2,1,1,0,19.9,0.0,73.2
2025-06-20,R29,1,1,1,0,0,6.8,0.0,50.0
2025-06-23,R29,3,2,3,0,1,17.8,0.0,43.6
2025-06-24,R29,3,3,3,0,0,26.8,0.0,65.7
2025-06-25,R29,2,3,2,0,0,25.6,0.6,94.1
2025-06-26,R29,3,3,3,0,0,32.9,0.0,82.0
2025-06-27,R29,2,2,2,0,0,13.4,0.0,49.3
2025-06-30,R29,2,2,2,0,0,14.8,0.0,54.4
2025-07-01,R29,3,3,3,0,0,25.7,0.0,63.0
2025-07-02,R29,3,2,3,0,1,13.4,0.0,32.8
2025-07-03,R29,3,3,3,0,0,27.2,0.0,66.7
2025-07-04,R29,1,2,1,1,0,23.7,0.0,87.1
2025-07-07,R29,3,2,3,0,1,14.9,0.0,36.5
2025-07-08,R29,3,3,3,0,0,25.3,0.0,62.0
2025-07-09,R29,3,2,3,0,1,15.0,0.0,36.8
2025-07-10,R29,3,3,3,0,0,35.0,0.0,85.8
2025-07-11,R29,1,1,1,0,0,11.0,0.0,80.9
2025-07-14,R29,3,2,3,0,1,19.6,0.0,48.0
2025-07-15,R29,3,2,3,0,1,23.3,0.0,57.1
2025-07-16,R29,2,2,2,0,0,18.1,0.0,66.5
2025-07-17,R29,2,4,2,1,0,37.9,0.4,92.9
2025-07-18,R29,1,2,1,0,0,12.2,0.1,92.4
2025-07-21,R29,3,2,3,0,1,13.0,0.0,31.9
2025-07-22,R29,2,2,2,0,0,24.0,0.0,88.2
2025-07-23,R29,2,2,2,0,0,19.1,0.0,70.2
2025-07-24,R29,4,3,4,0,1,28.0,0.0,51.5
2025-07-25,R29,1,2,1,1,0,21.0,0.0,77.2
2025-07-28,R29,2,1,2,0,1,9.6,0.0,35.3
2025-07-29,R29,2,3,2,0,0,25.7,0.7,94.5
2025-07-30,R29,2,2,2,0,0,15.2,0.0,58.4
2025-07-31,R29,3,1,3,0,2,12.2,0.0,29.9
2025-08-01,R29,2,1,2,0,1,11.9,0.0,43.7
2025-08-04,R29,2,1,2,0,1,3.1,0.0,11.4
2025-08-05,R29,2,2,2,0,0,22.7,0.0,83.5
2025-08-06,R29,2,1,2,0,1,7.3,0.0,26.8
2025-08-07,R29,1,2,1,1,0,19.3,0.0,71.0
2025-08-08,R29,1,1,1,0,0,8.2,0.0,60.3
2025-08-11,R29,2,2,2,0,0,15.5,0.0,57.0
2025-08-12,R29,3,3,3,0,0,29.5,0.0,72.3
2025-08-13,R29,2,2,2,0,0,12.6,0.0,46.3
2025-08-14,R29,2,2,2,0,0,23.1,0.0,84.9
2025-08-15,R29,1,1,1,0,0,1.5,0.0,11.0
2025-08-18,R29,2,1,2,0,1,6.3,0.0,23.2
2025-08-19,R29,2,2,2,0,0,23.2,0.0,85.3
2025-08-20,R29,2,1,2,0,1,8.4,0.0,30.9
2025-08-21,R29,2,2,2,0,0,15.2,0.0,55.9
2025-08-22,R29,1,1,1,0,0,10.0,0.0,73.5
2025-08-25,R29,2,2,2,0,0,22.0,0.0,80.9
2025-08-26,R29,2,2,2,0,0,20.7,0.0,76.1
2025-08-27,R29,1,2,1,0,0,15.1,2.6,100.0
2025-08-28,R29,2,2,2,0,0,21.2,0.0,87.5
2025-08-29,R29,1,1,1,0,0,9.1,0.0,66.9
2025-09-01,R29,2,2,2,0,0,16.7,0.0,61.4
2025-09-02,R29,2,2,2,0,0,18.8,0.0,69.1
2025-09-03,R29,1,2,1,0,0,12.6,0.1,92.6
2025-09-04,R29,1,3,1,0,0,29.1,16.7,100.0
2025-09-05,R29,1,3,1,1,0,13.2,4.9,100.0
2025-09-08,R29,2,2,2,0,0,14.6,0.0,53.7
2025-09-09,R29,2,2,2,0,0,18.5,0.0,68.0
2025-09-10,R29,1,1,1,0,0,10.1,0.0,74.3
2025-09-11,R29,3,2,3,0,1,24.0,0.0,58.8
2025-09-12,R29,2,2,2,0,0,14.5,0.0,53.3
2025-09-15,R29,2,2,2,0,0,22.6,0.0,83.1
2025-09-16,R29,3,3,3,0,0,32.3,0.0,79.2
2025-09-17,R29,2,2,2,0,0,19.8,0.0,72.8
2025-09-18,R29,2,3,2,0,0,28.9,3.9,100.0
2025-09-19,R29,2,2,2,0,0,15.8,0.0,72.3
2025-09-22,R29,2,2,2,0,0,16.1,0.0,59.2
2025-09-23,R29,3,3,3,0,0,26.1,0.0,64.0
2025-09-24,R29,1,2,1,0,0,13.1,0.6,96.3
2025-09-25,R29,3,3,3,0,0,28.8,0.0,72.0
2025-09-26,R29,2,1,2,0,1,11.9,0.0,43.7
2025-09-29,R29,2,2,2,0,0,18.7,0.0,68.7
2025-09-30,R29,3,4,3,0,0,42.2,4.7,100.0
2025-10-01,R29,2,3,2,0,0,21.5,1.1,96.2
2025-10-02,R29,2,4,2,2,0,42.1,0.0,79.5
2025-10-06,R29,2,2,2,0,0,20.0,0.0,73.5
2025-10-07,R29,3,2,3,0,1,16.1,0.0,39.5
2025-10-08,R29,2,2,2,0,0,18.1,0.0,66.5
2025-10-09,R29,3,3,3,0,0,25.4,0.0,62.3
2025-10-10,R29,1,1,1,0,0,12.2,0.0,89.7
2025-10-13,R29,2,2,2,0,0,17.5,0.0,64.3
2025-10-14,R29,3,3,3,0,0,32.2,0.0,78.9
2025-10-15,R29,2,2,2,0,0,14.2,0.0,52.2
2025-10-16,R29,3,2,3,0,1,20.3,0.0,49.8
2025-10-17,R29,1,1,1,0,0,5.7,0.0,41.9
2025-10-20,R29,2,2,2,0,0,14.6,0.0,53.7
2025-10-21,R29,2,2,2,0,0,23.6,0.0,86.8
2025-10-22,R29,2,1,2,0,1,12.5,0.0,46.0
2025-10-23,R29,3,3,3,0,0,25.4,0.0,62.3
2025-10-24,R29,1,1,1,0,0,9.7,0.0,71.3
2025-10-27,R29,2,2,2,0,0,14.9,0.0,54.8
2025-10-28,R29,3,2,3,0,1,20.1,0.0,49.3
2025-10-29,R29,1,2,1,0,0,12.7,0.2,93.4
2025-10-30,R29,3,3,3,0,0,29.1,0.0,71.8
2025-10-31,R29,1,1,1,0,0,12.4,0.0,91.2
2025-11-03,R29,2,2,2,0,0,12.9,0.0,47.4
2025-11-04,R29,2,3,2,1,0,30.1,0.0,73.8
2025-11-05,R29,2,2,2,0,0,17.2,0.0,63.2
2025-11-06,R29,3,2,3,0,1,20.0,0.0,49.0
2025-11-07,R29,1,2,1,0,0,14.6,2.1,100.0
2025-11-10,R29,2,2,2,0,0,15.2,0.0,55.9
2025-11-11,R29,2,3,2,0,0,27.9,2.9,100.0
2025-11-12,R29,2,2,2,0,0,12.8,0.0,57.6
2025-11-13,R29,2,2,2,0,0,23.8,0.0,87.5
2025-11-14,R29,1,2,1,0,0,15.6,3.1,100.0
2025-11-17,R29,3,3,3,0,0,23.0,0.0,56.4
2025-11-18,R29,3,2,3,0,1,22.7,0.0,55.6
2025-11-19,R29,2,2,2,0,0,20.9,0.0,76.8
2025-11-20,R29,2,2,2,0,0,21.3,0.0,78.3
2025-11-21,R29,2,1,2,0,1,6.7,0.0,24.6
2025-11-24,R29,3,2,3,0,1,16.7,0.0,40.9
2025-11-25,R29,2,3,2,0,0,30.0,5.0,100.0
2025-11-26,R29,2,3,2,0,0,20.2,0.2,92.6
2025-11-27,R29,2,3,2,0,0,28.9,4.0,100.0
2025-11-28,R29,2,2,2,0,0,15.3,0.0,71.1
2025-12-01,R29,3,2,3,0,1,13.5,0.0,33.1
2025-12-02,R29,3,2,3,0,1,21.3,0.0,52.2
2025-12-03,R29,3,2,3,0,1,21.7,0.0,53.2
2025-12-04,R29,2,3,2,1,0,32.7,0.0,80.1
2025-12-05,R29,1,2,1,0,0,16.7,4.2,100.0
2025-12-08,R29,2,2,2,0,0,14.0,0.0,51.5
2025-12-09,R29,2,3,2,1,0,31.0,0.0,76.0
2025-12-10,R29,3,2,3,0,1,18.4,0.0,45.1
2025-12-11,R29,3,3,3,0,0,25.5,0.0,62.5
2025-12-12,R29,2,1,2,0,1,8.5,0.0,31.2
2025-12-15,R29,3,2,3,0,1,20.7,0.0,50.7
2025-12-16,R29,2,2,2,0,0,25.0,0.0,91.9
2025-12-17,R29,2,1,2,0,1,11.7,0.0,43.0
2025-12-18,R29,3,2,3,0,1,23.3,0.0,57.1
2025-12-19,R29,1,1,1,0,0,6.9,0.0,50.7
2025-12-22,R29,2,1,2,0,1,6.1,0.0,22.4
2025-12-23,R29,3,2,3,0,1,15.5,0.0,38.0
2025-12-24,R29,1,1,1,0,0,3.8,0.0,27.9
2025-12-29,R29,2,1,2,0,1,1.7,0.0,6.3
2025-12-30,R29,2,1,2,0,1,12.3,0.0,45.2
2025-12-31,R29,1,1,1,0,0,6.6,0.0,48.5
2026-01-02,R29,1,1,1,0,0,2.7,0.0,19.9
2026-01-05,R29,1,1,1,0,0,8.1,0.0,59.6
2026-01-07,R29,1,2,1,0,0,16.3,3.8,100.0
2026-01-08,R29,2,2,2,0,0,16.8,0.0,75.7
2026-01-09,R29,1,1,1,0,0,4.1,0.0,30.1
2026-01-12,R29,1,2,1,0,0,12.7,0.2,93.4
2026-01-13,R29,2,2,2,0,0,21.4,0.0,79.4
2026-01-14,R29,2,2,2,0,0,20.3,0.0,74.6
2026-01-15,R29,2,2,2,0,0,23.2,0.0,85.3
2026-01-16,R29,1,2,1,0,0,12.6,0.1,92.6
2026-01-19,R29,2,2,2,0,0,18.0,0.0,66.2
2026-01-20,R29,2,2,2,0,0,18.8,0.0,69.1
2026-01-21,R29,2,2,2,0,0,15.8,0.0,58.1
2026-01-22,R29,2,2,2,0,0,15.9,0.0,58.5
2026-01-23,R29,1,2,1,0,0,16.7,4.2,100.0
2026-01-26,R29,2,2,2,0,0,10.3,0.0,37.9
2026-01-27,R29,1,2,1,0,0,17.8,5.3,100.0
2026-01-28,R29,2,2,2,0,0,11.2,0.0,60.6
2026-01-29,R29,2,3,2,0,0,25.1,0.1,92.3
2026-01-30,R29,2,2,2,0,0,16.9,0.0,62.4
2026-02-02,R29,3,2,3,0,1,19.2,0.0,47.1
2026-02-03,R29,2,2,2,0,0,22.7,0.0,83.5
2026-02-04,R29,2,2,2,0,0,12.6,0.0,46.3
2026-02-05,R29,2,2,2,0,0,24.1,0.0,88.6
2026-02-06,R29,1,1,1,0,0,6.2,0.0,45.6
2026-02-09,R29,2,2,2,0,0,15.0,0.0,55.1
2026-02-10,R29,1,3,1,1,0,26.1,1.1,96.0
2026-02-11,R29,1,2,1,1,0,18.4,0.0,71.6
2026-02-12,R29,2,3,2,0,0,27.6,2.6,100.0
2026-02-13,R29,1,2,1,0,0,17.1,7.2,100.0
2026-02-16,R29,2,3,2,0,0,21.3,3.4,78.3
2026-02-17,R29,3,3,3,0,0,29.4,0.0,80.5
2026-02-18,R29,2,2,2,0,0,18.1,0.0,66.5
2026-02-19,R29,3,3,3,0,0,31.6,0.0,77.5
2026-02-20,R29,2,2,2,0,0,14.7,0.0,54.0
2026-02-23,R29,3,2,3,0,1,22.8,0.0,55.9
2026-02-24,R29,3,3,3,0,0,25.7,0.0,63.0
2026-02-25,R29,2,2,2,0,0,19.5,0.0,71.7
2026-02-26,R29,3,3,3,0,0,28.6,0.0,70.1
2026-02-27,R29,2,2,2,0,0,15.3,0.0,56.2
2026-03-02,R29,3,2,3,0,1,23.9,0.0,58.6
2026-03-03,R29,3,3,3,0,0,29.7,0.0,72.8
2026-03-04,R29,2,2,2,0,0,12.8,0.0,47.1
2026-03-05,R29,3,2,3,0,1,18.8,0.0,46.1
2026-03-06,R29,1,2,1,0,0,16.6,4.1,100.0
2026-03-09,R29,3,2,3,0,1,17.3,0.0,42.4
2026-03-10,R29,3,3,3,0,0,27.2,0.0,66.7
2026-03-11,R29,3,2,3,0,1,15.2,0.0,37.3
2026-03-12,R29,2,3,2,0,0,25.3,0.3,93.0
2026-03-13,R29,2,1,2,0,1,8.3,0.0,31.5
2026-03-16,R29,2,2,2,0,0,21.3,0.0,78.3
2026-03-17,R29,3,3,3,0,0,37.2,0.0,91.2
2026-03-18,R29,2,2,2,0,0,23.0,0.0,84.6
2026-03-19,R29,2,2,2,0,0,15.0,0.0,55.1
2026-03-20,R29,2,1,2,0,1,10.1,0.0,37.1
2026-03-23,R29,2,2,2,0,0,21.4,0.0,78.7
2026-03-24,R29,3,3,3,0,0,26.0,0.0,63.7
2026-03-25,R29,2,2,2,0,0,21.6,0.0,79.4
2026-03-26,R29,2,2,2,0,0,23.4,0.0,86.0
2026-03-27,R29,1,1,1,0,0,12.1,0.0,89.0
2026-03-30,R29,2,2,2,0,0,18.6,0.0,68.4
2026-03-31,R29,3,2,3,0,1,24.2,0.0,59.3
2026-04-01,R29,2,2,2,0,0,18.3,0.0,67.3
2026-04-02,R29,1,3,1,2,0,32.7,0.0,80.1
2026-04-07,R29,3,3,3,0,0,29.7,0.0,72.8
2026-04-08,R29,2,2,2,0,0,14.9,0.0,54.8
2026-04-09,R29,2,3,2,1,0,32.3,0.0,79.2
2026-04-10,R29,1,1,1,0,0,8.5,0.0,62.5
2026-04-13,R29,2,3,2,0,0,26.1,1.1,96.0
2026-04-14,R29,3,3,3,0,0,25.9,0.0,66.1
2026-04-15,R29,2,2,2,0,0,20.3,0.0,74.6
2026-04-16,R29,3,2,3,0,1,19.6,0.0,48.0
2026-04-17,R29,1,2,1,1,0,17.8,0.0,65.4
2026-04-20,R29,3,2,3,0,1,17.0,0.0,41.7
2026-04-21,R29,3,3,3,0,0,30.5,0.0,74.8
2026-04-22,R29,2,2,2,0,0,17.8,0.0,65.4
2026-04-23,R29,2,2,2,0,0,14.8,0.0,54.4
2026-04-24,R29,1,2,1,0,0,23.1,10.6,100.0
2026-04-27,R29,3,3,3,0,0,16.6,0.0,40.7
2026-04-28,R29,3,3,3,0,0,28.4,0.0,69.6
2026-04-29,R29,3,2,3,0,1,16.1,0.0,39.5
2026-04-30,R29,1,3,1,0,0,31.7,19.2,100.0
2026-05-04,R29,4,4,4,0,0,21.5,0.0,39.5
2026-05-05,R29,3,2,3,0,1,21.7,0.0,53.2
2026-05-06,R29,3,2,3,0,1,14.9,0.0,36.5
2026-05-07,R29,3,2,3,0,1,16.2,0.0,39.7
2026-05-08,R29,1,2,1,1,0,22.3,0.0,82.0
2026-05-11,R29,3,2,3,0,1,16.5,0.0,40.4
2026-05-12,R29,2,2,2,0,0,23.8,0.0,87.5
2026-05-13,R29,2,2,2,0,0,18.4,0.0,67.6
2026-05-15,R29,2,1,2,0,1,10.8,0.0,39.7
2026-05-18,R29,3,2,3,0,1,22.9,0.0,56.1
2026-05-19,R29,3,3,3,0,0,27.3,0.0,66.9
2026-05-20,R29,2,2,2,0,0,14.8,0.0,54.4
2026-05-21,R29,3,3,3,0,0,35.3,0.0,86.5
2026-05-22,R29,1,2,1,1,0,18.6,0.0,68.4
2026-05-26,R29,2,2,2,0,0,21.0,0.0,77.2
2026-05-27,R29,2,2,2,0,0,19.0,0.0,69.9
2026-05-28,R29,3,3,3,0,0,35.6,0.0,87.3
2026-05-29,R29,1,1,1,0,0,11.1,0.0,81.6
2026-06-01,R29,3,2,3,0,1,16.2,0.0,39.7
2026-06-02,R29,3,3,3,0,0,35.2,0.0,86.3
2026-06-03,R29,1,3,1,0,0,25.6,13.1,100.0
2026-06-05,R29,1,2,1,1,0,11.8,0.0,43.4
2026-06-08,R29,2,3,2,0,0,25.8,0.8,94.9
2026-06-09,R29,3,3,3,0,0,26.3,0.0,66.4
2026-06-10,R29,2,2,2,0,0,14.7,0.0,54.0
2026-06-11,R29,3,3,3,0,0,37.2,0.0,91.2
2026-06-12,R29,1,1,1,0,0,12.4,0.0,91.2
2026-06-15,R29,4,2,4,0,2,13.2,0.0,24.3
2026-06-16,R29,2,3,2,0,0,26.5,1.5,97.4
2026-06-17,R29,2,2,2,0,0,14.7,0.0,59.5
2026-06-18,R29,3,3,3,0,0,30.9,0.0,75.7
2026-06-19,R29,1,2,1,0,0,20.2,7.7,100.0
2026-06-22,R29,2,3,2,1,0,22.9,0.0,56.1
2026-06-23,R29,3,3,3,0,0,26.3,0.0,64.5
2026-06-24,R29,2,2,2,0,0,17.1,0.0,62.9
2026-06-25,R29,4,3,4,0,1,26.5,0.0,48.7
2026-06-26,R29,1,1,1,0,0,10.9,0.0,80.1
2026-06-29,R29,3,2,3,0,1,24.1,0.0,59.1
2026-06-30,R29,3,4,3,1,0,43.4,0.0,79.8
2026-07-01,R29,2,2,2,0,0,17.6,0.0,64.7
2026-07-02,R29,3,4,3,0,0,38.2,0.7,93.6
2026-07-03,R29,0,2,0,0,0,12.7,13.4,0.0
2026-07-06,R29,3,3,3,0,0,16.8,0.0,41.2
2026-07-07,R29,4,3,4,0,1,31.5,0.0,57.9
2026-07-08,R29,2,1,2,0,1,12.0,0.0,44.1
2026-07-09,R29,4,4,4,0,0,43.3,0.0,79.6
2026-07-10,R29,1,2,1,0,0,13.6,1.1,100.0
2026-07-13,R29,3,2,3,0,1,19.7,0.0,48.3
2026-07-14,R29,4,2,4,0,2,23.9,0.0,43.9
2026-07-15,R29,1,2,1,1,0,19.1,0.0,70.2
2026-07-16,R29,4,2,4,0,2,21.6,0.0,39.7
2026-07-17,R29,2,2,2,0,0,12.7,0.0,46.7
2026-07-20,R29,3,2,3,0,1,19.8,0.0,48.5
2026-07-21,R29,3,3,3,0,0,34.8,0.0,85.3
2026-07-22,R29,1,2,1,0,0,14.6,2.1,100.0
2026-07-23,R29,3,4,3,1,0,41.2,0.0,79.6
2026-07-24,R29,2,2,2,0,0,14.1,0.0,51.8
2026-07-27,R29,2,2,2,0,0,24.2,0.0,89.0
2026-07-28,R29,3,2,3,0,1,23.9,0.0,58.6
2026-07-29,R29,2,2,2,0,0,22.1,0.0,81.3
2026-07-30,R29,2,2,2,0,0,21.5,0.0,79.0
2026-07-31,R29,1,1,1,0,0,8.3,0.0,61.0
2026-08-03,R29,3,2,3,0,1,20.2,0.0,49.5
2026-08-04,R29,3,2,3,0,1,19.4,0.0,47.5
2026-08-05,R29,2,2,2,0,0,12.9,0.0,47.4
2026-08-06,R29,2,2,2,0,0,25.0,0.0,91.9
2026-08-07,R29,1,1,1,0,0,11.9,0.0,87.5
2026-08-10,R29,3,1,3,0,2,9.9,0.0,24.3
2026-08-11,R29,2,3,2,0,0,25.1,0.1,92.3
2026-08-12,R29,2,1,2,0,1,9.0,0.0,33.4
2026-08-13,R29,2,3,2,1,0,33.6,0.0,82.4
2026-08-14,R29,1,1,1,0,0,11.0,0.0,80.9
2026-08-17,R29,1,1,1,0,0,8.2,0.0,60.3
2026-08-18,R29,2,3,2,0,0,25.7,0.7,94.5
2026-08-19,R29,1,1,1,0,0,7.7,0.0,61.6
2026-08-20,R29,2,2,2,0,0,21.1,0.0,77.6
2026-08-21,R29,1,1,1,0,0,6.1,0.0,44.9
2026-08-24,R29,2,2,2,0,0,17.2,0.0,63.2
2026-08-25,R29,3,2,3,0,1,21.9,0.0,53.7
2026-08-26,R29,1,2,1,1,0,20.3,0.0,74.6
2026-08-27,R29,3,2,3,0,1,20.1,0.0,49.3
2026-08-28,R29,1,2,1,0,0,12.9,0.4,94.9
2026-08-31,R29,3,2,3,0,1,19.4,0.0,47.5
2024-01-02,R30,1,1,1,0,0,7.0,0.0,51.5
2024-01-03,R30,1,1,1,0,0,3.8,0.0,27.9
2024-01-04,R30,1,1,1,0,0,2.0,0.0,14.7
2024-01-05,R30,0,1,0,1,0,6.2,0.0,45.6
2024-01-08,R30,1,1,1,0,0,8.4,0.0,61.8
2024-01-09,R30,2,1,2,0,1,5.4,0.0,19.9
2024-01-10,R30,0,1,0,0,0,4.3,4.3,0.0
2024-01-11,R30,1,1,1,0,0,6.9,0.0,82.4
2024-01-12,R30,1,1,1,0,0,5.6,0.0,41.2
2024-01-15,R30,1,1,1,0,0,8.6,0.0,63.2
2024-01-16,R30,1,1,1,0,0,5.3,0.0,39.0
2024-01-17,R30,1,1,1,0,0,1.9,0.0,14.0
2024-01-18,R30,1,1,1,0,0,3.2,0.0,23.5
2024-01-19,R30,1,1,1,0,0,6.9,0.0,50.7
2024-01-22,R30,1,1,1,0,0,8.1,0.0,59.6
2024-01-23,R30,1,1,1,0,0,2.3,0.0,16.9
2024-01-24,R30,1,1,1,0,0,4.9,0.0,36.0
2024-01-25,R30,1,1,1,0,0,6.3,0.0,46.3
2024-01-26,R30,1,1,1,0,0,3.9,0.0,28.7
2024-01-29,R30,1,1,1,0,0,5.5,0.0,40.4
2024-01-30,R30,1,1,1,0,0,2.8,0.0,20.6
2024-01-31,R30,2,1,2,0,1,8.2,0.0,30.1
2024-02-01,R30,1,1,1,0,0,5.6,0.0,41.2
2024-02-02,R30,1,1,1,0,0,2.2,0.0,16.2
2024-02-05,R30,2,1,2,0,1,2.7,0.0,9.9
2024-02-06,R30,1,1,1,0,0,7.3,0.0,53.7
2024-02-07,R30,1,1,1,0,0,8.5,0.0,62.5
2024-02-08,R30,1,1,1,0,0,4.6,0.0,33.8
2024-02-09,R30,1,1,1,0,0,2.6,0.0,19.1
2024-02-12,R30,1,1,1,0,0,3.0,0.0,22.1
2024-02-13,R30,1,1,1,0,0,3.3,0.0,24.3
2024-02-14,R30,1,1,1,0,0,4.8,0.0,35.3
2024-02-15,R30,1,1,1,0,0,1.6,0.0,11.8
2024-02-16,R30,0,1,0,1,0,6.0,0.0,44.1
2024-02-19,R30,2,1,2,0,1,9.8,0.0,36.0
2024-02-20,R30,1,1,1,0,0,2.2,0.0,16.2
2024-02-21,R30,1,1,1,0,0,4.9,0.0,36.0
2024-02-22,R30,1,1,1,0,0,1.7,0.0,12.5
2024-02-23,R30,1,1,1,0,0,4.2,0.0,30.9
2024-02-26,R30,1,1,1,0,0,3.7,0.0,27.2
2024-02-27,R30,1,1,1,0,0,7.0,0.0,51.5
2024-02-28,R30,2,1,2,0,1,4.3,0.0,15.8
2024-02-29,R30,1,1,1,0,0,1.6,0.0,11.8
2024-03-01,R30,1,1,1,0,0,2.0,0.0,14.7
2024-03-04,R30,2,1,2,0,1,9.5,0.0,34.9
2024-03-05,R30,1,1,1,0,0,4.4,0.0,32.4
2024-03-06,R30,1,1,1,0,0,3.7,0.0,27.2
2024-03-07,R30,1,1,1,0,0,2.5,0.0,18.4
2024-03-08,R30,1,1,1,0,0,4.8,0.0,35.3
2024-03-11,R30,2,1,2,0,1,5.7,0.0,21.0
2024-03-12,R30,1,1,1,0,0,1.8,0.0,13.2
2024-03-13,R30,1,1,1,0,0,2.7,0.0,19.9
2024-03-14,R30,1,1,1,0,0,3.6,0.0,26.5
2024-03-15,R30,1,1,1,0,0,1.8,0.0,13.2
2024-03-18,R30,2,1,2,0,1,6.2,0.0,22.8
2024-03-19,R30,1,1,1,0,0,3.8,0.0,27.9
2024-03-20,R30,1,1,1,0,0,4.8,0.0,35.3
2024-03-21,R30,1,1,1,0,0,5.1,0.0,37.5
2024-03-22,R30,1,1,1,0,0,4.1,0.0,30.1
2024-03-25,R30,1,1,1,0,0,3.4,0.0,25.0
2024-03-26,R30,2,1,2,0,1,3.4,0.0,12.5
2024-03-27,R30,1,1,1,0,0,7.2,0.0,52.9
2024-03-28,R30,1,1,1,0,0,7.3,0.0,53.7
2024-04-02,R30,1,1,1,0,0,5.4,0.0,39.7
2024-04-03,R30,1,1,1,0,0,2.7,0.0,19.9
2024-04-04,R30,1,1,1,0,0,3.6,0.0,26.5
2024-04-05,R30,1,1,1,0,0,4.4,0.0,32.4
2024-04-08,R30,2,1,2,0,1,3.6,0.0,13.2
2024-04-09,R30,1,1,1,0,0,3.2,0.0,23.5
2024-04-10,R30,2,1,2,0,1,4.4,0.0,16.2
2024-04-11,R30,1,1,1,0,0,4.6,0.0,33.8
2024-04-12,R30,1,1,1,0,0,2.4,0.0,17.6
2024-04-15,R30,1,1,1,0,0,6.5,0.0,47.8
2024-04-16,R30,1,1,1,0,0,2.8,0.0,20.6
2024-04-17,R30,1,1,1,0,0,9.3,0.0,68.4
2024-04-18,R30,1,1,1,0,0,6.5,0.0,47.8
2024-04-19,R30,1,1,1,0,0,7.7,0.0,56.6
2024-04-22,R30,1,1,1,0,0,4.7,0.0,34.6
2024-04-23,R30,1,1,1,0,0,8.8,0.0,64.7
2024-04-24,R30,1,1,1,0,0,2.2,0.0,16.2
2024-04-25,R30,1,1,1,0,0,7.0,0.0,51.5
2024-04-26,R30,1,1,1,0,0,2.5,0.0,18.4
2024-04-29,R30,1,1,1,0,0,8.0,0.0,58.8
2024-04-30,R30,1,1,1,0,0,8.3,0.0,61.0
2024-05-02,R30,1,1,1,0,0,2.2,0.0,16.2
2024-05-03,R30,1,1,1,0,0,4.6,0.0,33.8
2024-05-06,R30,1,1,1,0,0,4.7,0.0,34.6
2024-05-07,R30,1,1,1,0,0,4.2,0.0,30.9
2024-05-08,R30,0,1,0,0,0,2.2,2.2,0.0
2024-05-10,R30,0,1,0,1,0,4.2,0.0,30.9
2024-05-13,R30,1,1,1,0,0,6.1,0.0,44.9
2024-05-14,R30,1,1,1,0,0,3.5,0.0,25.7
2024-05-15,R30,2,1,2,0,1,1.4,0.0,5.1
2024-05-16,R30,2,1,2,0,1,3.8,0.0,14.0
2024-05-17,R30,1,1,1,0,0,2.0,0.0,14.7
2024-05-21,R30,1,1,1,0,0,4.9,0.0,36.0
2024-05-22,R30,1,1,1,0,0,3.3,0.0,24.3
2024-05-23,R30,2,1,2,0,1,6.1,0.0,22.4
2024-05-24,R30,1,1,1,0,0,2.2,0.0,16.2
2024-05-27,R30,1,1,1,0,0,6.8,0.0,50.0
2024-05-28,R30,1,1,1,0,0,4.0,0.0,29.4
2024-05-29,R30,1,1,1,0,0,4.6,0.0,33.8
2024-05-31,R30,1,1,1,0,0,4.5,0.0,33.1
2024-06-03,R30,2,1,2,0,1,3.3,0.0,12.1
2024-06-04,R30,1,1,1,0,0,3.5,0.0,25.7
2024-06-05,R30,1,1,1,0,0,7.1,0.0,52.2
2024-06-06,R30,1,1,1,0,0,4.4,0.0,32.4
2024-06-07,R30,1,1,1,0,0,3.8,0.0,27.9
2024-06-10,R30,2,1,2,0,1,4.3,0.0,15.8
2024-06-11,R30,1,1,1,0,0,7.7,0.0,56.6
2024-06-12,R30,1,1,1,0,0,4.5,0.0,33.1
2024-06-13,R30,1,1,1,0,0,4.2,0.0,30.9
2024-06-14,R30,1,1,1,0,0,3.5,0.0,25.7
2024-06-17,R30,1,1,1,0,0,5.9,0.0,43.4
2024-06-18,R30,1,1,1,0,0,5.8,0.0,42.6
2024-06-19,R30,1,1,1,0,0,3.2,0.0,23.5
2024-06-20,R30,1,1,1,0,0,3.5,0.0,25.7
2024-06-21,R30,1,1,1,0,0,2.0,0.0,14.7
2024-06-24,R30,1,1,1,0,0,7.8,0.0,57.4
2024-06-25,R30,1,1,1,0,0,9.1,0.0,66.9
2024-06-26,R30,1,1,1,0,0,6.1,0.0,44.9
2024-06-27,R30,1,1,1,0,0,5.5,0.0,40.4
2024-06-28,R30,1,1,1,0,0,7.3,0.0,53.7
2024-07-01,R30,1,1,1,0,0,5.7,0.0,41.9
2024-07-02,R30,1,2,1,0,0,13.4,0.9,98.5
2024-07-03,R30,1,1,1,0,0,3.7,0.0,33.7
2024-07-04,R30,1,1,1,0,0,3.6,0.0,26.5
2024-07-05,R30,1,1,1,0,0,4.9,0.0,36.0
2024-07-08,R30,1,1,1,0,0,6.0,0.0,44.1
2024-07-09,R30,2,1,2,0,1,4.5,0.0,16.5
2024-07-10,R30,1,1,1,0,0,4.5,0.0,33.1
2024-07-11,R30,1,1,1,0,0,5.7,0.0,41.9
2024-07-12,R30,1,1,1,0,0,5.2,0.0,38.2
2024-07-15,R30,1,1,1,0,0,2.4,0.0,17.6
2024-07-16,R30,1,1,1,0,0,3.8,0.0,27.9
2024-07-17,R30,1,1,1,0,0,3.7,0.0,27.2
2024-07-18,R30,1,1,1,0,0,3.5,0.0,25.7
2024-07-19,R30,1,1,1,0,0,4.9,0.0,36.0
2024-07-22,R30,1,1,1,0,0,4.5,0.0,33.1
2024-07-23,R30,1,1,1,0,0,3.5,0.0,25.7
2024-07-24,R30,1,1,1,0,0,5.8,0.0,42.6
2024-07-25,R30,1,1,1,0,0,1.5,0.0,11.0
2024-07-26,R30,1,1,1,0,0,1.8,0.0,13.2
2024-07-29,R30,2,1,2,0,1,2.8,0.0,10.3
2024-07-30,R30,1,1,1,0,0,4.3,0.0,31.6
2024-07-31,R30,1,1,1,0,0,1.4,0.0,10.3
2024-08-01,R30,1,1,1,0,0,1.6,0.0,11.8
2024-08-02,R30,1,1,1,0,0,4.8,0.0,35.3
2024-08-05,R30,1,1,1,0,0,5.2,0.0,38.2
2024-08-06,R30,1,1,1,0,0,1.5,0.0,11.0
2024-08-07,R30,1,1,1,0,0,7.5,0.0,55.1
2024-08-08,R30,1,1,1,0,0,6.8,0.0,50.0
2024-08-09,R30,1,1,1,0,0,1.5,0.0,11.0
2024-08-12,R30,1,1,1,0,0,1.7,0.0,12.5
2024-08-13,R30,1,1,1,0,0,2.6,0.0,19.1
2024-08-14,R30,1,1,1,0,0,3.4,0.0,25.0
2024-08-15,R30,2,1,2,0,1,5.8,0.0,21.3
2024-08-16,R30,1,1,1,0,0,4.5,0.0,33.1
2024-08-19,R30,2,1,2,0,1,5.2,0.0,19.1
2024-08-20,R30,1,1,1,0,0,3.2,0.0,23.5
2024-08-21,R30,1,1,1,0,0,1.1,0.0,8.1
2024-08-22,R30,1,1,1,0,0,3.3,0.0,24.3
2024-08-23,R30,1,1,1,0,0,1.2,0.0,8.8
2024-08-26,R30,1,1,1,0,0,3.4,0.0,25.0
2024-08-27,R30,1,1,1,0,0,5.9,0.0,43.4
2024-08-28,R30,2,1,2,0,1,6.5,0.0,23.9
2024-08-29,R30,1,1,1,0,0,5.3,0.0,39.0
2024-08-30,R30,1,1,1,0,0,7.9,0.0,58.1
2024-09-02,R30,1,1,1,0,0,4.8,0.0,35.3
2024-09-03,R30,1,1,1,0,0,3.3,0.0,24.3
2024-09-04,R30,1,1,1,0,0,8.1,0.0,59.6
2024-09-05,R30,1,1,1,0,0,2.6,0.0,19.1
2024-09-06,R30,0,1,0,0,0,1.9,1.9,0.0
2024-09-09,R30,1,1,1,0,0,10.0,0.0,73.5
2024-09-10,R30,1,1,1,0,0,3.5,0.0,25.7
2024-09-11,R30,1,1,1,0,0,2.3,0.0,16.9
2024-09-12,R30,1,1,1,0,0,4.1,0.0,30.1
2024-09-13,R30,1,1,1,0,0,3.4,0.0,25.0
2024-09-16,R30,1,1,1,0,0,7.3,0.0,53.7
2024-09-17,R30,1,1,1,0,0,3.7,0.0,27.2
2024-09-18,R30,1,1,1,0,0,7.9,0.0,58.1
2024-09-19,R30,1,1,1,0,0,4.5,0.0,33.1
2024-09-20,R30,1,1,1,0,0,3.8,0.0,27.9
2024-09-23,R30,1,1,1,0,0,4.5,0.0,33.1
2024-09-24,R30,1,1,1,0,0,6.1,0.0,44.9
2024-09-25,R30,1,1,1,0,0,10.8,0.0,79.4
2024-09-26,R30,1,1,1,0,0,8.9,0.0,65.4
2024-09-27,R30,1,1,1,0,0,4.2,0.0,30.9
2024-09-30,R30,1,1,1,0,0,9.3,0.0,68.4
2024-10-01,R30,1,1,1,0,0,4.7,0.0,34.6
2024-10-02,R30,1,1,1,0,0,6.8,0.0,50.0
2024-10-04,R30,1,1,1,0,0,2.3,0.0,16.9
2024-10-07,R30,2,1,2,0,1,5.1,0.0,18.7
2024-10-08,R30,1,1,1,0,0,1.6,0.0,11.8
2024-10-09,R30,1,1,1,0,0,6.8,0.0,50.0
2024-10-10,R30,1,1,1,0,0,3.1,0.0,22.8
2024-10-11,R30,1,1,1,0,0,1.6,0.0,11.8
2024-10-14,R30,2,1,2,0,1,5.9,0.0,21.7
2024-10-15,R30,1,1,1,0,0,6.3,0.0,46.3
2024-10-16,R30,1,1,1,0,0,4.4,0.0,32.4
2024-10-17,R30,1,1,1,0,0,3.6,0.0,26.5
2024-10-18,R30,1,1,1,0,0,5.2,0.0,38.2
2024-10-21,R30,2,1,2,0,1,3.6,0.0,13.2
2024-10-22,R30,1,1,1,0,0,4.2,0.0,30.9
2024-10-23,R30,1,1,1,0,0,5.5,0.0,40.4
2024-10-24,R30,1,1,1,0,0,1.4,0.0,10.3
2024-10-25,R30,1,1,1,0,0,3.5,0.0,25.7
2024-10-28,R30,2,1,2,0,1,7.2,0.0,26.5
2024-10-29,R30,1,1,1,0,0,2.1,0.0,15.4
2024-10-30,R30,1,1,1,0,0,8.2,0.0,60.3
2024-10-31,R30,1,1,1,0,0,4.8,0.0,35.3
2024-11-04,R30,1,1,1,0,0,6.5,0.0,47.8
2024-11-05,R30,2,1,2,0,1,5.8,0.0,21.3
2024-11-06,R30,1,1,1,0,0,7.6,0.0,55.9
2024-11-07,R30,1,1,1,0,0,2.3,0.0,16.9
2024-11-08,R30,1,1,1,0,0,4.8,0.0,35.3
2024-11-11,R30,1,1,1,0,0,4.5,0.0,33.1
2024-11-12,R30,1,1,1,0,0,6.2,0.0,45.6
2024-11-13,R30,1,1,1,0,0,5.9,0.0,43.4
2024-11-14,R30,1,1,1,0,0,1.4,0.0,10.3
2024-11-15,R30,1,1,1,0,0,2.5,0.0,18.4
2024-11-18,R30,1,1,1,0,0,5.3,0.0,39.0
2024-11-19,R30,1,1,1,0,0,5.7,0.0,41.9
2024-11-20,R30,1,1,1,0,0,3.7,0.0,27.2
2024-11-21,R30,1,1,1,0,0,6.3,0.0,46.3
2024-11-22,R30,1,1,1,0,0,1.6,0.0,11.8
2024-11-25,R30,1,1,1,0,0,3.2,0.0,23.5
2024-11-26,R30,1,1,1,0,0,3.5,0.0,25.7
2024-11-27,R30,1,1,1,0,0,4.5,0.0,33.1
2024-11-28,R30,1,1,1,0,0,5.8,0.0,42.6
2024-11-29,R30,1,1,1,0,0,0.7,0.0,5.1
2024-12-02,R30,1,1,1,0,0,4.0,0.0,29.4
2024-12-03,R30,1,1,1,0,0,4.0,0.0,29.4
2024-12-04,R30,2,1,2,0,1,7.2,0.0,26.5
2024-12-05,R30,1,1,1,0,0,9.1,0.0,66.9
2024-12-06,R30,1,1,1,0,0,2.6,0.0,19.1
2024-12-09,R30,1,1,1,0,0,7.4,0.0,54.4
2024-12-10,R30,1,1,1,0,0,3.2,0.0,23.5
2024-12-11,R30,1,1,1,0,0,6.3,0.0,46.3
2024-12-12,R30,1,1,1,0,0,7.1,0.0,52.2
2024-12-13,R30,1,1,1,0,0,8.0,0.0,58.8
2024-12-16,R30,2,1,2,0,1,7.6,0.0,27.9
2024-12-17,R30,1,1,1,0,0,4.6,0.0,33.8
2024-12-18,R30,1,1,1,0,0,7.3,0.0,53.7
2024-12-19,R30,1,1,1,0,0,3.4,0.0,25.0
2024-12-20,R30,1,1,1,0,0,4.2,0.0,30.9
2024-12-23,R30,1,1,1,0,0,4.3,0.0,31.6
2024-12-24,R30,1,1,1,0,0,1.1,0.0,8.1
2024-12-27,R30,1,1,1,0,0,0.8,0.0,5.9
2024-12-30,R30,2,1,2,0,1,0.8,0.0,2.9
2024-12-31,R30,1,1,1,0,0,5.8,0.0,42.6
2025-01-02,R30,1,1,1,0,0,1.4,0.0,10.3
2025-01-03,R30,1,1,1,0,0,1.2,0.0,8.8
2025-01-07,R30,1,1,1,0,0,3.4,0.0,25.0
2025-01-08,R30,1,1,1,0,0,6.0,0.0,44.1
2025-01-09,R30,1,1,1,0,0,4.7,0.0,34.6
2025-01-10,R30,1,1,1,0,0,3.1,0.0,22.8
2025-01-13,R30,2,1,2,0,1,6.7,0.0,24.6
2025-01-14,R30,1,1,1,0,0,4.3,0.0,31.6
2025-01-15,R30,1,1,1,0,0,8.8,0.0,64.7
2025-01-16,R30,2,1,2,0,1,7.4,0.0,27.2
2025-01-17,R30,1,1,1,0,0,3.7,0.0,27.2
2025-01-20,R30,2,1,2,0,1,6.2,0.0,22.8
2025-01-21,R30,1,1,1,0,0,4.1,0.0,30.1
2025-01-22,R30,1,1,1,0,0,1.3,0.0,9.6
2025-01-23,R30,1,1,1,0,0,2.2,0.0,16.2
2025-01-24,R30,1,1,1,0,0,3.7,0.0,27.2
2025-01-27,R30,1,1,1,0,0,11.3,0.0,83.1
2025-01-28,R30,1,1,1,0,0,4.0,0.0,29.4
2025-01-29,R30,1,1,1,0,0,8.6,0.0,63.2
2025-01-30,R30,1,1,1,0,0,5.3,0.0,39.0
2025-01-31,R30,1,1,1,0,0,2.3,0.0,16.9
2025-02-03,R30,1,1,1,0,0,8.4,0.0,61.8
2025-02-04,R30,1,1,1,0,0,1.9,0.0,14.0
2025-02-05,R30,1,1,1,0,0,5.5,0.0,40.4
2025-02-06,R30,1,1,1,0,0,3.1,0.0,22.8
2025-02-07,R30,1,1,1,0,0,4.2,0.0,30.9
2025-02-10,R30,2,1,2,0,1,8.0,0.0,29.4
2025-02-11,R30,1,1,1,0,0,7.4,0.0,54.4
2025-02-12,R30,1,1,1,0,0,2.8,0.0,20.6
2025-02-13,R30,1,1,1,0,0,2.2,0.0,16.2
2025-02-14,R30,1,1,1,0,0,2.3,0.0,16.9
2025-02-17,R30,2,1,2,0,1,4.3,0.0,15.8
2025-02-18,R30,1,1,1,0,0,8.0,0.0,58.8
2025-02-19,R30,1,1,1,0,0,7.1,0.0,52.2
2025-02-20,R30,1,1,1,0,0,5.9,0.0,43.4
2025-02-21,R30,1,1,1,0,0,4.8,0.0,35.3
2025-02-24,R30,1,1,1,0,0,9.5,0.0,69.9
2025-02-25,R30,1,1,1,0,0,4.5,0.0,33.1
2025-02-26,R30,1,1,1,0,0,6.2,0.0,45.6
2025-02-27,R30,1,1,1,0,0,2.2,0.0,16.2
2025-02-28,R30,1,1,1,0,0,4.7,0.0,34.6
2025-03-03,R30,1,1,1,0,0,6.2,0.0,45.6
2025-03-04,R30,1,1,1,0,0,7.3,0.0,53.7
2025-03-05,R30,1,1,1,0,0,2.0,0.0,14.7
2025-03-06,R30,1,1,1,0,0,2.9,0.0,21.3
2025-03-07,R30,1,1,1,0,0,3.7,0.0,27.2
2025-03-10,R30,1,1,1,0,0,7.4,0.0,54.4
2025-03-11,R30,1,1,1,0,0,2.6,0.0,19.1
2025-03-12,R30,1,1,1,0,0,2.5,0.0,18.4
2025-03-13,R30,2,1,2,0,1,11.2,0.0,41.2
2025-03-14,R30,1,1,1,0,0,2.9,0.0,21.3
2025-03-17,R30,1,1,1,0,0,6.4,0.0,47.1
2025-03-18,R30,1,1,1,0,0,4.4,0.0,32.4
2025-03-19,R30,1,1,1,0,0,5.8,0.0,42.6
2025-03-20,R30,1,1,1,0,0,2.7,0.0,19.9
2025-03-21,R30,2,1,2,0,1,3.2,0.0,11.8
2025-03-24,R30,2,1,2,0,1,1.9,0.0,7.0
2025-03-25,R30,1,1,1,0,0,3.1,0.0,22.8
2025-03-26,R30,1,1,1,0,0,4.1,0.0,30.1
2025-03-27,R30,1,1,1,0,0,7.9,0.0,58.1
2025-03-28,R30,1,1,1,0,0,4.5,0.0,33.1
2025-03-31,R30,2,1,2,0,1,8.6,0.0,31.6
2025-04-01,R30,1,1,1,0,0,4.2,0.0,30.9
2025-04-02,R30,1,1,1,0,0,2.7,0.0,19.9
2025-04-03,R30,1,1,1,0,0,0.9,0.0,6.6
2025-04-04,R30,1,1,1,0,0,1.9,0.0,14.0
2025-04-07,R30,2,1,2,0,1,1.8,0.0,6.6
2025-04-08,R30,2,1,2,0,1,3.7,0.0,13.6
2025-04-09,R30,1,1,1,0,0,6.9,0.0,50.7
2025-04-10,R30,1,1,1,0,0,3.4,0.0,25.0
2025-04-11,R30,1,1,1,0,0,3.6,0.0,26.5
2025-04-14,R30,1,2,1,0,0,14.5,2.0,100.0
2025-04-15,R30,1,1,1,0,0,5.4,0.0,54.3
2025-04-16,R30,1,1,1,0,0,6.9,0.0,50.7
2025-04-17,R30,1,1,1,0,0,8.1,0.0,59.6
2025-04-22,R30,1,1,1,0,0,4.7,0.0,34.6
2025-04-23,R30,1,1,1,0,0,5.7,0.0,41.9
2025-04-24,R30,1,1,1,0,0,1.2,0.0,8.8
2025-04-25,R30,1,1,1,0,0,4.4,0.0,32.4
2025-04-28,R30,2,1,2,0,1,5.4,0.0,19.9
2025-04-29,R30,1,1,1,0,0,4.7,0.0,34.6
2025-04-30,R30,0,1,0,1,0,6.4,0.0,47.1
2025-05-02,R30,1,1,1,0,0,1.7,0.0,12.5
2025-05-05,R30,2,1,2,0,1,8.6,0.0,31.6
2025-05-06,R30,1,1,1,0,0,4.4,0.0,32.4
2025-05-07,R30,1,1,1,0,0,5.9,0.0,43.4
2025-05-08,R30,1,1,1,0,0,4.3,0.0,31.6
2025-05-09,R30,1,1,1,0,0,3.7,0.0,27.2
2025-05-12,R30,2,1,2,0,1,4.9,0.0,18.0
2025-05-13,R30,1,1,1,0,0,3.2,0.0,23.5
2025-05-14,R30,1,1,1,0,0,10.7,0.0,78.7
2025-05-15,R30,1,1,1,0,0,2.7,0.0,19.9
2025-05-16,R30,1,1,1,0,0,4.7,0.0,34.6
2025-05-19,R30,2,1,2,0,1,5.8,0.0,21.3
2025-05-20,R30,1,1,1,0,0,6.2,0.0,45.6
2025-05-21,R30,1,1,1,0,0,9.1,0.0,66.9
2025-05-22,R30,1,1,1,0,0,7.8,0.0,57.4
2025-05-23,R30,1,1,1,0,0,4.7,0.0,34.6
2025-05-26,R30,1,1,1,0,0,5.5,0.0,40.4
2025-05-27,R30,1,1,1,0,0,2.0,0.0,14.7
2025-05-28,R30,1,1,1,0,0,4.7,0.0,34.6
2025-05-30,R30,1,1,1,0,0,4.8,0.0,35.3
2025-06-02,R30,1,1,1,0,0,9.3,0.0,68.4
2025-06-03,R30,1,1,1,0,0,6.6,0.0,48.5
2025-06-04,R30,1,1,1,0,0,5.5,0.0,40.4
2025-06-05,R30,1,1,1,0,0,1.8,0.0,13.2
2025-06-06,R30,1,1,1,0,0,6.2,0.0,45.6
2025-06-10,R30,1,1,1,0,0,3.3,0.0,24.3
2025-06-11,R30,0,1,0,0,0,4.3,4.3,0.0
2025-06-12,R30,1,1,1,0,0,4.7,0.0,66.2
2025-06-13,R30,1,1,1,0,0,2.8,0.0,20.6
2025-06-16,R30,1,1,1,0,0,5.5,0.0,40.4
2025-06-17,R30,1,1,1,0,0,7.9,0.0,58.1
2025-06-18,R30,1,1,1,0,0,9.0,0.0,66.2
2025-06-20,R30,1,1,1,0,0,1.2,0.0,8.8
2025-06-23,R30,1,1,1,0,0,6.9,0.0,50.7
2025-06-24,R30,1,1,1,0,0,7.1,0.0,52.2
2025-06-25,R30,1,1,1,0,0,7.9,0.0,58.1
2025-06-26,R30,1,1,1,0,0,4.9,0.0,36.0
2025-06-27,R30,1,1,1,0,0,11.0,0.0,80.9
2025-06-30,R30,1,1,1,0,0,10.7,0.0,78.7
2025-07-01,R30,2,1,2,0,1,2.4,0.0,8.8
2025-07-02,R30,1,1,1,0,0,10.8,0.0,79.4
2025-07-03,R30,1,1,1,0,0,3.3,0.0,24.3
2025-07-04,R30,1,1,1,0,0,3.6,0.0,26.5
2025-07-07,R30,1,1,1,0,0,5.2,0.0,38.2
2025-07-08,R30,1,1,1,0,0,5.1,0.0,37.5
2025-07-09,R30,1,1,1,0,0,6.4,0.0,47.1
2025-07-10,R30,1,1,1,0,0,2.2,0.0,16.2
2025-07-11,R30,1,1,1,0,0,5.0,0.0,36.8
2025-07-14,R30,2,1,2,0,1,5.2,0.0,19.1
2025-07-15,R30,1,1,1,0,0,2.9,0.0,21.3
2025-07-16,R30,1,1,1,0,0,6.2,0.0,45.6
2025-07-17,R30,1,1,1,0,0,3.2,0.0,23.5
2025-07-18,R30,1,1,1,0,0,3.9,0.0,28.7
2025-07-21,R30,3,1,3,0,2,5.4,0.0,13.2
2025-07-22,R30,1,1,1,0,0,5.1,0.0,37.5
2025-07-23,R30,1,1,1,0,0,5.1,0.0,37.5
2025-07-24,R30,1,1,1,0,0,4.0,0.0,29.4
2025-07-25,R30,1,1,1,0,0,4.3,0.0,31.6
2025-07-28,R30,2,1,2,0,1,4.6,0.0,16.9
2025-07-29,R30,1,1,1,0,0,2.3,0.0,16.9
2025-07-30,R30,1,1,1,0,0,5.0,0.0,36.8
2025-07-31,R30,1,1,1,0,0,4.8,0.0,35.3
2025-08-01,R30,1,1,1,0,0,3.6,0.0,26.5
2025-08-04,R30,1,1,1,0,0,2.7,0.0,19.9
2025-08-05,R30,1,1,1,0,0,3.4,0.0,25.0
2025-08-06,R30,1,1,1,0,0,3.1,0.0,22.8
2025-08-07,R30,1,1,1,0,0,2.6,0.0,19.1
2025-08-08,R30,1,1,1,0,0,2.6,0.0,19.1
2025-08-11,R30,1,1,1,0,0,3.8,0.0,27.9
2025-08-12,R30,1,1,1,0,0,2.2,0.0,16.2
2025-08-13,R30,1,1,1,0,0,5.1,0.0,37.5
2025-08-14,R30,2,1,2,0,1,2.9,0.0,10.7
2025-08-15,R30,1,1,1,0,0,1.1,0.0,8.1
2025-08-18,R30,1,1,1,0,0,8.1,0.0,59.6
2025-08-19,R30,1,1,1,0,0,4.3,0.0,31.6
2025-08-20,R30,1,1,1,0,0,4.4,0.0,32.4
2025-08-21,R30,1,1,1,0,0,6.1,0.0,44.9
2025-08-22,R30,1,1,1,0,0,2.0,0.0,14.7
2025-08-25,R30,2,1,2,0,1,5.5,0.0,20.2
2025-08-26,R30,1,1,1,0,0,2.2,0.0,16.2
2025-08-27,R30,2,1,2,0,1,3.4,0.0,12.5
2025-08-28,R30,1,1,1,0,0,1.6,0.0,11.8
2025-08-29,R30,2,1,2,0,1,2.6,0.0,9.6
2025-09-01,R30,1,1,1,0,0,6.5,0.0,47.8
2025-09-02,R30,0,1,0,0,0,4.3,4.3,0.0
2025-09-03,R30,1,1,1,0,0,1.4,0.0,41.9
2025-09-04,R30,1,1,1,0,0,2.1,0.0,15.4
2025-09-05,R30,1,1,1,0,0,0.3,0.0,2.2
2025-09-08,R30,1,1,1,0,0,5.2,0.0,38.2
2025-09-09,R30,0,1,0,1,0,5.2,0.0,38.2
2025-09-10,R30,1,1,1,0,0,2.9,0.0,21.3
2025-09-11,R30,1,1,1,0,0,1.1,0.0,8.1
2025-09-12,R30,0,1,0,0,0,0.8,0.8,0.0
2025-09-15,R30,2,1,2,0,1,3.5,0.0,12.9
2025-09-16,R30,1,1,1,0,0,2.0,0.0,14.7
2025-09-17,R30,0,1,0,0,0,0.5,0.5,0.0
2025-09-18,R30,1,1,1,0,0,3.4,0.0,28.7
2025-09-19,R30,1,1,1,0,0,7.3,0.0,53.7
2025-09-22,R30,1,1,1,0,0,6.8,0.0,50.0
2025-09-23,R30,1,1,1,0,0,1.8,0.0,13.2
2025-09-24,R30,1,1,1,0,0,3.2,0.0,23.5
2025-09-25,R30,1,1,1,0,0,2.5,0.0,18.4
2025-09-26,R30,1,1,1,0,0,0.8,0.0,5.9
2025-09-29,R30,1,1,1,0,0,7.0,0.0,51.5
2025-09-30,R30,1,1,1,0,0,4.1,0.0,30.1
2025-10-01,R30,1,1,1,0,0,3.8,0.0,27.9
2025-10-02,R30,1,1,1,0,0,5.0,0.0,36.8
2025-10-06,R30,2,1,2,0,1,7.6,0.0,27.9
2025-10-07,R30,1,1,1,0,0,3.1,0.0,22.8
2025-10-08,R30,1,1,1,0,0,2.3,0.0,16.9
2025-10-09,R30,1,1,1,0,0,2.1,0.0,15.4
2025-10-10,R30,1,1,1,0,0,3.3,0.0,24.3
2025-10-13,R30,1,1,1,0,0,3.7,0.0,27.2
2025-10-14,R30,1,1,1,0,0,4.7,0.0,34.6
2025-10-15,R30,1,1,1,0,0,6.5,0.0,47.8
2025-10-16,R30,2,1,2,0,1,4.8,0.0,17.6
2025-10-17,R30,1,1,1,0,0,3.1,0.0,22.8
2025-10-20,R30,2,1,2,0,1,2.0,0.0,7.4
2025-10-21,R30,1,1,1,0,0,1.8,0.0,13.2
2025-10-22,R30,1,1,1,0,0,4.7,0.0,34.6
2025-10-23,R30,1,1,1,0,0,1.7,0.0,12.5
2025-10-24,R30,1,1,1,0,0,6.1,0.0,44.9
2025-10-27,R30,1,1,1,0,0,4.5,0.0,33.1
2025-10-28,R30,1,1,1,0,0,0.4,0.0,2.9
2025-10-29,R30,1,1,1,0,0,4.4,0.0,32.4
2025-10-30,R30,1,1,1,0,0,1.9,0.0,14.0
2025-10-31,R30,1,1,1,0,0,2.5,0.0,18.4
2025-11-03,R30,2,1,2,0,1,4.6,0.0,16.9
2025-11-04,R30,1,1,1,0,0,3.4,0.0,25.0
2025-11-05,R30,1,1,1,0,0,5.5,0.0,40.4
2025-11-06,R30,1,1,1,0,0,4.5,0.0,33.1
2025-11-07,R30,1,1,1,0,0,2.7,0.0,19.9
2025-11-10,R30,2,1,2,0,1,4.4,0.0,16.2
2025-11-11,R30,1,1,1,0,0,5.6,0.0,41.2
2025-11-12,R30,1,1,1,0,0,4.6,0.0,33.8
2025-11-13,R30,1,1,1,0,0,1.3,0.0,9.6
2025-11-14,R30,1,1,1,0,0,2.8,0.0,20.6
2025-11-17,R30,1,1,1,0,0,5.2,0.0,38.2
2025-11-18,R30,1,1,1,0,0,3.2,0.0,23.5
2025-11-19,R30,1,1,1,0,0,2.0,0.0,14.7
2025-11-20,R30,1,1,1,0,0,2.2,0.0,16.2
2025-11-21,R30,1,1,1,0,0,2.4,0.0,17.6
2025-11-24,R30,1,1,1,0,0,7.7,0.0,56.6
2025-11-25,R30,1,1,1,0,0,7.6,0.0,55.9
2025-11-26,R30,1,1,1,0,0,3.3,0.0,24.3
2025-11-27,R30,1,1,1,0,0,3.5,0.0,25.7
2025-11-28,R30,1,1,1,0,0,5.9,0.0,43.4
2025-12-01,R30,2,1,2,0,1,7.0,0.0,25.7
2025-12-02,R30,1,1,1,0,0,4.7,0.0,34.6
2025-12-03,R30,1,1,1,0,0,3.9,0.0,28.7
2025-12-04,R30,1,1,1,0,0,2.1,0.0,15.4
2025-12-05,R30,1,1,1,0,0,7.4,0.0,54.4
2025-12-08,R30,2,1,2,0,1,5.5,0.0,20.2
2025-12-09,R30,1,1,1,0,0,4.4,0.0,32.4
2025-12-10,R30,1,1,1,0,0,5.1,0.0,37.5
2025-12-11,R30,1,1,1,0,0,6.5,0.0,47.8
2025-12-12,R30,1,1,1,0,0,2.1,0.0,15.4
2025-12-15,R30,2,1,2,0,1,5.6,0.0,20.6
2025-12-16,R30,2,1,2,0,1,2.1,0.0,7.7
2025-12-17,R30,1,1,1,0,0,2.7,0.0,19.9
2025-12-18,R30,1,1,1,0,0,1.9,0.0,14.0
2025-12-19,R30,1,1,1,0,0,1.2,0.0,8.8
2025-12-22,R30,2,1,2,0,1,0.4,0.0,1.5
2025-12-23,R30,1,1,1,0,0,1.9,0.0,14.0
2025-12-24,R30,1,1,1,0,0,6.0,0.0,44.1
2025-12-29,R30,1,1,1,0,0,8.3,0.0,61.0
2025-12-30,R30,1,1,1,0,0,1.0,0.0,7.4
2025-12-31,R30,1,1,1,0,0,3.0,0.0,22.1
2026-01-02,R30,1,1,1,0,0,3.7,0.0,27.2
2026-01-05,R30,1,1,1,0,0,1.4,0.0,10.3
2026-01-07,R30,1,1,1,0,0,5.1,0.0,37.5
2026-01-08,R30,1,1,1,0,0,0.5,0.0,3.7
2026-01-09,R30,1,1,1,0,0,2.2,0.0,16.2
2026-01-12,R30,1,1,1,0,0,1.7,0.0,12.5
2026-01-13,R30,1,1,1,0,0,3.6,0.0,26.5
2026-01-14,R30,1,1,1,0,0,6.9,0.0,50.7
2026-01-15,R30,1,1,1,0,0,2.7,0.0,19.9
2026-01-16,R30,1,1,1,0,0,2.0,0.0,14.7
2026-01-19,R30,1,1,1,0,0,4.8,0.0,35.3
2026-01-20,R30,1,1,1,0,0,4.4,0.0,32.4
2026-01-21,R30,1,1,1,0,0,2.2,0.0,16.2
2026-01-22,R30,1,1,1,0,0,6.1,0.0,44.9
2026-01-23,R30,1,1,1,0,0,4.1,0.0,30.1
2026-01-26,R30,1,1,1,0,0,3.6,0.0,26.5
2026-01-27,R30,1,1,1,0,0,2.8,0.0,20.6
2026-01-28,R30,1,1,1,0,0,8.1,0.0,59.6
2026-01-29,R30,1,1,1,0,0,3.9,0.0,28.7
2026-01-30,R30,1,1,1,0,0,2.3,0.0,16.9
2026-02-02,R30,1,1,1,0,0,3.3,0.0,24.3
2026-02-03,R30,1,1,1,0,0,3.3,0.0,24.3
2026-02-04,R30,1,1,1,0,0,5.9,0.0,43.4
2026-02-05,R30,0,1,0,1,0,5.5,0.0,40.4
2026-02-06,R30,1,1,1,0,0,5.6,0.0,41.2
2026-02-09,R30,1,1,1,0,0,3.0,0.0,22.1
2026-02-10,R30,2,1,2,0,1,3.8,0.0,14.0
2026-02-11,R30,1,1,1,0,0,4.4,0.0,32.4
2026-02-12,R30,1,1,1,0,0,6.0,0.0,44.1
2026-02-13,R30,1,1,1,0,0,2.4,0.0,17.6
2026-02-16,R30,1,1,1,0,0,6.0,0.0,44.1
2026-02-17,R30,1,1,1,0,0,2.8,0.0,20.6
2026-02-18,R30,1,1,1,0,0,8.6,0.0,63.2
2026-02-19,R30,1,1,1,0,0,5.2,0.0,38.2
2026-02-20,R30,1,1,1,0,0,2.9,0.0,21.3
2026-02-23,R30,1,1,1,0,0,5.9,0.0,43.4
2026-02-24,R30,1,1,1,0,0,5.2,0.0,38.2
2026-02-25,R30,1,1,1,0,0,6.2,0.0,45.6
2026-02-26,R30,1,1,1,0,0,5.8,0.0,42.6
2026-02-27,R30,1,1,1,0,0,1.3,0.0,9.6
2026-03-02,R30,1,1,1,0,0,5.5,0.0,40.4
2026-03-03,R30,1,1,1,0,0,1.7,0.0,12.5
2026-03-04,R30,1,1,1,0,0,6.3,0.0,46.3
2026-03-05,R30,1,1,1,0,0,4.3,0.0,31.6
2026-03-06,R30,1,1,1,0,0,2.5,0.0,18.4
2026-03-09,R30,2,1,2,0,1,2.7,0.0,9.9
2026-03-10,R30,2,1,2,0,1,1.8,0.0,6.6
2026-03-11,R30,1,1,1,0,0,1.5,0.0,11.0
2026-03-12,R30,1,1,1,0,0,3.3,0.0,24.3
2026-03-13,R30,1,1,1,0,0,2.6,0.0,19.1
2026-03-16,R30,1,1,1,0,0,3.8,0.0,27.9
2026-03-17,R30,1,1,1,0,0,5.0,0.0,36.8
2026-03-18,R30,1,1,1,0,0,4.9,0.0,36.0
2026-03-19,R30,1,1,1,0,0,7.3,0.0,53.7
2026-03-20,R30,1,1,1,0,0,3.0,0.0,22.1
2026-03-23,R30,1,1,1,0,0,8.6,0.0,63.2
2026-03-24,R30,1,1,1,0,0,3.7,0.0,27.2
2026-03-25,R30,1,1,1,0,0,5.1,0.0,37.5
2026-03-26,R30,1,1,1,0,0,4.4,0.0,32.4
2026-03-27,R30,1,1,1,0,0,3.0,0.0,22.1
2026-03-30,R30,2,1,2,0,1,5.4,0.0,19.9
2026-03-31,R30,1,1,1,0,0,2.7,0.0,19.9
2026-04-01,R30,1,1,1,0,0,2.3,0.0,16.9
2026-04-02,R30,1,1,1,0,0,2.4,0.0,17.6
2026-04-07,R30,2,1,2,0,1,7.6,0.0,27.9
2026-04-08,R30,1,1,1,0,0,3.6,0.0,26.5
2026-04-09,R30,1,1,1,0,0,10.0,0.0,73.5
2026-04-10,R30,1,1,1,0,0,1.4,0.0,10.3
2026-04-13,R30,2,1,2,0,1,8.7,0.0,32.0
2026-04-14,R30,1,1,1,0,0,3.3,0.0,24.3
2026-04-15,R30,1,1,1,0,0,6.8,0.0,50.0
2026-04-16,R30,1,1,1,0,0,4.5,0.0,33.1
2026-04-17,R30,1,1,1,0,0,3.3,0.0,24.3
2026-04-20,R30,2,1,2,0,1,2.7,0.0,9.9
2026-04-21,R30,1,1,1,0,0,1.6,0.0,11.8
2026-04-22,R30,1,2,1,0,0,13.6,1.1,100.0
2026-04-23,R30,1,1,1,0,0,1.5,0.0,19.0
2026-04-24,R30,1,1,1,0,0,1.9,0.0,14.0
2026-04-27,R30,2,1,2,0,1,5.1,0.0,18.8
2026-04-28,R30,1,1,1,0,0,2.7,0.0,19.9
2026-04-29,R30,1,1,1,0,0,3.7,0.0,27.2
2026-04-30,R30,1,1,1,0,0,6.0,0.0,44.1
2026-05-04,R30,2,1,2,0,1,5.4,0.0,19.9
2026-05-05,R30,1,1,1,0,0,4.8,0.0,35.3
2026-05-06,R30,1,1,1,0,0,6.3,0.0,46.3
2026-05-07,R30,1,1,1,0,0,4.6,0.0,33.8
2026-05-08,R30,1,1,1,0,0,4.5,0.0,33.1
2026-05-11,R30,2,1,2,0,1,8.8,0.0,32.4
2026-05-12,R30,1,1,1,0,0,7.7,0.0,56.6
2026-05-13,R30,1,1,1,0,0,4.6,0.0,33.8
2026-05-15,R30,1,1,1,0,0,1.5,0.0,11.0
2026-05-18,R30,2,1,2,0,1,9.1,0.0,33.5
2026-05-19,R30,1,1,1,0,0,3.5,0.0,25.7
2026-05-20,R30,1,1,1,0,0,1.0,0.0,7.4
2026-05-21,R30,1,1,1,0,0,6.1,0.0,44.9
2026-05-22,R30,1,1,1,0,0,2.9,0.0,21.3
2026-05-26,R30,1,1,1,0,0,7.5,0.0,55.1
2026-05-27,R30,1,1,1,0,0,9.3,0.0,68.4
2026-05-28,R30,1,1,1,0,0,1.8,0.0,13.2
2026-05-29,R30,1,1,1,0,0,3.6,0.0,26.5
2026-06-01,R30,1,1,1,0,0,3.8,0.0,27.9
2026-06-02,R30,2,1,2,0,1,4.0,0.0,14.7
2026-06-03,R30,1,1,1,0,0,5.0,0.0,36.8
2026-06-05,R30,1,1,1,0,0,4.0,0.0,29.4
2026-06-08,R30,1,1,1,0,0,10.5,0.0,77.2
2026-06-09,R30,1,1,1,0,0,5.1,0.0,37.5
2026-06-10,R30,1,1,1,0,0,5.1,0.0,37.5
2026-06-11,R30,1,1,1,0,0,4.9,0.0,36.0
2026-06-12,R30,1,1,1,0,0,1.5,0.0,11.0
2026-06-15,R30,1,1,1,0,0,2.3,0.0,16.9
2026-06-16,R30,1,1,1,0,0,3.1,0.0,22.8
2026-06-17,R30,1,1,1,0,0,6.0,0.0,44.1
2026-06-18,R30,1,1,1,0,0,3.5,0.0,25.7
2026-06-19,R30,0,1,0,0,0,1.7,1.7,0.0
2026-06-22,R30,1,1,1,0,0,6.9,0.0,50.7
2026-06-23,R30,1,1,1,0,0,7.4,0.0,54.4
2026-06-24,R30,1,1,1,0,0,3.2,0.0,23.5
2026-06-25,R30,1,1,1,0,0,5.8,0.0,42.6
2026-06-26,R30,1,1,1,0,0,2.2,0.0,16.2
2026-06-29,R30,1,1,1,0,0,4.0,0.0,29.4
2026-06-30,R30,1,1,1,0,0,7.1,0.0,52.2
2026-07-01,R30,1,1,1,0,0,4.9,0.0,36.0
2026-07-02,R30,1,1,1,0,0,2.4,0.0,17.6
2026-07-03,R30,1,1,1,0,0,6.0,0.0,44.1
2026-07-06,R30,2,1,2,0,1,2.6,0.0,9.6
2026-07-07,R30,1,1,1,0,0,2.9,0.0,21.3
2026-07-08,R30,1,1,1,0,0,10.0,0.0,73.5
2026-07-09,R30,1,1,1,0,0,5.9,0.0,43.4
2026-07-10,R30,1,1,1,0,0,4.1,0.0,30.1
2026-07-13,R30,1,1,1,0,0,2.5,0.0,18.4
2026-07-14,R30,1,1,1,0,0,4.8,0.0,35.3
2026-07-15,R30,1,1,1,0,0,10.4,0.0,76.5
2026-07-16,R30,1,1,1,0,0,2.6,0.0,19.1
2026-07-17,R30,1,1,1,0,0,4.2,0.0,30.9
2026-07-20,R30,2,1,2,0,1,9.1,0.0,33.5
2026-07-21,R30,1,1,1,0,0,5.9,0.0,43.4
2026-07-22,R30,2,1,2,0,1,4.8,0.0,17.6
2026-07-23,R30,2,1,2,0,1,5.5,0.0,20.2
2026-07-24,R30,1,1,1,0,0,5.5,0.0,40.4
2026-07-27,R30,1,1,1,0,0,8.0,0.0,58.8
2026-07-28,R30,1,1,1,0,0,2.5,0.0,18.4
2026-07-29,R30,1,1,1,0,0,1.4,0.0,10.3
2026-07-30,R30,1,1,1,0,0,1.7,0.0,12.5
2026-07-31,R30,1,1,1,0,0,7.0,0.0,51.5
2026-08-03,R30,2,1,2,0,1,4.7,0.0,17.3
2026-08-04,R30,1,1,1,0,0,1.9,0.0,14.0
2026-08-05,R30,1,1,1,0,0,1.0,0.0,7.4
2026-08-06,R30,1,1,1,0,0,2.8,0.0,20.6
2026-08-07,R30,1,1,1,0,0,3.3,0.0,24.3
2026-08-10,R30,1,1,1,0,0,1.8,0.0,13.2
2026-08-11,R30,1,1,1,0,0,2.6,0.0,19.1
2026-08-12,R30,1,1,1,0,0,6.5,0.0,47.8
2026-08-13,R30,1,1,1,0,0,2.9,0.0,21.3
2026-08-14,R30,1,1,1,0,0,2.4,0.0,17.6
2026-08-17,R30,1,1,1,0,0,2.3,0.0,16.9
2026-08-18,R30,1,1,1,0,0,0.9,0.0,6.6
2026-08-19,R30,1,1,1,0,0,3.0,0.0,22.1
2026-08-20,R30,1,1,1,0,0,2.7,0.0,19.9
2026-08-21,R30,1,1,1,0,0,4.6,0.0,33.8
2026-08-24,R30,1,1,1,0,0,1.7,0.0,12.5
2026-08-25,R30,2,1,2,0,1,5.1,0.0,18.8
2026-08-26,R30,1,1,1,0,0,2.3,0.0,16.9
2026-08-27,R30,1,1,1,0,0,3.9,0.0,28.7
2026-08-28,R30,1,1,1,0,0,5.7,0.0,41.9
2026-08-31,R30,2,1,2,0,1,5.2,0.0,19.1
